-1.000000000000000000e+00,-9.525444716266324996e-02,1.989865291579252238e-01,-1.731883822731999228e-02,1.896431877602808014e-01,-8.378176715473069358e-02,-1.285361410549031892e-03,4.113912740241695842e-02,8.413386475362559791e-01,1.424238559937525128e-01,2.604970458279930456e-01,-6.418103935917827130e-01,-5.184558697879971811e-01,2.456474528245964351e+00,9.589061589261513308e-02,5.876312640240939113e-03,-2.612319039203390147e-01,-1.614469849739741045e-02,-6.161429846197061799e-01,-2.891457955337174424e-01,2.420870983661144726e-01,7.010920212317351963e-01,-1.402086109857668128e-01,1.982791366239738950e-01,7.345341057086132719e-02,-2.505027633525359898e-02
0.000000000000000000e+00,-9.525444716266324996e-02,1.988451478631216018e-01,-1.731883822731999228e-02,1.896431877602808014e-01,-8.676322525168958522e-02,-1.266948067605827783e-03,4.113912740241695842e-02,8.442000601589024766e-01,1.416425232095656073e-01,2.588479685140551712e-01,-6.406066172227352640e-01,-5.184558697879971811e-01,2.456474528245964351e+00,9.589061589261513308e-02,5.646174112070519863e-03,-2.630515514098655805e-01,-1.614469849739741045e-02,-6.161429846197061799e-01,-2.891457955337174424e-01,2.402202394474810265e-01,7.012510439019143949e-01,-1.402086109857668128e-01,1.982791366239738950e-01,7.345341057086132719e-02,-2.495261851067051215e-02
1.000000000000000000e+02,-9.525444716266324996e-02,1.988451478631216018e-01,-1.731883822731999228e-02,1.896431877602807736e-01,-8.676322525168958522e-02,-1.312186076721425128e-03,4.113912740241695842e-02,8.442000601589025877e-01,1.416425232095656350e-01,2.588479685140551712e-01,-6.384356327082959526e-01,-5.184558697879971811e-01,2.456474528245964795e+00,9.580520345104603930e-02,3.955586026126237109e-03,-2.602799603859478061e-01,-1.614469849739741045e-02,-6.161429846197061799e-01,-3.469707070479916555e-01,2.493300414303223356e-01,7.934679111147534547e-01,-1.406433721779861701e-01,1.982791366239738950e-01,7.345341057086132719e-02,-2.505027633525359898e-02
2.000000000000000000e+02,-7.847429982035696028e-02,2.025264267418434572e-01,-1.738194074724299515e-02,1.896431877602807736e-01,-8.676322525168958522e-02,-8.346922152930410415e-04,4.113912740241695842e-02,8.442000601589025877e-01,1.416425232095656350e-01,2.125824881625644480e-01,-6.432168398217613658e-01,-5.184558697879971811e-01,2.456474528245964795e+00,1.070687705142887025e-01,3.964103516127599064e-03,-2.206268279082974348e-01,-1.614469849739741045e-02,-6.161429846197061799e-01,-2.879222684432614088e-01,2.579286656227061103e-01,6.986622849683848946e-01,-1.402086109857668128e-01,1.982791366239738950e-01,7.345341057086132719e-02,-2.505027633525359898e-02
3.000000000000000000e+02,-7.847429982035696028e-02,2.318403391680450565e-01,-1.731883822731999228e-02,1.896431877602807736e-01,-8.676322525168958522e-02,-8.346922152930410415e-04,4.113912740241695842e-02,8.442000601589025877e-01,1.416425232095656350e-01,2.021720328427567548e-01,-7.059979675038198232e-01,-5.184558697879971811e-01,2.456474528245964795e+00,1.070687705142887025e-01,3.993586435016435558e-03,-1.368537199237724600e-01,-1.614469849739741045e-02,-3.793382076103392064e-01,-2.891457955337174424e-01,1.994425473159327222e-01,8.846016310455946385e-01,-1.402086109857668128e-01,1.982791366239738950e-01,9.873424714169816430e-02,-2.515026147440609094e-02
4.000000000000000000e+02,-7.847429982035696028e-02,2.318403391680450565e-01,-1.734690233643539081e-02,1.825112858714615649e-01,-8.676322525168958522e-02,-8.346922152930410415e-04,4.113912740241695842e-02,8.442000601589025877e-01,1.416425232095656350e-01,1.997119397744434588e-01,-6.509037759232320086e-01,-5.206435372515801907e-01,2.456474528245964795e+00,1.070687705142887025e-01,3.978050068646174151e-03,-1.364687680569996731e-01,-1.614469849739741045e-02,-3.793382076103392064e-01,-2.891457955337174424e-01,1.626520084307060965e-01,9.359469889822672473e-01,-1.402086109857668128e-01,1.982791366239738950e-01,1.059573433047944074e-01,-1.771457665377280249e-02
5.000000000000000000e+02,-5.997156130549009118e-02,2.409432361301258874e-01,-1.401297320513685690e-02,1.939145996906028180e-01,-8.643493987876464668e-02,-7.884990732998091618e-04,4.113912740241695842e-02,8.442000601589025877e-01,1.416425232095656350e-01,1.906793008204888951e-01,-6.487029049565786742e-01,-5.184558697879971811e-01,2.456474528245964795e+00,1.070687705142887025e-01,3.762289659131543441e-03,-1.368537199237724600e-01,-1.614469849739741045e-02,-3.792896608560969440e-01,-3.943356255871527938e-01,1.555690366206893827e-01,1.300298348313259744e+00,-1.402086109857668128e-01,1.979553715080010767e-01,1.020817081766448448e-01,-1.771457665377280249e-02
6.000000000000000000e+02,-5.980614600412436505e-02,2.409432361301258874e-01,-1.401297320513685690e-02,1.939145996906028180e-01,-8.676322525168958522e-02,-5.863616023742913765e-04,4.113912740241695842e-02,8.442000601589025877e-01,1.416425232095656350e-01,2.924360774578313449e-01,-4.863804258951047732e-01,-5.184558697879971811e-01,2.456474528245964795e+00,1.070687705142887025e-01,4.372728949444861478e-03,-1.368537199237724600e-01,-1.614469849739741045e-02,-3.793382076103392064e-01,-3.943356255871527938e-01,1.922628344178677340e-01,1.300298348313259744e+00,-1.402086109857668128e-01,2.195077752381041636e-01,1.017173185992803486e-01,-1.903289375657367041e-02
7.000000000000000000e+02,-7.073852212510096937e-02,2.409432361301258874e-01,-1.401297320513685690e-02,1.939145996906028180e-01,-8.655676223263771007e-02,-8.347600342540757419e-04,4.113912740241695842e-02,8.442000601589025877e-01,1.416425232095656350e-01,2.934657975784872308e-01,-4.440813387710418336e-01,-5.184558697879971811e-01,2.456474528245964795e+00,1.070687705142887025e-01,3.964103516127599064e-03,-1.368537199237724600e-01,-1.614469849739741045e-02,-3.793382076103392064e-01,-3.943356255871527938e-01,2.403105171893163139e-01,1.300298348313259744e+00,-1.492909084041647572e-01,2.195077752381041636e-01,1.015960107103300036e-01,-1.899363473183585463e-02
8.000000000000000000e+02,-7.073852212510096937e-02,2.409432361301258874e-01,-1.405933207595336416e-02,1.939145996906028180e-01,-9.924537680828589281e-02,-8.317725870097336183e-04,4.113912740241695842e-02,8.442000601589025877e-01,1.145395809768447459e-01,2.919486153694268449e-01,-4.026266154736857228e-01,-5.205505654820744565e-01,2.456474528245964795e+00,1.070687705142887025e-01,3.964103516127599064e-03,-1.240870968711249994e-01,-1.614469849739741045e-02,-3.793382076103392064e-01,-3.943356255871527938e-01,2.405881600083324967e-01,1.300298348313259744e+00,-1.402086109857668128e-01,2.195077752381041636e-01,1.013210354072248548e-01,-1.904464963262819666e-02
9.000000000000000000e+02,-7.359504201542170498e-02,2.409432361301258874e-01,-1.401297320513685690e-02,1.939145996906028180e-01,-9.866967875479726313e-02,-8.324482109222084737e-04,4.113912740241695842e-02,8.442000601589025877e-01,1.145395809768447459e-01,2.902120072106170734e-01,-4.026266154736857228e-01,-5.184558697879971811e-01,2.456474528245964795e+00,1.066303239162308680e-01,3.710449913245296872e-03,-1.317621035094645454e-01,-1.614469849739741045e-02,-3.793382076103392064e-01,-3.943356255871527938e-01,2.281032414214639592e-01,1.300298348313259744e+00,-1.402086109857668128e-01,2.206052149771615956e-01,1.015960107103300036e-01,-2.796350215291600397e-02
1.000000000000000000e+03,-7.073852212510096937e-02,2.409432361301258874e-01,-1.401297320513685690e-02,1.939145996906028180e-01,-5.843609214915452404e-02,-8.102041474115169364e-04,4.128187825665753652e-02,8.442000601589025877e-01,1.145395809768447459e-01,2.916994366020923546e-01,-5.383275441823991425e-01,-5.184558697879971811e-01,2.456474528245964795e+00,1.070687705142887025e-01,3.940684800806274445e-03,-1.942046487047909831e-01,-1.614469849739741045e-02,-3.793382076103392064e-01,-3.943356255871527938e-01,2.377848215371227147e-01,1.500689917468915890e+00,-1.398138840580978870e-01,2.195077752381041636e-01,1.015960107103300036e-01,-2.796350215291600397e-02
1.100000000000000000e+03,-7.106407754250237963e-02,2.409432361301258874e-01,-1.401297320513685690e-02,1.939145996906028180e-01,-5.864993487241265679e-02,-3.526137484373523430e-04,4.099575973508855220e-02,8.442000601589025877e-01,9.927812601860422359e-02,2.912632989408024953e-01,-4.994697406387339500e-01,-5.184558697879971811e-01,2.456474528245964795e+00,1.070687705142887025e-01,3.963164590773371118e-03,-1.933195661050935710e-01,-1.614469849739741045e-02,-3.793382076103392064e-01,-3.943356255871527938e-01,3.155186924849821550e-01,1.500689917468915890e+00,-1.402086109857668128e-01,2.195077752381041636e-01,1.015960107103300036e-01,-2.796350215291600397e-02
1.200000000000000000e+03,-7.208549356710861056e-02,2.409432361301258874e-01,-1.401297320513685690e-02,1.939145996906028180e-01,-3.839845675808319092e-02,-4.927528110853139848e-04,4.113912740241695842e-02,5.967962739980501308e-01,9.927812601860422359e-02,2.908418704717291581e-01,-5.642549718751024290e-01,-5.184558697879971811e-01,2.456474528245964795e+00,1.070687705142887025e-01,4.053101486471350108e-03,-2.562087853186885145e-01,-1.614469849739741045e-02,-3.793382076103392064e-01,-3.943356255871527938e-01,3.172241231656196536e-01,1.500689917468915890e+00,-1.395980857196161828e-01,1.337947073966471723e-01,9.812111687406310789e-02,-2.796350215291600397e-02
1.300000000000000000e+03,-7.073852212510096937e-02,2.409432361301258874e-01,-1.401297320513685690e-02,1.939145996906028180e-01,-2.712050006114705494e-02,-4.927528110853139848e-04,4.113912740241695842e-02,5.975267796523954233e-01,9.927812601860422359e-02,2.723495147540005989e-01,-5.383275441823991425e-01,-5.184558697879971811e-01,7.978151680259525369e-01,1.070687705142887025e-01,4.045648969961943876e-03,-2.562087853186885145e-01,-1.614469849739741045e-02,-3.793382076103392064e-01,-3.943356255871527938e-01,3.172241231656196536e-01,2.025359020437510704e+00,-1.402086109857668128e-01,1.229210262060790593e-01,1.015960107103300036e-01,-3.019770707199716936e-02
1.400000000000000000e+03,-7.073852212510096937e-02,2.409432361301258874e-01,-1.447988755495442301e-02,1.939145996906028180e-01,-2.626989273258983557e-02,-6.227256674062613042e-04,4.113912740241695842e-02,5.967962739980501308e-01,9.927812601860422359e-02,3.764781640991736733e-01,-5.383275441823991425e-01,-7.604328743939565705e-01,9.198745830362846654e-01,1.070687705142887025e-01,4.053101486471350108e-03,-1.393427002858334540e-01,-1.614469849739741045e-02,-3.793382076103392064e-01,-3.943356255871527938e-01,3.180092833842012023e-01,2.330568621609842683e+00,-1.402086109857668128e-01,1.086830455367818055e-01,1.015960107103300036e-01,-3.019770707199716936e-02
1.500000000000000000e+03,-9.418204681372442655e-02,2.409432361301258874e-01,-1.401297320513685690e-02,1.939145996906027902e-01,-1.946503410413208401e-02,-6.117374555544439953e-04,4.113912740241695842e-02,5.967962739980501308e-01,9.927812601860423747e-02,2.805974968814730075e-01,-3.422607737479319567e-01,-7.591110230548310245e-01,9.198745830362846654e-01,1.070687705142887025e-01,4.553860563828298139e-03,-1.399703014839668025e-01,-1.614469849739741045e-02,-3.793382076103392064e-01,-3.943356255871527938e-01,2.797850475352181565e-01,2.330568621609842683e+00,-1.339082961939224159e-01,1.486663989588274115e-01,1.015960107103300175e-01,-3.019770707199716936e-02
1.600000000000000000e+03,-9.418204681372442655e-02,2.404919796666719345e-01,-1.401297320513685690e-02,2.766419964776525853e-01,-1.956240874710503744e-02,-3.569543416668995097e-04,4.113912740241695842e-02,5.992819612967109633e-01,9.927812601860422359e-02,2.805974968814730075e-01,-3.422607737479319567e-01,-7.604328743939565705e-01,9.198745830362846654e-01,1.070687705142887025e-01,3.407737274884510212e-03,-1.393427002858334540e-01,-1.614469849739741045e-02,-3.793382076103392064e-01,-3.943356255871527938e-01,3.816621396709956593e-01,2.323044361545194114e+00,-1.789279727769961248e-01,1.561190068609387416e-01,1.015960107103300036e-01,-4.018496700962615603e-02
1.700000000000000000e+03,-9.418204681372442655e-02,2.409432361301258874e-01,-1.401297320513685690e-02,2.147534404392245910e-01,-1.946503410413208401e-02,-3.643647700812102218e-04,4.113912740241695842e-02,5.967962739980501308e-01,9.927812601860423747e-02,2.815522163809295320e-01,-3.666893360790972611e-01,-7.604328743939565705e-01,9.198745830362846654e-01,1.070687705142887025e-01,3.266803108805024433e-03,-1.393427002858334540e-01,-1.614469849739741045e-02,-3.793382076103392064e-01,-3.943356255871527938e-01,3.312384873800565122e-01,2.330568621609842683e+00,-1.627065555139034503e-01,1.373237776998746662e-01,1.015960107103300175e-01,-4.018496700962615603e-02
1.800000000000000000e+03,-1.329143443865757057e-01,1.776817016385956738e-01,-6.503600356445339396e-03,2.147534404392245910e-01,-1.946503410413208401e-02,-2.024228882225555725e-04,5.308370696321507848e-02,5.967962739980501308e-01,9.927812601860422359e-02,2.792940279230768374e-01,-2.626866704148148046e-01,-7.604328743939565705e-01,9.198745830362846654e-01,8.230791268306635045e-02,3.029371279294760817e-03,-1.164580986376091976e-01,-1.614469849739741045e-02,-3.793382076103392064e-01,-3.943356255871527938e-01,2.832858397376273318e-01,2.330568621609842683e+00,-1.627065555139034503e-01,1.371561765172675529e-01,1.015960107103300036e-01,-4.018496700962615603e-02
1.900000000000000000e+03,-1.328269350028069284e-01,1.776817016385956738e-01,-6.503600356445339396e-03,2.147534404392245910e-01,-1.946503410413208401e-02,-2.021422914228018959e-04,5.308370696321507848e-02,5.967962739980501308e-01,9.927812601860422359e-02,3.492362666240229063e-01,-2.533331791988486792e-01,-7.604328743939565705e-01,9.198745830362846654e-01,6.992748376745508421e-02,2.298846480036459590e-03,-1.428904020276164366e-01,-1.614469849739741045e-02,-3.793382076103392064e-01,-3.943356255871527938e-01,2.832530570272133175e-01,2.599880178484589521e+00,-1.627065555139034503e-01,1.371561765172675529e-01,9.617642337661552743e-02,-4.018496700962615603e-02
2.000000000000000000e+03,-1.329143443865757057e-01,1.776817016385956738e-01,-6.499073049187367897e-03,2.147534404392245910e-01,-1.946763507140923319e-02,-1.356232174510087229e-04,5.308370696321507848e-02,5.967962739980501308e-01,9.927812601860422359e-02,3.391027101140600686e-01,-2.680802947132850944e-01,-6.020993583953554440e-01,9.198745830362846654e-01,6.992748376745508421e-02,3.307677644499650450e-03,-1.481881869754726189e-01,-1.614469849739741045e-02,-3.793382076103392064e-01,-3.943356255871527938e-01,2.832530570272133175e-01,2.599880178484589521e+00,-1.627065555139034503e-01,1.371561765172675529e-01,1.015960107103300036e-01,-4.005602663776751393e-02
2.100000000000000000e+03,-1.333034745845299018e-01,1.776817016385956738e-01,-6.482906686762385760e-03,2.147534404392245910e-01,-1.946503410413208401e-02,-2.013753249403941743e-04,5.308370696321507848e-02,6.190906068276558205e-01,9.927812601860422359e-02,3.492362666240229063e-01,-1.463690163105725306e-01,-6.020993583953554440e-01,9.198745830362846654e-01,6.992748376745508421e-02,3.141444683293260261e-03,-1.481881869754726189e-01,-1.698114429204217526e-02,-3.793382076103392064e-01,-3.943356255871527938e-01,3.413474218809333660e-01,2.599880178484589521e+00,-1.628729475349803002e-01,1.371561765172675529e-01,1.015087749665374989e-01,-4.018496700962615603e-02
2.200000000000000000e+03,-1.391824073567478615e-01,1.776817016385956738e-01,-6.503600356445338529e-03,3.108493785253291786e-01,-1.946503410413208401e-02,-1.567870802238510285e-04,5.308370696321507848e-02,5.967962739980501308e-01,9.927812601860423747e-02,3.582140941398072598e-01,-8.803792242776435628e-02,-6.020993583953554440e-01,9.198745830362846654e-01,6.985768540681562555e-02,3.194683246337349201e-03,-1.483686919006165505e-01,-1.614469849739741045e-02,-3.793382076103392064e-01,-3.943356255871527938e-01,4.455115154786193910e-01,2.599880178484589521e+00,-1.370760139762287055e-01,1.371561765172675529e-01,1.130550501627152898e-01,-4.020474020139616633e-02
2.300000000000000000e+03,-1.329143443865757057e-01,1.738930257956723402e-01,-6.503600356445339396e-03,3.108493785253291786e-01,-1.946503410413208401e-02,-1.031461869540599988e-04,5.308370696321507848e-02,5.967962739980501308e-01,9.897339427707516069e-02,4.310374537576555642e-01,-8.425394583565531947e-02,-6.025587703301181763e-01,7.614004166641181737e-01,6.992748376745508421e-02,3.078392123538803860e-03,-1.478522392450178913e-01,-1.614469849739741045e-02,-3.793382076103392064e-01,-3.943356255871527938e-01,5.372261212379328965e-01,2.599880178484589521e+00,-1.370760139762287055e-01,1.371561765172675529e-01,1.130550501627152898e-01,-4.018496700962615603e-02
2.400000000000000000e+03,-1.326547293728076726e-01,1.738930257956723402e-01,-6.503600356445339396e-03,3.108493785253291786e-01,-1.944291793452703615e-02,-1.031461869540599988e-04,5.308370696321507848e-02,5.967962739980501308e-01,9.927812601860422359e-02,4.333241710051634055e-01,-8.983932540385350385e-02,-6.020993583953554440e-01,7.614004166641181737e-01,6.992748376745508421e-02,1.852396769170962893e-03,-1.481881869754726189e-01,-1.614469849739741045e-02,-3.793382076103392064e-01,-3.943356255871527938e-01,5.096109234658490195e-01,2.599880178484589521e+00,-1.370760139762287055e-01,1.371561765172675529e-01,1.130550501627152898e-01,-4.082841783990967532e-02
2.500000000000000000e+03,-1.843951182704799685e-01,1.798228487132507158e-01,-6.426661545911404802e-03,3.108493785253291786e-01,-1.955048883954685346e-02,-4.733584193314299481e-05,5.308370696321507848e-02,5.967962739980501308e-01,9.927812601860422359e-02,5.557988791524390848e-01,-8.983932540385350385e-02,-6.195610776027703492e-01,7.614004166641181737e-01,6.992748376745508421e-02,1.852396769170962893e-03,-1.459482366132034137e-01,-1.614469849739741045e-02,-3.793382076103392064e-01,-3.943356255871527938e-01,5.137962107719420413e-01,2.597395360870736969e+00,-1.370760139762287055e-01,1.377742421720098698e-01,1.468919020152476829e-01,-4.090304457771135049e-02
2.600000000000000000e+03,-1.843951182704799685e-01,1.735558511204870757e-01,-6.503600356445339396e-03,3.508489744595266746e-01,-1.946503410413208401e-02,-4.157783306238927275e-05,5.308370696321507848e-02,5.680671437064147566e-01,9.896168657804910174e-02,2.450006442354312197e-01,-9.009111444210242403e-02,-7.592548312620893691e-01,7.614004166641181737e-01,6.992748376745508421e-02,1.849853663883418336e-03,-8.282935374009232909e-02,-1.615633936749512681e-02,-3.793382076103392064e-01,-3.943356255871527938e-01,6.135752729725045818e-01,2.599880178484589521e+00,-1.370760139762287055e-01,1.371561765172675529e-01,1.511017561253280572e-01,-4.036541111089337469e-02
2.700000000000000000e+03,-1.843951182704799685e-01,1.738930257956723402e-01,-6.503600356445339396e-03,4.308481663279216112e-01,-1.946503410413208401e-02,-4.606294981135456064e-05,5.308370696321507848e-02,5.680671437064147566e-01,9.927812601860422359e-02,1.536722756477272300e-01,-8.959946864079632034e-02,-7.592548312620893691e-01,7.591885426106076418e-01,6.972435578757206487e-02,1.798026787947804971e-03,-4.209911402773201805e-02,-1.614469849739741045e-02,-3.793382076103392064e-01,-3.943356255871527938e-01,8.421147799813876178e-01,2.599880178484589521e+00,-1.370760139762287055e-01,1.371561765172675529e-01,1.511215084968142441e-01,-4.090304457771135049e-02
2.800000000000000000e+03,-1.843951182704799685e-01,1.738930257956723402e-01,-6.503600356445339396e-03,4.308481663279216112e-01,-1.946503410413208401e-02,-4.507067960835982979e-05,5.308370696321507848e-02,5.680671437064147566e-01,9.927812601860422359e-02,1.449874283107232542e-01,-8.992763044601716216e-02,-7.891420102348517540e-01,7.614004166641181737e-01,6.992748376745508421e-02,1.852396769170962893e-03,-4.181243779482643474e-02,-1.614469849739741045e-02,-3.793382076103392064e-01,-3.943356255871527938e-01,1.038761249778075157e+00,2.599880178484589521e+00,-1.370760139762287055e-01,1.371561765172675529e-01,1.511215084968142441e-01,-4.094059218670999950e-02
2.900000000000000000e+03,-1.846823481324407490e-01,1.738930257956723402e-01,-6.503600356445339396e-03,4.308481663279216112e-01,-1.946503410413208401e-02,-5.013898847358495982e-05,5.308370696321507848e-02,5.680671437064147566e-01,9.927812601860422359e-02,9.109843299899922364e-02,-8.948392883259462249e-02,-7.592548312620893691e-01,7.584386234209378186e-01,6.992748376745508421e-02,1.855632540955218842e-03,-2.673801350729130416e-02,-1.614469849739741045e-02,-3.793382076103392064e-01,-3.847539367088749773e-01,1.151748893870908619e+00,2.600667438482778149e+00,-1.370760139762287055e-01,1.374016126682927885e-01,1.511215084968142441e-01,-4.090304457771135049e-02
3.000000000000000000e+03,-1.843951182704799685e-01,1.738930257956723402e-01,-6.530835828412702611e-03,4.308481663279216112e-01,-1.952498573112318794e-02,-3.288019949014712914e-05,5.308370696321507848e-02,6.866510484853938223e-01,1.139621709307798159e-01,9.104459450054246117e-02,-8.983932540385350385e-02,-7.590096152525617201e-01,7.614004166641181737e-01,6.992748376745508421e-02,7.096354275412601175e-04,-2.186490633841360262e-02,-1.614469849739741045e-02,-3.919428740824482671e-01,-2.851374789975431034e-01,7.747404641528983227e-01,2.533992788177998001e+00,-1.370760139762287055e-01,1.371561765172675529e-01,9.598857797508768275e-02,-4.090304457771135049e-02
3.100000000000000000e+03,-1.803585292098618398e-01,1.736441226149619821e-01,-6.503600356445339396e-03,4.308481663279216112e-01,-1.475053632840313787e-02,-2.684618930768477955e-05,5.308370696321507848e-02,5.680671437064147566e-01,9.927812601860422359e-02,9.100664684589966635e-02,-6.653031771721450160e-02,-7.592548312620893691e-01,7.614004166641181737e-01,6.992748376745508421e-02,9.403535976422866798e-04,-1.945214377498695468e-02,-1.614469849739741045e-02,-3.793382076103392064e-01,-3.847539367088749773e-01,6.441090399468725192e-01,2.006893665725272502e+00,-1.370760139762287055e-01,1.371561765172675529e-01,9.598857797508768275e-02,-5.363120486531072761e-02
3.200000000000000000e+03,-1.803585292098618398e-01,1.181690519106444598e-01,-6.503600356445339396e-03,4.308481663279216112e-01,-1.504422120263174817e-02,-2.684618930768477955e-05,5.308370696321507848e-02,5.680671437064147566e-01,9.927812601860422359e-02,9.268287351539664098e-02,-4.792682892688527457e-02,-7.592548312620893691e-01,7.614004166641181737e-01,6.992748376745508421e-02,9.403535976422866798e-04,-2.192831091819517908e-02,-1.614469849739741045e-02,-3.793382076103392064e-01,-3.847539367088749773e-01,6.233022376390066066e-01,2.006893665725272502e+00,-1.373311926984345510e-01,1.371561765172675529e-01,9.810281674400921081e-02,-5.140227424414422347e-02
3.300000000000000000e+03,-1.803585292098618398e-01,1.022479165149221547e-01,-6.503600356445339396e-03,4.308481663279216112e-01,-1.225903844643358963e-02,-3.490770456085943942e-05,5.308370696321507848e-02,5.680671437064147566e-01,9.927812601860422359e-02,9.224914371008240133e-02,-3.704290445782331548e-02,-7.592548312620893691e-01,7.614004166641181737e-01,6.992748376745508421e-02,1.112364690968568404e-03,-2.184164301574162068e-02,-1.614469849739741045e-02,-3.793382076103392064e-01,-3.847539367088749773e-01,6.249222815418689070e-01,2.006893665725272502e+00,-1.370760139762287055e-01,1.371561765172675529e-01,9.598857797508768275e-02,-5.132833389195675527e-02
3.400000000000000000e+03,-9.820022497451089127e-02,1.022479165149221547e-01,-5.153250743348771271e-03,4.308481663279216112e-01,-1.240072798250716098e-02,-3.495147805791444680e-05,5.308370696321507848e-02,5.680671437064147566e-01,9.927812601860422359e-02,8.345242564026401910e-02,-3.700487421201254651e-02,-7.592548312620893691e-01,6.048228251227086849e-01,6.992748376745508421e-02,1.331549427538110397e-03,-2.192831091819517908e-02,-1.614469849739741045e-02,-3.793382076103392064e-01,-3.847539367088749773e-01,6.249222815418689070e-01,2.571741389033837422e+00,-1.370760139762287055e-01,1.371561765172675529e-01,9.598857797508768275e-02,-5.178393798767464556e-02
3.500000000000000000e+03,-9.783998146205818980e-02,1.022479165149221547e-01,-3.465313726978074774e-03,4.308481663279216112e-01,-1.226348696568440103e-02,-1.766886952929679552e-05,5.308370696321507848e-02,5.680671437064147566e-01,9.927812601860422359e-02,6.708963925567405784e-02,-3.699929753745927197e-02,-7.592548312620893691e-01,7.614004166641181737e-01,6.992748376745508421e-02,1.328394307986503157e-03,-3.495177989956244069e-02,-1.614469849739741045e-02,-2.960869378658867457e-01,-3.847539367088749773e-01,6.277582380615089885e-01,2.501691370529072866e+00,-1.368347297019305298e-01,1.371561765172675529e-01,9.594153801508238655e-02,-5.140227424414422347e-02
3.600000000000000000e+03,-6.179617556559959674e-02,1.022479165149221547e-01,-3.465313726978074774e-03,4.308481663279216112e-01,-1.227888825869428643e-02,-1.759900634140341427e-05,5.308370696321507848e-02,5.680671437064147566e-01,9.927812601860422359e-02,7.250749438864868834e-02,-3.704290445782331548e-02,-7.592548312620893691e-01,9.617359326207229886e-01,6.992748376745508421e-02,1.332042551655559853e-03,-3.261394452551470008e-02,-1.614469849739741045e-02,-2.960869378658867457e-01,-3.847539367088749773e-01,7.269152389134528880e-01,2.501691370529072866e+00,-1.359902347418873447e-01,1.371561765172675529e-01,9.649998972016732290e-02,-5.140227424414422347e-02
3.700000000000000000e+03,-5.660510093290503641e-02,1.024445164899310534e-01,-3.781784705288556130e-03,4.308481663279216112e-01,-1.202708797562658527e-02,-1.766886952929679552e-05,5.308370696321507848e-02,5.680671437064147566e-01,9.927812601860422359e-02,8.456339362237021151e-02,-4.048111874808410504e-02,-7.592548312620893691e-01,8.459787694759204335e-01,7.001132266854233344e-02,1.332042551655559853e-03,-2.719197499936999718e-02,-1.614469849739741045e-02,-2.960869378658867457e-01,-3.847539367088749773e-01,7.267226026284040463e-01,2.501691370529072866e+00,-1.359902347418873447e-01,1.371561765172675529e-01,9.603977358898571626e-02,-5.047101170396668668e-02
3.800000000000000000e+03,-6.974673138703212094e-02,1.022479165149221547e-01,-3.781784705288556130e-03,5.933036781876930288e-01,-1.225903844643358963e-02,-1.548249109695898560e-05,5.308370696321507848e-02,5.674757457990408094e-01,9.927812601860422359e-02,7.039714251575301951e-02,-5.753515081106693602e-02,-7.592548312620893691e-01,8.459787694759204335e-01,6.992748376745508421e-02,1.628279701382331609e-03,-2.719197499936999718e-02,-1.614469849739741045e-02,-2.960869378658867457e-01,-3.847539367088749773e-01,6.611879313871428243e-01,2.501691370529072866e+00,-1.537005419148589624e-01,1.371774673177496018e-01,9.598857797508768275e-02,-5.047101170396668668e-02
3.900000000000000000e+03,-6.346816868684346247e-02,1.022479165149221547e-01,-1.905799181567662285e-03,5.933036781876930288e-01,-1.225903844643358963e-02,-1.238067514413306246e-05,5.308370696321507848e-02,5.680671437064147566e-01,9.927812601860422359e-02,7.040005349159603187e-02,-5.167831503710669516e-02,-9.760471498056264572e-01,8.459787694759204335e-01,5.262811628591188007e-02,1.628279701382331609e-03,-3.209704820507905398e-02,-1.656421447787044185e-02,-2.960869378658867457e-01,-3.847539367088749773e-01,6.849820499537409013e-01,2.396503892580551298e+00,-1.537005419148589624e-01,1.371561765172675529e-01,9.598857797508768275e-02,-5.047101170396668668e-02
4.000000000000000000e+03,-5.091104328646613858e-02,1.109641971977735897e-01,-1.897697679448665572e-03,5.933036781876930288e-01,-1.225903844643358963e-02,-1.873484534980417545e-05,5.308370696321507848e-02,5.680671437064147566e-01,9.927812601860423747e-02,7.049849762071656867e-02,-5.165349586950549604e-02,-9.959805100539645961e-01,8.459787694759204335e-01,5.262811628591188007e-02,1.939122694385255613e-03,-4.713939778473762859e-02,-1.740324643881650812e-02,-2.960869378658867457e-01,-4.166003666367499858e-01,5.011995325629990949e-01,2.495122045912039344e+00,-1.537005419148589624e-01,1.371561765172675529e-01,9.598857797508766887e-02,-3.917156258822934722e-02
4.100000000000000000e+03,-5.091104328646613858e-02,1.087137715027352569e-01,-1.897697679448665572e-03,5.933036781876930288e-01,-6.652988363299130667e-03,-1.774171388009206936e-05,5.308370696321507848e-02,5.680671437064147566e-01,9.927812601860423747e-02,7.040005349159603187e-02,-5.467278002370072609e-02,-9.959805100539645961e-01,8.459787694759204335e-01,5.262811628591188007e-02,2.425353921481317784e-03,-4.714412130738307449e-02,-1.740324643881650812e-02,-2.960869378658867457e-01,-4.166003666367499858e-01,4.696716511051378107e-01,1.365173859515051769e+00,-1.537005419148589624e-01,1.371561765172675529e-01,9.598857797508766887e-02,-3.897982296319302958e-02
4.200000000000000000e+03,-5.091104328646613858e-02,1.087137715027352569e-01,-1.919330359006464004e-03,5.933036781876930288e-01,-6.615406693448632608e-03,-1.787484474398034465e-05,5.308370696321507848e-02,5.680671437064147566e-01,9.927812601860422359e-02,7.037100737858099919e-02,-5.060824125752193953e-02,-9.959805100539647071e-01,8.484308462057513767e-01,5.262811628591188007e-02,3.279869507793172455e-03,-4.714412130738307449e-02,-1.740324643881650812e-02,-2.960869378658867457e-01,-4.166003666367499858e-01,4.229050625823557175e-01,1.368985598473876797e+00,-1.537005419148589624e-01,1.371561765172675529e-01,9.598857797508768275e-02,-3.897982296319302958e-02
4.300000000000000000e+03,-5.091104328646613858e-02,1.087137715027352569e-01,-1.891622177245671837e-03,5.933036781876930288e-01,-6.615406693448632608e-03,-1.218135514346203315e-05,5.287462745255917113e-02,5.680671437064147566e-01,9.927812601860422359e-02,7.040005349159603187e-02,-5.090991111109959694e-02,-9.959805100539647071e-01,1.061861177798647526e+00,7.548568111074610565e-02,3.201933770954439734e-03,-4.714412130738307449e-02,-1.740324643881650812e-02,-2.960869378658867457e-01,-4.150420113935066602e-01,4.210053163831240508e-01,1.365173859515051769e+00,-1.544012340774130743e-01,1.364872550701973219e-01,9.593954787401341722e-02,-5.200895066171005304e-02
4.400000000000000000e+03,-5.091104328646613858e-02,1.087137715027352569e-01,-1.883672313963697352e-03,5.933036781876930288e-01,-6.615406693448632608e-03,-1.080453603255455237e-05,5.308370696321507848e-02,5.680671437064147566e-01,9.927812601860422359e-02,5.045495570471200675e-02,-5.482978987832158591e-02,-9.959805100539647071e-01,1.061861177798647526e+00,7.548568111074610565e-02,3.827433633848169574e-03,-2.680691170617733113e-02,-1.740324643881650812e-02,-2.960869378658867457e-01,-4.176131634731841125e-01,4.204590232470118982e-01,1.365173859515051769e+00,-1.301857322818255058e-01,1.371561765172675529e-01,9.640417728727951330e-02,-5.200895066171005304e-02
4.500000000000000000e+03,-5.091104328646613858e-02,1.087137715027352569e-01,-1.891622177245671837e-03,5.933036781876930288e-01,-4.424066523563404373e-03,-9.806524855988976291e-06,5.308370696321507848e-02,5.680671437064147566e-01,9.927812601860423747e-02,5.045495570471200675e-02,-5.187675244037472100e-02,-9.959805100539645961e-01,1.061861177798647526e+00,7.548568111074610565e-02,3.827433633848169141e-03,-2.680691170617733113e-02,-1.740324643881650812e-02,-2.960869378658867457e-01,-4.166003666367499858e-01,3.959478247080226443e-01,1.188439569325045575e+00,-1.294577314583806871e-01,1.371561765172675529e-01,9.602046331254054934e-02,-5.200895066171005304e-02
4.600000000000000000e+03,-5.091104328646613858e-02,1.087137715027352569e-01,-1.891622177245671837e-03,5.952792007309117839e-01,-5.416544885918375685e-03,-9.859996375910622801e-06,5.308370696321507848e-02,5.680671437064147566e-01,9.927812601860422359e-02,5.045495570471200675e-02,-5.500789081296744709e-02,-9.959805100539647071e-01,1.061861177798647526e+00,7.548568111074610565e-02,4.324818688064989772e-03,-2.689453828600395571e-02,-1.740324643881650812e-02,-2.960869378658867457e-01,-4.166003666367499858e-01,2.557879432336128689e-01,1.230485096179194437e+00,-1.301857322818255058e-01,1.371561765172675529e-01,9.598857797508768275e-02,-5.200895066171005304e-02
4.700000000000000000e+03,-5.091104328646613858e-02,1.274405787204379858e-01,-1.864017318973457387e-03,5.933036781876930288e-01,-5.416544885918375685e-03,-9.855009631059270686e-06,5.321214224128247017e-02,5.680671437064147566e-01,9.927812601860422359e-02,3.586507948219645053e-02,-5.482978987832158591e-02,-9.959805100539647071e-01,1.061861177798647526e+00,7.548568111074610565e-02,2.651169016289310273e-03,-2.667523488338442023e-02,-1.740324643881650812e-02,-2.960869378658867457e-01,-4.166003666367499858e-01,1.985443381183223110e-01,1.230058279981904645e+00,-1.301857322818255058e-01,1.437042528100256067e-01,9.598857797508768275e-02,-5.200895066171005304e-02
4.800000000000000000e+03,-5.091104328646613858e-02,1.368039823292891144e-01,-1.871728242069122363e-03,5.933036781876930288e-01,-5.402154633074850512e-03,-1.419962015033685230e-05,5.308370696321507848e-02,5.680671437064147566e-01,9.927812601860422359e-02,3.563061932860313308e-02,-5.482978987832158591e-02,-1.000426341227961258e+00,1.061861177798647526e+00,7.548568111074610565e-02,2.580162604325282084e-03,-1.867138346845682514e-02,-1.740324643881650812e-02,-2.960869378658867457e-01,-4.166003666367499858e-01,1.985443381183223110e-01,1.230485096179194437e+00,-1.301857322818255058e-01,1.371561765172675529e-01,9.598857797508768275e-02,-5.200895066171005304e-02
4.900000000000000000e+03,-5.091104328646613858e-02,1.368039823292891144e-01,-1.871728242069122363e-03,5.933036781876930288e-01,-5.416544885918375685e-03,-1.813092104877036506e-05,5.308370696321507848e-02,5.680671437064147566e-01,9.927812601860422359e-02,3.584738662089012595e-02,-5.482978987832158591e-02,-9.959805100539647071e-01,1.061019244390567273e+00,7.548568111074610565e-02,2.857911466553843174e-03,-2.071191478228445737e-02,-1.740324643881650812e-02,-2.960869378658867457e-01,-4.166003666367499858e-01,1.991033077694065734e-01,1.230485096179194437e+00,-1.301857322818255058e-01,1.371561765172675529e-01,9.598857797508768275e-02,-5.200895066171005304e-02
5.000000000000000000e+03,-5.984160813596754031e-02,1.368039823292891144e-01,-1.089966430104023516e-03,5.933036781876930288e-01,-5.402390229326417201e-03,-1.747817712206103087e-05,5.308370696321507848e-02,5.680671437064147566e-01,9.927812601860422359e-02,3.578932182854851346e-02,-5.482978987832158591e-02,-1.317426557541057530e+00,1.061861177798647526e+00,7.548568111074610565e-02,9.377656820541290135e-04,-2.071191478228445737e-02,-1.740324643881650812e-02,-2.960869378658867457e-01,-3.996821249314800317e-01,2.726331108566772965e-01,1.224977027647194960e+00,-1.305438667715186074e-01,1.371561765172675529e-01,9.596904911060250010e-02,-3.923139233529936848e-02
5.100000000000000000e+03,-5.984160813596754031e-02,1.191135992052264753e-01,-1.089966430104023516e-03,5.933036781876930288e-01,-5.416544885918375685e-03,-1.797645638094348916e-05,5.308370696321507848e-02,5.680671437064147566e-01,9.927812601860422359e-02,3.651232103281266961e-02,-5.593225109488499797e-02,-1.317426557541057530e+00,1.061861177798647526e+00,7.548568111074610565e-02,9.284656283008324313e-04,-2.076837472667899046e-02,-1.740324643881650812e-02,-2.960869378658867457e-01,-4.166003666367499858e-01,2.729722732476701497e-01,1.230485096179194437e+00,-1.301857322818255058e-01,1.371561765172675529e-01,9.566450634468146030e-02,-3.923139233529936848e-02
5.200000000000000000e+03,-5.984160813596754031e-02,1.191135992052264753e-01,-1.089966430104023516e-03,5.933036781876930288e-01,-5.711585360209935590e-03,-1.290143277849851441e-05,5.308370696321507848e-02,5.655056027576726985e-01,9.927812601860422359e-02,4.740735675376608893e-02,-5.488894949890116975e-02,-1.317426557541057530e+00,1.061861177798647526e+00,7.702602337642620867e-02,9.792403974725415704e-04,-2.071191478228445737e-02,-1.740324643881650812e-02,-2.960869378658867457e-01,-4.165443811906862637e-01,2.697949268453048166e-01,1.230485096179194437e+00,-1.680329743217794380e-01,1.371561765172675529e-01,9.598857797508768275e-02,-4.270151719261536943e-02
5.300000000000000000e+03,-5.984160813596754031e-02,1.191135992052264753e-01,-1.089966430104023516e-03,5.933036781876930288e-01,-5.416544885918375685e-03,-1.283088023031476159e-05,5.313554199665613403e-02,5.680671437064147566e-01,9.927812601860422359e-02,4.744804318795472348e-02,-3.698455770536822340e-02,-1.317426557541057530e+00,1.061861177798647526e+00,7.548568111074610565e-02,9.375734676185201082e-04,-2.071191478228445737e-02,-1.670904752521519196e-02,-2.960869378658867457e-01,-5.850421113144629315e-01,2.685767482005224083e-01,7.400228808629361055e-01,-1.680329743217794380e-01,1.371561765172675529e-01,9.598857797508768275e-02,-4.270151719261536943e-02
5.400000000000000000e+03,-5.984160813596754031e-02,1.191135992052264753e-01,-1.089966430104023516e-03,5.949133103169684800e-01,-5.416544885918375685e-03,-1.283088023031476159e-05,5.675346425207085377e-02,5.680671437064147566e-01,1.047667443461670900e-01,3.796213827718258188e-02,-3.070297795610871239e-02,-1.317426557541057530e+00,1.061861177798647526e+00,7.548568111074610565e-02,1.607257744604087980e-03,-1.888287062839627897e-02,-1.740324643881650812e-02,-2.960869378658867457e-01,-5.850421113144629315e-01,3.081461770696537483e-01,7.424631276277300351e-01,-1.016495503134093453e-01,1.305763923203640542e-01,9.637107243058301576e-02,-4.270151719261536943e-02
5.500000000000000000e+03,-5.984160813596754031e-02,1.191135992052264753e-01,-1.089966430104023516e-03,4.480400280794927803e-01,-5.416544885918375685e-03,-1.562640413550781348e-05,4.505817607760619764e-02,5.680671437064147566e-01,1.529114291982113516e-01,3.242771006111394572e-02,-3.692440065838831220e-02,-1.317426557541057530e+00,1.061861177798647526e+00,7.548568111074610565e-02,1.669840499597452510e-03,-2.057779800351860339e-02,-1.740324643881650812e-02,-2.960869378658867457e-01,-5.920519840149167656e-01,2.697543021684443154e-01,1.048282775260015898e+00,-1.016495503134093453e-01,7.770845831953393512e-02,9.581156699689276357e-02,-3.928808459279839460e-02
5.600000000000000000e+03,-4.560113187226991216e-02,1.218993712010021380e-01,-1.089966430104023516e-03,3.320893322740827713e-01,-5.872991487449223495e-03,-1.621293384021253514e-05,4.505817607760619764e-02,6.128580380162780283e-01,1.760590457626708960e-01,4.255536066565609316e-02,-3.584293213205332757e-02,-1.317426557541057530e+00,1.061861177798647526e+00,7.548568111074610565e-02,2.062431680329714426e-03,-6.179360553401991828e-03,-1.740324643881650812e-02,-2.960869378658867457e-01,-5.850421113144629315e-01,2.689208082702153613e-01,7.306223509255131976e-01,-1.016495503134093453e-01,7.793811874513606464e-02,9.641151298003343417e-02,-1.827076036870773149e-02
5.700000000000000000e+03,-4.298081110206677935e-02,1.191135992052264753e-01,-1.089966430104023516e-03,3.316403068478028793e-01,-5.416544885918375685e-03,-8.881778711899228590e-06,4.507360493037097793e-02,7.696261681008010891e-01,1.760590457626708960e-01,4.258137470117852319e-02,-4.916909934855936276e-02,-1.317426557541057530e+00,1.061861177798647526e+00,7.548568111074610565e-02,1.292801817244365386e-03,-5.230427722184406193e-03,-1.740324643881650812e-02,-2.960869378658867457e-01,-5.850421113144629315e-01,2.685767482005224083e-01,7.293187446803262031e-01,-1.019280805744579993e-01,7.793811874513606464e-02,9.598857797508768275e-02,-1.564908591419195485e-02
5.800000000000000000e+03,-4.560113187226991216e-02,1.249940216199349335e-01,-1.089966430104023516e-03,3.305414022895121762e-01,-5.416544885918375685e-03,-1.278084906423036987e-05,4.505817607760619764e-02,7.696261681008010891e-01,1.760590457626708960e-01,5.266642967483300963e-02,-4.039778680644091208e-02,-1.317426557541057530e+00,1.061861177798647526e+00,7.548568111074610565e-02,9.822652814873980218e-04,-5.242175669501183619e-03,-1.740324643881650812e-02,-2.960869378658867457e-01,-5.850421113144629315e-01,2.698853945528770226e-01,8.173968893216054799e-01,-7.590432779873861058e-02,7.793811874513606464e-02,9.598857797508768275e-02,-1.567924319021314628e-02
5.900000000000000000e+03,-4.560113187226991216e-02,1.191135992052264753e-01,-1.089966430104023516e-03,3.305414022895121762e-01,-5.416544885918375685e-03,-1.241150320772145859e-05,4.505817607760619764e-02,7.696261681008010891e-01,1.760590457626708960e-01,5.112146079105241159e-02,-3.256243840977526838e-02,-1.317151623199793953e+00,1.061861177798647526e+00,7.548568111074610565e-02,9.804478033812145943e-04,-5.496367086220469399e-03,-1.830738353073458821e-02,-2.968839720054888276e-01,-5.850421113144629315e-01,2.871960917495574028e-01,8.173968893216054799e-01,-8.078886716064730134e-02,7.793811874513606464e-02,9.598857797508768275e-02,-1.567924319021314628e-02
6.000000000000000000e+03,-4.560113187226991216e-02,1.191135992052264753e-01,-1.089966430104023516e-03,3.305414022895121762e-01,-5.416544885918375685e-03,-1.494514146185200991e-05,4.505817607760619764e-02,7.696261681008010891e-01,1.760590457626708960e-01,2.292041744115253660e-02,-3.378208857807005888e-02,-1.559822422340905179e+00,1.061861177798647526e+00,7.548568111074610565e-02,9.804478033812145943e-04,-5.157551978328277567e-03,-1.740324643881650812e-02,-2.960869378658867457e-01,-5.850421113144629315e-01,2.477259137540637757e-01,1.018949221669029015e+00,-8.072467170841482464e-02,7.793811874513606464e-02,9.598857797508768275e-02,-1.567924319021314628e-02
6.100000000000000000e+03,-2.821784184062818904e-02,9.969728357927867823e-02,-1.089966430104023516e-03,3.305414022895121762e-01,-5.416544885918375685e-03,-1.920532263151316664e-05,4.528442433440649922e-02,7.696261681008010891e-01,1.760590457626708960e-01,2.231564688489416984e-02,-2.402992006738378233e-02,-1.559822422340905179e+00,1.061861177798647526e+00,7.548568111074610565e-02,9.804478033812145943e-04,-6.977563298870948817e-03,-1.740324643881650812e-02,-2.960869378658867457e-01,-5.850421113144629315e-01,2.477259137540637757e-01,1.018949221669029015e+00,-8.085455444722908225e-02,7.793811874513606464e-02,9.598857797508768275e-02,-1.565403517832066396e-02
6.200000000000000000e+03,-2.814746013028137858e-02,1.191135992052264753e-01,-1.089966430104023516e-03,3.305414022895121762e-01,-5.412672204587163499e-03,-1.920426913063177617e-05,4.505817607760619764e-02,7.696261681008010891e-01,1.760590457626708960e-01,2.035826113832807718e-02,-2.169224685022057633e-02,-1.559822422340905179e+00,1.061861177798647526e+00,7.548568111074610565e-02,6.486529269004730376e-04,-7.026078869896337960e-03,-1.740324643881650812e-02,-2.960869378658867457e-01,-5.460067275783591079e-01,3.132399901439512635e-01,1.018949221669029015e+00,-8.059116025368619207e-02,7.793811874513606464e-02,9.598857797508768275e-02,-1.571159103743383426e-02
6.300000000000000000e+03,-2.821784184062818904e-02,1.191135992052264753e-01,-6.836720431449220658e-04,3.305414022895121762e-01,-5.416544885918375685e-03,-2.613106524056139449e-05,4.505817607760619764e-02,7.696261681008010891e-01,1.760590457626708960e-01,2.445371882278139786e-02,-2.169224685022057633e-02,-1.559822422340905179e+00,1.061861177798647526e+00,7.169168607135296967e-02,6.331844479614956575e-04,-5.941244258934687099e-03,-1.740324643881650812e-02,-2.960869378658867457e-01,-3.513867598219096999e-01,3.147890593319369046e-01,1.018949221669029015e+00,-8.059116025368619207e-02,9.697745872287273639e-02,9.598857797508768275e-02,-1.567924319021314628e-02
6.400000000000000000e+03,-2.809631124852724274e-02,1.181170588281725553e-01,-6.836720431449220658e-04,3.305414022895121762e-01,-5.416544885918375685e-03,-3.969907553972938625e-05,4.497902368176699001e-02,7.732326122451437245e-01,1.760590457626708960e-01,2.445371882278139786e-02,-1.485290553221250455e-02,-1.559822422340905179e+00,1.065358731534526537e+00,7.548568111074610565e-02,6.253542206822570310e-04,-8.858283788537897954e-03,-1.647548044134533943e-02,-2.960869378658867457e-01,-3.513867598219096999e-01,3.751433645176476261e-01,1.018949221669029015e+00,-8.059116025368619207e-02,9.697745872287273639e-02,9.598857797508768275e-02,-2.341931848718695891e-02
6.500000000000000000e+03,-2.821784184062818904e-02,1.191135992052264753e-01,-6.836720431449220658e-04,3.119571565450808825e-01,-5.193148445803020229e-03,-3.771379929964047525e-05,4.505817607760619764e-02,7.696261681008010891e-01,1.760590457626708960e-01,3.262839940255837790e-02,-1.087980893504694735e-02,-1.559822422340905179e+00,1.065358731534526537e+00,7.548568111074610565e-02,7.164580704455147681e-04,-8.866314997763176040e-03,-1.647548044134533943e-02,-2.954717755454909778e-01,-3.513867598219096999e-01,3.925425237324502437e-01,1.018949221669029015e+00,-7.094670632619275163e-02,9.697745872287273639e-02,9.598857797508768275e-02,-2.468873012125772856e-02
6.600000000000000000e+03,-2.821784184062818904e-02,1.191135992052264753e-01,-6.836720431449220658e-04,2.747886650562181843e-01,-5.436894172555091151e-03,-3.718973156591631084e-05,4.505817607760619764e-02,7.696261681008010891e-01,1.760590457626708960e-01,3.469645293732705194e-02,-6.501284287445679641e-03,-1.559822422340905179e+00,1.065358731534526537e+00,7.548568111074610565e-02,7.173971918381246392e-04,-8.875024254174808391e-03,-1.647548044134533943e-02,-2.960869378658867457e-01,-3.513867598219096999e-01,5.558141481339085033e-01,1.018949221669029015e+00,-5.165779847120578055e-02,9.697745872287273639e-02,9.598857797508768275e-02,-2.349674981110898633e-02
6.700000000000000000e+03,-2.821784184062818904e-02,1.191135992052264753e-01,-6.860162338853913189e-04,2.747886650562181843e-01,-5.416544885918375685e-03,-3.657268871174759967e-05,4.505817607760619764e-02,7.696261681008010891e-01,1.760590457626708960e-01,4.934776779722890167e-02,-6.858192485996373287e-03,-1.559822422340905179e+00,1.065358731534526537e+00,7.548568111074610565e-02,1.397303673314672593e-03,-8.840712273298996851e-03,-1.645586138425222250e-02,-2.960869378658867457e-01,-3.513867598219096999e-01,5.662273314897674492e-01,1.343501912707797175e+00,-5.165779847120578055e-02,9.697745872287273639e-02,9.495325868406560843e-02,-3.261475571516037758e-02
6.800000000000000000e+03,-3.606014723791328008e-02,1.191135992052264753e-01,-6.836720431449220658e-04,2.747886650562181843e-01,-5.416544885918375685e-03,-3.583964327131045264e-05,4.505817607760619764e-02,7.696261681008010891e-01,2.343743195731124718e-01,4.747887176844772100e-02,-7.020489960551114760e-03,-1.559822422340905179e+00,1.065358731534526537e+00,7.517909325331775805e-02,1.325391478512452518e-03,-8.840712273298996851e-03,-1.647548044134533943e-02,-2.960869378658867457e-01,-3.513867598219096999e-01,5.763308286273277625e-01,1.366118842580919424e+00,-5.161695653871141432e-02,9.720627587302825556e-02,9.598857797508768275e-02,-3.261475571516037758e-02
6.900000000000000000e+03,-3.606014723791328008e-02,1.191135992052264753e-01,-6.836720431449220658e-04,2.606719503199882437e-01,-7.838007437900673322e-03,-3.397976556461893580e-05,4.505817607760619764e-02,7.696261681008010891e-01,2.343743195731124718e-01,4.733326606398956943e-02,-6.846976331369546663e-03,-1.559822422340905179e+00,1.018712240190422058e+00,7.548568111074610565e-02,1.284944753932223613e-03,-8.840712273298996851e-03,-1.647548044134533943e-02,-2.960869378658867457e-01,-3.230895540146493383e-01,6.134355808567663049e-01,7.633918570724396169e-01,-5.165779847120578055e-02,9.697745872287273639e-02,9.598857797508768275e-02,-3.145418314910196356e-02
7.000000000000000000e+03,-3.606014723791328008e-02,1.191135992052264753e-01,-6.836720431449220658e-04,2.747886650562181843e-01,-8.662175351392589762e-03,-4.745869166321418253e-05,4.505817607760619764e-02,7.696261681008010891e-01,2.343743195731124718e-01,2.898348102704316476e-02,-6.859818316583714271e-03,-1.559822422340905179e+00,1.052404884582138322e+00,7.552692814142066002e-02,1.316909242665271129e-03,-9.209022094033838743e-03,-2.143025161854826555e-02,-2.960869378658867457e-01,-3.529552149349476919e-01,6.622825700704190188e-01,7.633918570724396169e-01,-5.165779847120578055e-02,9.728333993805109159e-02,9.598857797508768275e-02,-2.229118748823584462e-02
7.100000000000000000e+03,-3.606014723791328008e-02,1.191135992052264753e-01,-6.836720431449220658e-04,2.739004707495675262e-01,-8.897651898104565887e-03,-4.499131976110671584e-05,4.494287520138902370e-02,7.696261681008010891e-01,2.343743195731124718e-01,2.898348102704316476e-02,-6.864290519042423946e-03,-1.554134749191135034e+00,1.068125262290958943e+00,7.548568111074610565e-02,1.311971732046713279e-03,-5.433295039448862024e-03,-2.143025161854826555e-02,-2.960869378658867457e-01,-3.513867598219096999e-01,6.272518668598191516e-01,7.449847517663807928e-01,-5.165779847120578055e-02,9.697745872287273639e-02,9.598857797508768275e-02,-2.226743528279005735e-02
7.200000000000000000e+03,-3.606014723791328008e-02,1.191135992052264753e-01,-6.836720431449220658e-04,2.747886650562181843e-01,-8.429580798421029697e-03,-2.739680992902742684e-05,4.505817607760619764e-02,7.696261681008010891e-01,2.343664371637774746e-01,3.118415766201849612e-02,-1.111376250126435740e-02,-2.306035613254978855e+00,1.065358731534526537e+00,9.803004954417829375e-02,1.316909242665271129e-03,-6.484316559462358770e-03,-2.138326926588688878e-02,-2.960869378658867457e-01,-3.513867598219096999e-01,6.134355808567663049e-01,7.599095389549884727e-01,-5.165779847120578055e-02,9.697745872287273639e-02,9.389725206760046738e-02,-2.226743528279005735e-02
7.300000000000000000e+03,-3.606014723791328008e-02,1.191135992052264753e-01,-6.807556820757638266e-04,2.747886650562181843e-01,-8.897651898104565887e-03,-2.662488251532249596e-05,4.505817607760619764e-02,7.696261681008010891e-01,2.343743195731124718e-01,3.317074372124943077e-02,-1.112389857241454644e-02,-2.306035613254978855e+00,1.065358731534526537e+00,9.803004954417829375e-02,8.355594415958104157e-04,-6.467809676439307924e-03,-2.143025161854826555e-02,-2.960869378658867457e-01,-3.513867598219096999e-01,2.680749302962319724e-01,7.633918570724396169e-01,-5.165779847120578055e-02,9.697745872287273639e-02,9.598857797508768275e-02,-2.226743528279005735e-02
7.400000000000000000e+03,-3.864110806941552234e-02,4.665747882422413562e-02,-6.817250700939127663e-04,2.747886650562182398e-01,-4.621711447958753126e-03,-2.680184813891431755e-05,4.505817607760619764e-02,7.696261681008010891e-01,2.343743195731124440e-01,3.304549074667307434e-02,-1.714972724066445367e-02,-2.306035613254978855e+00,1.065358731534526537e+00,9.803004954417829375e-02,8.375321882771202299e-04,-7.477984836882146935e-03,-2.143025161854826555e-02,-2.960869378658867457e-01,-3.526804733398636316e-01,2.484741142912583745e-01,1.085949902917922039e+00,-3.223331353262612331e-02,9.697745872287275026e-02,9.598857797508766887e-02,-2.331241783554254682e-02
7.500000000000000000e+03,-3.862296791389751432e-02,4.665747882422413562e-02,-6.836720431449220658e-04,2.173990998719077250e-01,-4.381401785698512373e-03,-2.595119970940287717e-05,4.505817607760619764e-02,7.696261681008010891e-01,2.346634369356851713e-01,3.215197320883433907e-02,-1.714972724066445367e-02,-2.306035613254978855e+00,1.069507952822720043e+00,9.803004954417829375e-02,8.384653916297655531e-04,-7.477984836882146935e-03,-2.143025161854826555e-02,-2.960869378658867457e-01,-3.513867598219096999e-01,3.485571468180641563e-01,1.455239462742516698e+00,-3.223331353262612331e-02,9.697745872287273639e-02,9.598857797508768275e-02,-2.331241783554254335e-02
7.600000000000000000e+03,-3.725726954420434389e-02,4.665747882422413562e-02,-6.836720431449220658e-04,2.168956251859225082e-01,-4.185715267043794638e-03,-9.449736852201376771e-06,4.505817607760619764e-02,7.696261681008010891e-01,2.343743195731124718e-01,2.858289975246787462e-02,-1.466647882845490726e-02,-2.306035613254978855e+00,1.065358731534526537e+00,9.803004954417829375e-02,7.137982749122292374e-04,-6.739966423195481275e-03,-2.143025161854826555e-02,-2.960869378658867457e-01,-3.513976645296157386e-01,2.681072558914317505e-01,1.457874525225816287e+00,-3.223331353262612331e-02,9.735182799002919940e-02,9.598857797508768275e-02,-2.331241783554254335e-02
7.700000000000000000e+03,-3.862296791389751432e-02,4.665747882422413562e-02,-6.836720431449219574e-04,2.168956251859224804e-01,-4.185715267043794638e-03,-9.153091855060181134e-06,4.505817607760619764e-02,7.696261681008010891e-01,2.343743195731124440e-01,2.858289975246787809e-02,-2.924512634479755485e-02,-2.306035613254978855e+00,1.065358731534526537e+00,9.803004954417829375e-02,4.948017505795375501e-04,-6.440027398032782159e-03,-2.143025161854826555e-02,-2.960869378658867457e-01,-3.513867598219097554e-01,2.248038566818236494e-01,1.457874525225816509e+00,-3.239211274757403114e-02,9.697745872287275026e-02,9.633181276190469489e-02,-2.517932458422283276e-02
7.800000000000000000e+03,-3.862296791389751432e-02,4.313479251714619905e-02,-6.836720431449220658e-04,2.168956251859225082e-01,-4.185715267043794638e-03,-8.056397512963288152e-06,4.505817607760619764e-02,8.765051644724460855e-01,2.343743195731124718e-01,2.872210449943138691e-02,-2.905750742962447467e-02,-2.306035613254978855e+00,1.065358731534526537e+00,9.803004954417829375e-02,6.102045644870991411e-04,-4.010811496299749972e-03,-2.143025161854826555e-02,-3.275386169482760734e-01,-3.513867598219096999e-01,3.348363283610853447e-01,1.457874525225816287e+00,-3.223331353262612331e-02,9.697745872287273639e-02,9.598857797508768275e-02,-2.550906221598082946e-02
7.900000000000000000e+03,-2.932456347784370351e-02,4.665747882422413562e-02,-6.836720431449220658e-04,2.168956251859225082e-01,-4.185715267043794638e-03,-1.016735076787518586e-05,4.505817607760619764e-02,1.010103909937002165e+00,2.343743195731124718e-01,2.858289975246787462e-02,-3.439862743867531936e-02,-2.306035613254978855e+00,1.065358731534526537e+00,9.803004954417829375e-02,7.382558070711267790e-04,-4.396747508423436493e-03,-2.143025161854826555e-02,-2.610903858189070892e-01,-3.513867598219096999e-01,2.116535570099145613e-01,1.458214470429003651e+00,-3.223331353262612331e-02,9.697745872287273639e-02,1.329158718442164933e-01,-3.197907029264981243e-02
8.000000000000000000e+03,-2.932456347784370351e-02,4.665747882422413562e-02,-6.836720431449220658e-04,1.196702379855504872e-01,-4.185715267043794638e-03,-1.252606617384676383e-05,4.505817607760619764e-02,1.010103909937002165e+00,2.343743195731124718e-01,2.855647064734600712e-02,-3.207904906285191649e-02,-2.306035613254978855e+00,1.065358731534526537e+00,9.803004954417829375e-02,7.382558070711267790e-04,-2.877770261691551656e-03,-2.143025161854826555e-02,-2.610903858189070892e-01,-3.513867598219096999e-01,3.022841184597149233e-01,8.312106167689126135e-01,-3.008602257642859282e-02,9.697745872287273639e-02,1.322905530357089132e-01,-2.438085333455325757e-02
8.100000000000000000e+03,-2.855184590025136582e-02,4.665747882422413562e-02,-5.518654665232491929e-04,1.104300016922131339e-01,-2.492699848266944230e-03,-1.022217324611421972e-05,4.505817607760619764e-02,1.010103909937002165e+00,2.343743195731124718e-01,2.411611503489836245e-02,-2.450282547129074492e-02,-2.306035613254978855e+00,1.065358731534526537e+00,9.803004954417829375e-02,7.357929159361277028e-04,-2.879039356756595957e-03,-2.143025161854826555e-02,-2.610903858189070892e-01,-3.513867598219096999e-01,4.205101911122461344e-01,8.286762854666640532e-01,-3.008602257642859282e-02,9.697745872287273639e-02,1.322905530357089132e-01,-2.505850932245073590e-02
8.200000000000000000e+03,-2.932456347784370351e-02,4.665747882422413562e-02,-5.518654665232491929e-04,1.087266209741055145e-01,-2.500672446666023837e-03,-9.686033740563994440e-06,4.505817607760619764e-02,1.010103909937002165e+00,2.343743195731124718e-01,2.405504850491304095e-02,-2.447412324617160087e-02,-2.306035613254978855e+00,1.065358731534526537e+00,9.803004954417829375e-02,7.356909069312355135e-04,-2.367438679610451169e-03,-2.143025161854826555e-02,-2.610903858189070892e-01,-3.513867598219096999e-01,5.251971847362199020e-01,8.312106167689126135e-01,-3.008602257642859282e-02,9.697745872287273639e-02,1.322905530357089132e-01,-2.505850932245073590e-02
8.300000000000000000e+03,-2.932456347784370351e-02,3.463813534325987237e-02,-5.518654665232491929e-04,1.087266209741055145e-01,-4.133973566729013532e-03,-1.391605338852330495e-05,4.505817607760619764e-02,1.010103909937002165e+00,2.343743195731124718e-01,2.256717768595246920e-02,-2.323809856704862203e-02,-2.306035613254978855e+00,1.065358731534526537e+00,9.803004954417829375e-02,7.412167958670895160e-04,-2.047647537374822687e-03,-2.143025161854826555e-02,-2.610903858189070892e-01,-3.513867598219096999e-01,1.028531536039720695e+00,8.312106167689126135e-01,-3.008602257642859282e-02,9.697745872287273639e-02,1.322905530357089132e-01,-2.505850932245073590e-02
8.400000000000000000e+03,-2.932456347784370351e-02,4.956795224070765365e-02,-5.518654665232491929e-04,1.087266209741055145e-01,-4.133973566729013532e-03,-1.391605338852330495e-05,4.505817607760619764e-02,1.005674267864439253e+00,2.343743195731124718e-01,2.256717768595246920e-02,-1.574070079579814943e-02,-2.306035613254978855e+00,1.065358731534526537e+00,1.028248402447363846e-01,7.384945894397997252e-04,-2.047647537374822687e-03,-2.143025161854826555e-02,-2.610903858189070892e-01,-3.513867598219096999e-01,7.788913475608518766e-01,8.312106167689126135e-01,-3.012417427391925195e-02,9.697745872287273639e-02,1.322905530357089132e-01,-2.505850932245073590e-02
8.500000000000000000e+03,-2.166683284278893631e-02,3.442236126089785048e-02,-5.539149322737755080e-04,1.087266209741055145e-01,-4.133973566729013532e-03,-1.391605338852330495e-05,4.505817607760619764e-02,1.010103909937002165e+00,2.343743195731124718e-01,1.544801392726007083e-02,-1.574070079579814943e-02,-2.306035613254978855e+00,1.065358731534526537e+00,9.803004954417829375e-02,7.382558070711267790e-04,-2.793609167713853939e-03,-2.143025161854826555e-02,-2.955506683202661078e-01,-3.513867598219096999e-01,4.435316795050121552e-01,1.237616863701076264e+00,-2.999189559480951520e-02,9.697745872287273639e-02,1.322905530357089132e-01,-2.505850932245073590e-02
8.600000000000000000e+03,-2.166683284278893631e-02,3.442236126089785048e-02,-6.794536249096532138e-04,1.087266209741055145e-01,-2.372669407285137033e-03,-1.391605338852330495e-05,4.505817607760619764e-02,1.010103909937002165e+00,2.355149164526566807e-01,1.964916369130895180e-02,-5.470794921570307223e-03,-2.306035613254978855e+00,1.065358731534526537e+00,9.803004954417829375e-02,7.382558070711267790e-04,-2.736177201601333511e-03,-2.135486838313850957e-02,-2.951564177478765982e-01,-3.513867598219096999e-01,4.570425846185995344e-01,1.232451094950505199e+00,-3.008602257642859282e-02,9.697745872287273639e-02,1.322905530357089132e-01,-2.505850932245073590e-02
8.700000000000000000e+03,-2.168736049535105112e-02,2.912219503268030987e-02,-6.794536249096532138e-04,1.087266209741055145e-01,-2.490202080157182928e-03,-1.391605338852330495e-05,4.505817607760619764e-02,1.010103909937002165e+00,2.227590541185025530e-01,1.872027964146797188e-02,-5.470794921570307223e-03,-2.306035613254978855e+00,1.065358731534526537e+00,9.803004954417829375e-02,5.301495662952470734e-04,-2.736177201601333511e-03,-2.143025161854826555e-02,-2.951564177478765982e-01,-3.499689821696482239e-01,4.439564512996270196e-01,1.232451094950505199e+00,-3.008602257642859282e-02,9.697745872287273639e-02,1.322905530357089132e-01,-2.505850932245073590e-02
8.800000000000000000e+03,-2.160045091149552510e-02,3.442236126089785048e-02,-6.794536249096532138e-04,1.087266209741055145e-01,-2.490202080157182928e-03,-1.391605338852330495e-05,4.505817607760619764e-02,1.010103909937002165e+00,1.298369304816232306e-01,2.588521538432608793e-02,-5.616084227626470110e-03,-2.306035613254978855e+00,1.065358731534526537e+00,9.803004954417829375e-02,5.190003151288939383e-04,-2.613127854959429886e-03,-2.143025161854826555e-02,-2.951564177478765982e-01,-3.513867598219096999e-01,4.829028444982398915e-01,1.232451094950505199e+00,-3.008602257642859282e-02,8.963476099270793751e-02,1.322905530357089132e-01,-2.513300714891380030e-02
8.900000000000000000e+03,-2.166683284278893631e-02,3.449754165572415515e-02,-6.794536249096532138e-04,1.087266209741055145e-01,-2.490202080157182928e-03,-1.317526428549386999e-05,4.505817607760619764e-02,1.010103909937002165e+00,1.298369304816232306e-01,2.323983385427603326e-02,-5.339573221088834976e-03,-2.419481238848543381e+00,1.065358731534526537e+00,9.803004954417829375e-02,3.092800464654825508e-04,-2.039789512958062063e-03,-2.143025161854826555e-02,-2.951564177478765982e-01,-3.513867598219096999e-01,2.724394246198934000e-01,1.232451094950505199e+00,-3.008602257642859282e-02,1.223530414002809291e-01,1.322905530357089132e-01,-2.505850932245073590e-02
9.000000000000000000e+03,-2.166683284278893631e-02,3.442236126089785048e-02,-6.794536249096532138e-04,1.087266209741055145e-01,-3.471635462972499139e-03,-2.807357208917841214e-05,4.505817607760619764e-02,1.010103909937002165e+00,1.298369304816232306e-01,2.318904519941123940e-02,-4.700831512720549978e-03,-2.306035613254978855e+00,1.065358731534526537e+00,9.805235664298096732e-02,3.684400268351774072e-04,-1.925674566711025812e-03,-2.143025161854826555e-02,-2.951564177478765982e-01,-3.571196697499129380e-01,3.214722386511408847e-01,1.232451094950505199e+00,-3.008602257642859282e-02,1.021781125373657506e-01,1.322905530357089132e-01,-2.505850932245073590e-02
9.100000000000000000e+03,-2.166683284278893631e-02,3.442236126089785048e-02,-6.794536249096532138e-04,1.087266209741055145e-01,-3.468446607552763770e-03,-3.624119353316459260e-05,2.563149888112667765e-02,1.010103909937002165e+00,1.298369304816232306e-01,2.398387674856916618e-02,-2.823135880991145107e-03,-2.306035613254978855e+00,1.065358731534526537e+00,9.803004954417829375e-02,3.684400268351774072e-04,-1.925674566711025812e-03,-2.143025161854826555e-02,-2.951564177478765982e-01,-3.685854896059198027e-01,3.229175917197011914e-01,1.232451094950505199e+00,-3.008602257642859282e-02,1.017003364617152794e-01,1.322905530357089132e-01,-3.532010771326385412e-02
9.200000000000000000e+03,-2.166683284278893631e-02,3.442236126089785048e-02,-6.794536249096532138e-04,1.087266209741055145e-01,-3.477868919440443764e-03,-3.578188303430963592e-05,2.563149888112667765e-02,1.010103909937002165e+00,1.298369304816232306e-01,2.323983385427603326e-02,-2.722665530988203041e-03,-2.306035613254978855e+00,1.065358731534526537e+00,9.803004954417829375e-02,3.684400268351774072e-04,-2.423978477102712182e-03,-2.143025161854826555e-02,-2.951564177478765982e-01,-3.685854896059198027e-01,3.229175917197011914e-01,1.229618195668065628e+00,-3.008602257642859282e-02,1.017003364617152794e-01,1.322905530357089132e-01,-3.547916326255595026e-02
9.300000000000000000e+03,-2.166683284278893631e-02,3.442236126089785048e-02,-6.794536249096532138e-04,9.839993917098033283e-02,-2.709545626051022491e-03,-3.570465823835068946e-05,2.563149888112667765e-02,1.010103909937002165e+00,1.298369304816232306e-01,3.001255389234384549e-02,-1.661632656038763587e-03,-2.306035613254978855e+00,1.065358731534526537e+00,9.803004954417829375e-02,3.684400268351774072e-04,-3.527668240603968903e-03,-2.278581231057557471e-02,-2.951564177478765982e-01,-3.685854896059198027e-01,2.356841755996129106e-01,1.226563141012770641e+00,-3.008901409742104419e-02,1.017003364617152794e-01,1.320836094701625107e-01,-3.547916326255595026e-02
9.400000000000000000e+03,-2.172811647523342771e-02,3.711779822524972211e-02,-6.799911565921863904e-04,9.839993917098033283e-02,-2.709545626051022491e-03,-3.257704245034836137e-05,2.563149888112667765e-02,1.010103909937002165e+00,1.294794941701794266e-01,2.509584212402258055e-02,-1.658729098657765614e-03,-2.306035613254978855e+00,6.696375051802563316e-01,9.803004954417829375e-02,4.413535689015861733e-04,-4.500102105892704943e-03,-2.143025161854826555e-02,-2.951564177478765982e-01,-3.685854896059198027e-01,2.428002928264443028e-01,8.813797780431867901e-01,-3.008602257642859282e-02,1.017003364617152794e-01,1.322905530357089132e-01,-3.759557573282022724e-02
9.500000000000000000e+03,-2.166683284278893631e-02,3.741574986843775041e-02,-6.794536249096532138e-04,9.839993917098033283e-02,-2.709545626051022491e-03,-4.796411225559034521e-05,2.565855620110462504e-02,1.010103909937002165e+00,1.298369304816232306e-01,2.297969838485719798e-02,-1.993326162501299435e-03,-2.306035613254978855e+00,5.565742976504652884e-01,9.803004954417829375e-02,4.799967935158787140e-04,-5.007371395711066389e-03,-2.143025161854826555e-02,-2.951564177478765982e-01,-3.685854896059198027e-01,2.427862769976332213e-01,8.813797780431867901e-01,-2.997178142131510722e-02,1.007298217691565134e-01,1.322905530357089132e-01,-3.817430926850318845e-02
9.600000000000000000e+03,-2.166683284278893631e-02,3.783781792269491628e-02,-6.794536249096532138e-04,9.839993917098033283e-02,-2.709545626051022491e-03,-2.567615307688245115e-05,2.563149888112667765e-02,1.010103909937002165e+00,1.298369304816232306e-01,2.080231649990075052e-02,-1.534123462809447100e-03,-2.306035613254978855e+00,5.565742976504652884e-01,9.803004954417829375e-02,5.303987499838351940e-04,-4.381733851312848843e-03,-1.816345187001861677e-02,-2.951564177478765982e-01,-3.685854896059198027e-01,1.259617942028211923e-01,7.731257351750846496e-01,-2.997178142131510722e-02,1.017003364617152794e-01,1.322905530357089132e-01,-8.010189743227152936e-02
9.700000000000000000e+03,-2.163982206547703652e-02,3.783781792269491628e-02,-6.794536249096532138e-04,9.848965498382189487e-02,-1.623108995154379100e-03,-2.567615307688245115e-05,2.563149888112667765e-02,1.010103909937002165e+00,1.298369304816232306e-01,1.859631139604278269e-02,-1.534123462809447100e-03,-2.306035613254978855e+00,5.565742976504652884e-01,9.803004954417829375e-02,5.303879878122329467e-04,-5.918820711464691832e-03,-1.816345187001861677e-02,-2.951564177478765982e-01,-3.672882714721240616e-01,1.275887168255530890e-01,1.199530621721561552e+00,-3.009550388101731033e-02,1.015996169483319028e-01,1.322905530357089132e-01,-5.629060996964486280e-02
9.800000000000000000e+03,-2.166683284278893631e-02,3.783781792269491628e-02,-7.658685733479539187e-04,9.839993917098033283e-02,-1.104803168955104586e-03,-2.563048378412255139e-05,2.563149888112667765e-02,1.010103909937002165e+00,1.298369304816232306e-01,1.079877532062806927e-02,-1.534123462809447100e-03,-2.306035613254978855e+00,5.565742976504652884e-01,9.803004954417829375e-02,4.710065084298243883e-04,-5.918820711464691832e-03,-1.816345187001861677e-02,-2.951564177478765982e-01,-3.685854896059198027e-01,1.259617942028211923e-01,1.151486171928649771e+00,-2.997178142131510722e-02,1.017003364617152794e-01,1.322905530357089132e-01,-5.629060996964486280e-02
9.900000000000000000e+03,-2.166683284278893631e-02,3.783781792269491628e-02,-7.658685733479539187e-04,8.904681614859361050e-02,-1.105164900869894584e-03,-2.616614638826629213e-05,2.563149888112667765e-02,1.010103909937002165e+00,1.298369304816232306e-01,1.072978317492276172e-02,-1.528873909404505948e-03,-2.306035613254978855e+00,7.012861222980498743e-01,9.803004954417829375e-02,4.732205867822800996e-04,-6.979938242446210445e-03,-1.816345187001861677e-02,-2.951564177478765982e-01,-3.685854896059198027e-01,1.074787999279283868e-01,1.151486171928649771e+00,-2.997178142131510722e-02,1.017003364617152794e-01,1.322905530357089132e-01,-5.629060996964486280e-02
