-1.000000000000000000e+00,5.223965287256819578e-03,0.000000000000000000e+00,0.000000000000000000e+00,-4.294383631188425018e-03,-1.324367685221079227e-01,0.000000000000000000e+00,0.000000000000000000e+00,1.722533776091947244e+00,0.000000000000000000e+00,0.000000000000000000e+00,0.000000000000000000e+00,-1.928372420108017016e+00,1.787116770882364314e+00,7.446347346863621541e-02,1.745605422020890973e+00,9.739917247450151361e-03,3.054141109746620879e-03,-1.645517959348572701e+00,0.000000000000000000e+00,7.451047418160879898e-01,1.316440469420950610e+00,0.000000000000000000e+00,4.345459279939383607e-03,1.378703828184353348e-03,0.000000000000000000e+00
0.000000000000000000e+00,2.572337583759065974e-02,0.000000000000000000e+00,-3.268497875469876697e-03,6.941032630596177680e-04,-1.333789861287895950e-01,0.000000000000000000e+00,0.000000000000000000e+00,1.722533776091947244e+00,0.000000000000000000e+00,0.000000000000000000e+00,0.000000000000000000e+00,-1.928372420108017016e+00,1.787116770882364314e+00,7.446347346863621541e-02,1.745605422020890973e+00,0.000000000000000000e+00,0.000000000000000000e+00,-1.644647542832827547e+00,0.000000000000000000e+00,7.436839482715258409e-01,1.316440469420950610e+00,0.000000000000000000e+00,0.000000000000000000e+00,0.000000000000000000e+00,0.000000000000000000e+00
1.000000000000000000e+02,0.000000000000000000e+00,0.000000000000000000e+00,0.000000000000000000e+00,-1.623248438994904759e-03,-1.333789861287895950e-01,2.569139226155311984e-01,0.000000000000000000e+00,1.726787856903356788e+00,-4.971900071919569709e-03,-3.216895276119304814e-01,0.000000000000000000e+00,-1.928372420108017016e+00,1.787116770882364314e+00,7.927987858791429865e-02,1.745605422020890751e+00,0.000000000000000000e+00,0.000000000000000000e+00,-1.645517959348572701e+00,-3.510959297448397205e-03,7.451047418160879898e-01,1.316440469420950610e+00,0.000000000000000000e+00,0.000000000000000000e+00,-3.318446030607375419e-01,0.000000000000000000e+00
2.000000000000000000e+02,0.000000000000000000e+00,1.282545648692353657e-01,0.000000000000000000e+00,-2.534249944694955126e-01,-1.327982935839890355e-01,2.569139226155311984e-01,4.491173181554848626e-03,1.722533776091947244e+00,0.000000000000000000e+00,-3.216895276119304814e-01,-3.137373714383421067e-03,-1.928372420108017016e+00,1.778416450629271228e+00,7.927987858791429865e-02,1.745605422020890751e+00,-1.134784605460607484e-02,3.175666428079708566e-03,-1.509889758181098163e+00,0.000000000000000000e+00,8.842015674092750244e-01,1.126642915639502585e+00,0.000000000000000000e+00,0.000000000000000000e+00,-3.318446030607375419e-01,-4.391290053027249209e-03
3.000000000000000000e+02,4.223653851642527289e-03,0.000000000000000000e+00,0.000000000000000000e+00,-4.442549244315214252e-01,-1.633599274441420168e-01,2.569139226155311984e-01,0.000000000000000000e+00,1.346806096323860169e+00,0.000000000000000000e+00,-3.216895276119304814e-01,-1.869559611261769616e-01,-1.928372420108017016e+00,1.787116770882364314e+00,7.963605698463693816e-02,1.745605422020890751e+00,0.000000000000000000e+00,0.000000000000000000e+00,-1.524273067552396554e+00,0.000000000000000000e+00,7.705563450213829269e-01,9.782557372285520803e-01,0.000000000000000000e+00,0.000000000000000000e+00,-3.397013711110716816e-01,0.000000000000000000e+00
4.000000000000000000e+02,2.225882232635237601e-01,0.000000000000000000e+00,0.000000000000000000e+00,-4.671345739576244771e-01,-1.869186671657177834e-01,2.569139226155311984e-01,-4.576082769133365050e-03,1.420333390349335145e+00,0.000000000000000000e+00,-3.216895276119304814e-01,-1.869559611261769616e-01,-1.928372420108017016e+00,1.787116770882364314e+00,1.119722933437527768e-01,1.745605422020890751e+00,0.000000000000000000e+00,0.000000000000000000e+00,-1.506154749774335944e+00,0.000000000000000000e+00,7.451047418160879898e-01,1.364930165127191231e+00,0.000000000000000000e+00,0.000000000000000000e+00,-3.685095206289640823e-01,0.000000000000000000e+00
5.000000000000000000e+02,2.225882232635237601e-01,0.000000000000000000e+00,0.000000000000000000e+00,-4.658744192084124380e-01,-1.877888425899847114e-01,2.569139226155311984e-01,0.000000000000000000e+00,1.447516386517188947e+00,-4.137354546016078216e-02,-3.228103225011604849e-01,-1.869559611261769616e-01,-1.928372420108017016e+00,1.787116770882364314e+00,5.506867561331830335e-02,1.745605422020890751e+00,-4.170666482648448074e-03,2.620873203545109886e-01,-1.508786169860315107e+00,0.000000000000000000e+00,7.451047418160879898e-01,1.411082124748131328e+00,1.075881903515157976e-03,5.141042287168268859e-02,-3.685095206289640823e-01,0.000000000000000000e+00
6.000000000000000000e+02,3.198552961862047850e-01,6.009164454317724065e-03,0.000000000000000000e+00,-4.671345739576244771e-01,-1.877888425899847114e-01,2.569139226155311984e-01,0.000000000000000000e+00,1.447516386517188947e+00,-4.137354546016078216e-02,-3.216895276119304814e-01,-1.869559611261769616e-01,-1.928372420108017016e+00,1.787116770882364314e+00,5.785266806545407564e-02,1.745605422020890751e+00,0.000000000000000000e+00,2.638939264696942844e-01,-1.508786169860315107e+00,0.000000000000000000e+00,9.860040123941661294e-01,1.411082124748131328e+00,0.000000000000000000e+00,0.000000000000000000e+00,-3.785181612108606264e-01,3.759463175203782703e-01
7.000000000000000000e+02,3.191452159737629413e-01,-2.129564202473439513e-03,-1.417747613693368276e-03,-4.662553475628114508e-01,-2.128535354547993474e-01,2.149273346398375140e-01,1.351060322743163206e-03,9.948287049813748784e-01,-4.155218286733234484e-02,-2.813654926248077559e-01,-1.869559611261769616e-01,-1.861982118584185164e+00,1.787116770882364314e+00,5.785266806545407564e-02,1.745605422020890751e+00,-2.308977736983023055e-01,2.631480521442423615e-01,-1.515437242219901393e+00,0.000000000000000000e+00,8.416881467830162888e-01,1.411082124748131328e+00,0.000000000000000000e+00,-5.790339992659711407e-04,-3.685095206289640823e-01,3.749238174053247108e-01
8.000000000000000000e+02,1.971050689376475651e-01,-3.173998599141805103e-03,-4.758323823841673766e-03,-3.816325468735824455e-01,-2.754595475751689393e-01,2.149273346398375140e-01,1.789177807932739173e-01,1.447516386517188947e+00,-4.137354546016078216e-02,-2.475408464854949586e-01,-1.874569385154178092e-01,-1.861982118584185164e+00,1.787116770882364314e+00,7.649518611661208778e-02,1.957479723038071606e+00,-1.729718863711553895e-02,2.630052321223970702e-01,-1.508786169860315107e+00,0.000000000000000000e+00,5.530564155607115007e-01,1.411082124748131328e+00,-4.162366501556165332e-03,4.090629757862477775e-03,-3.685095206289640823e-01,3.759463175203782703e-01
9.000000000000000000e+02,2.342489681015370584e-01,0.000000000000000000e+00,0.000000000000000000e+00,-3.615648817065787446e-01,-2.629829211844283421e-01,2.142201114444971799e-01,1.789177807932739173e-01,1.395815990568002984e+00,-2.968616812314358103e-02,-2.813654926248077559e-01,-1.869559611261769616e-01,-1.861982118584185164e+00,9.586590681043922757e-01,6.457021710241828139e-02,1.957479723038071606e+00,-1.729718863711553895e-02,2.638939264696942844e-01,-1.508786169860315107e+00,0.000000000000000000e+00,5.530564155607115007e-01,1.410502700845414736e+00,3.012852302939251214e-01,4.049723460283849996e-01,-3.693794754088192134e-01,3.759463175203782703e-01
1.000000000000000000e+03,2.342489681015370584e-01,0.000000000000000000e+00,-4.037139117017488066e-01,-2.133546483901550828e-01,-2.629829211844283421e-01,1.160988468389778649e-01,1.789177807932739173e-01,1.048316026998152184e+00,-2.968616812314358103e-02,-2.813654926248077559e-01,-1.869559611261769616e-01,-1.861982118584185164e+00,9.586590681043922757e-01,8.918412117742492706e-02,2.120609627959026078e+00,-1.126591742416629439e-02,2.638939264696942844e-01,-1.848529905961185937e+00,0.000000000000000000e+00,5.561803734203765170e-01,1.486060433520177027e+00,3.012852302939251214e-01,4.049723460283849996e-01,-3.685095206289640823e-01,3.778073720445974670e-01
1.100000000000000000e+03,2.438804044022729600e-01,-1.403006136793322478e-01,-4.040735143434595611e-01,-2.136235868968846541e-01,-2.500276051513381503e-01,1.241026895709877037e-01,1.789803214193849412e-01,1.045899055653918941e+00,-3.995917637710458270e-02,-3.069425314692969531e-01,-1.869559611261769616e-01,-1.861982118584185164e+00,4.809109194102726970e-01,8.918412117742492706e-02,2.831101820806690927e+00,-1.125519853756063934e-02,2.638939264696942844e-01,-2.436634567970887844e+00,0.000000000000000000e+00,5.539837299350128808e-01,1.486060433520177027e+00,2.351897773536925917e-01,4.049723460283849996e-01,-3.672667933451457811e-01,3.759463175203782703e-01
1.200000000000000000e+03,2.659366013587663446e-01,-1.902531201847604825e-01,-4.040735143434595611e-01,-2.102788255861014199e-01,-2.500276051513381503e-01,1.428900113979927056e-01,1.789177807932739173e-01,1.030749455630244116e+00,-3.995917637710458270e-02,-2.813654926248077559e-01,-1.869559611261769616e-01,-1.861982118584185164e+00,4.813920671752196512e-01,8.918412117742492706e-02,2.324522009110218779e+00,-1.130802161003593119e-02,2.638939264696942844e-01,-2.475841291010703937e+00,0.000000000000000000e+00,5.530564155607115007e-01,1.492246570486638335e+00,2.351897773536925917e-01,4.049723460283849996e-01,-3.672667933451457811e-01,3.759463175203782703e-01
1.300000000000000000e+03,2.659366013587663446e-01,-2.003254837782922071e-01,-3.427877519962971853e-01,-2.104463817545214610e-01,-2.511978803303112073e-01,1.391454030765034156e-01,1.789177807932739173e-01,1.037757309966321095e+00,-3.995917637710458270e-02,-2.821444163490426371e-01,-1.869559611261769616e-01,-1.861982118584185164e+00,4.809109194102726970e-01,8.918412117742492706e-02,2.324522009110218779e+00,-1.130802161003593119e-02,2.638939264696942844e-01,-2.469973404704301156e+00,0.000000000000000000e+00,5.048232419066809307e-01,1.342631301039476366e+00,2.351897773536925917e-01,4.197864214218170464e-01,-3.672667933451457811e-01,3.740890390398578513e-01
1.400000000000000000e+03,3.782395514415146653e-01,-2.003254837782922071e-01,-4.427152256605211833e-01,-2.102788255861014199e-01,-2.500276051513381503e-01,1.428900113979927056e-01,1.789177807932739173e-01,1.053155163928628291e+00,-3.995917637710458270e-02,-2.690560349336327817e-01,-1.869559611261769616e-01,-1.861982118584185164e+00,4.801599119412000016e-01,9.645667413590965078e-02,2.324522009110218779e+00,-1.130514590648807466e-02,2.638939264696942844e-01,-2.475841291010703937e+00,0.000000000000000000e+00,4.085756515285250967e-01,1.538100271947264286e+00,3.140637490555313049e-01,4.049723460283849996e-01,-3.832590580204799369e-01,3.748433830343277928e-01
1.500000000000000000e+03,3.782395514415146653e-01,-2.003254837782922071e-01,-4.427152256605211833e-01,-2.102788255861014199e-01,-1.685677018940707483e-01,9.903706385395100176e-02,1.789177807932739173e-01,1.052364550670168208e+00,-3.995917637710458270e-02,-2.783608029326501976e-01,-1.869559611261769616e-01,-1.861982118584185164e+00,4.809109194102726970e-01,9.645667413590965078e-02,2.324522009110218779e+00,-1.136424506704039258e-02,2.638939264696942844e-01,-2.475841291010703937e+00,0.000000000000000000e+00,4.083568945986213450e-01,1.166114524301827826e+00,3.140637490555313049e-01,2.974956978307333189e-01,-3.672667933451457811e-01,3.759463175203782703e-01
1.600000000000000000e+03,3.769219606470617379e-01,-2.003254837782922071e-01,-2.403983299102216975e-01,-2.102788255861014199e-01,-1.510993529735485397e-01,9.359399752694760877e-02,1.789177807932739173e-01,1.048316026998152184e+00,-4.002072384264235283e-02,-2.768978672673646502e-01,-1.869559611261769616e-01,-1.861982118584185164e+00,4.809109194102726970e-01,7.367462764790631835e-02,2.324522009110218779e+00,-1.581853869643112462e-02,2.638939264696942844e-01,-2.025883992788344745e+00,0.000000000000000000e+00,4.083568945986213450e-01,1.081779026923655351e+00,3.140637490555313049e-01,2.974956978307333189e-01,-3.675747629104131886e-01,4.673520653533410063e-01
1.700000000000000000e+03,3.782395514415146653e-01,-2.477986660822923959e-01,-2.403983299102216975e-01,-2.102788255861014199e-01,-1.953135261651380572e-01,9.355544541094579225e-02,1.789177807932739173e-01,1.219788534069897512e+00,-3.995917637710458270e-02,-2.790312262092288220e-01,-1.869559611261769616e-01,-1.861982118584185164e+00,5.427698386170197731e-01,6.760257091741724012e-02,2.324522009110218779e+00,-1.498595415350785498e-02,2.638939264696942844e-01,-1.838457129616141605e+00,0.000000000000000000e+00,4.083568945986213450e-01,1.093878540823371548e+00,3.140637490555313049e-01,2.974956978307333189e-01,-3.672667933451457811e-01,4.673520653533410063e-01
1.800000000000000000e+03,3.782395514415146653e-01,-2.472376904181576573e-01,-2.403983299102216975e-01,-2.102788255861014199e-01,-1.953135261651380572e-01,5.907834931097635106e-02,1.789177807932739173e-01,1.434129167909578451e+00,-3.995917637710458270e-02,-2.773283810612069966e-01,-1.869559611261769616e-01,-1.861982118584185164e+00,6.147643648525756843e-01,6.001250000430593395e-02,2.787885156810681053e+00,-1.581853869643112462e-02,2.638939264696942844e-01,-2.325923501794226134e+00,0.000000000000000000e+00,3.265697038594383983e-01,1.623170361610240642e+00,3.140637490555313049e-01,2.974956978307333189e-01,-3.672667933451457811e-01,4.673520653533410063e-01
1.900000000000000000e+03,3.782395514415146653e-01,-2.472376904181576573e-01,-3.531988547378965837e-01,-1.917463748797095247e-01,-1.953135261651380572e-01,5.817666024437205541e-02,1.789177807932739173e-01,1.434129167909578451e+00,-3.995917637710458270e-02,-3.295074388499095730e-01,-1.869559611261769616e-01,-1.861982118584185164e+00,6.147643648525756843e-01,6.001250000430593395e-02,2.787885156810681053e+00,-1.448354189565990123e-02,4.055429853417756303e-01,-2.315226811502808957e+00,0.000000000000000000e+00,3.265697038594383983e-01,9.668070430060452525e-01,3.140637490555313049e-01,2.974956978307333189e-01,-2.488851906969093974e-01,5.681399097584061142e-01
2.000000000000000000e+03,3.782395514415146653e-01,-2.472376904181576573e-01,-3.025325039881529565e-01,-1.287902881662935373e-01,-1.953135261651380572e-01,5.899469394132125094e-02,1.789177807932739173e-01,1.441089108209881120e+00,-3.995917637710458270e-02,-3.295074388499095730e-01,-1.869559611261769616e-01,-1.861982118584185164e+00,6.147643648525756843e-01,7.719425992995437857e-02,2.787885156810681053e+00,-1.381604349527425918e-02,4.061864443632136057e-01,-1.868942834823000387e+00,-4.977579848362556625e-03,3.501478873385364121e-01,8.879675669398637838e-01,4.474978690105782531e-01,2.974956978307333189e-01,-2.488851906969093974e-01,5.681399097584061142e-01
2.100000000000000000e+03,3.782395514415146653e-01,-2.454176434230748716e-01,-3.025325039881529565e-01,-1.287902881662935373e-01,-1.953135261651380572e-01,8.807788956737895580e-02,1.789177807932739173e-01,1.434129167909578451e+00,-3.995917637710458270e-02,-3.316866801914979956e-01,-1.734938182152849229e-01,-1.861982118584185164e+00,6.147643648525756843e-01,7.704861927545397782e-02,2.781386431978093654e+00,-1.380857075116137707e-02,4.084385509382472135e-01,-1.868942834823000387e+00,-4.977579848362556625e-03,3.501478873385364121e-01,8.879675669398637838e-01,4.474978690105782531e-01,2.974956978307333189e-01,-2.488851906969093974e-01,5.681399097584061142e-01
2.200000000000000000e+03,3.782395514415146653e-01,-2.472376904181576573e-01,-3.025503148144712551e-01,-1.287902881662935373e-01,-2.024701335773041455e-01,8.807788956737895580e-02,1.789177807932739173e-01,1.434129167909578451e+00,-3.995917637710458270e-02,-3.295074388499095730e-01,-1.286494615699470823e-01,-1.861982118584185164e+00,6.147643648525756843e-01,7.719425992995437857e-02,2.787885156810681053e+00,-1.381604349527425918e-02,4.530943358536159704e-01,-1.909659650709662371e+00,-4.977579848362556625e-03,2.295539882998257897e-01,8.879675669398637838e-01,5.589787075426314589e-01,2.923851527233486403e-01,-2.488851906969093974e-01,5.523313476086246787e-01
2.300000000000000000e+03,3.782395514415146653e-01,-3.139512452260915798e-01,-2.887804039997019512e-01,-1.287902881662935373e-01,-2.032246494791477009e-01,8.807788956737895580e-02,1.789177807932739173e-01,1.434129167909578451e+00,-3.995917637710458270e-02,-1.836401403729348569e-01,-1.340376377661039731e-01,-1.925088561891634464e+00,6.167247608057881969e-01,7.719425992995437857e-02,2.787885156810681053e+00,-1.321070433043439359e-02,4.530943358536160259e-01,-2.235394177802958904e+00,-4.977579848362556625e-03,2.284241940709662855e-01,8.866607460302711186e-01,4.474978690105783086e-01,2.974956978307333189e-01,-2.477499278704565766e-01,7.243340468254630959e-01
2.400000000000000000e+03,3.782395514415146653e-01,-2.472376904181576573e-01,-3.390332445854584709e-01,-1.287902881662935373e-01,-2.336772032328444937e-01,1.221241399091289315e-01,1.789177807932739173e-01,1.964287585885816201e+00,-3.995917637710458270e-02,-1.836401403729348569e-01,-1.395335093705610818e-01,-1.861982118584185164e+00,6.452665469978028367e-01,7.719425992995437857e-02,2.779829227745843845e+00,-1.381604349527425918e-02,4.530943358536159704e-01,-2.235394177802958904e+00,-4.977579848362556625e-03,2.028646218783847488e-01,8.879675669398637838e-01,4.483644876538607771e-01,2.974956978307333189e-01,-2.488851906969093974e-01,4.863335161920480099e-01
2.500000000000000000e+03,3.782395514415146653e-01,-3.307167133168927853e-01,-3.390332445854584709e-01,-1.287902881662935373e-01,-2.325484770865634820e-01,1.337530529408398339e-01,1.792922174296811277e-01,1.601116063405734868e+00,-3.995917637710458270e-02,-1.619460454932438453e-01,-1.340376377661039731e-01,-1.861982118584185164e+00,6.452665469978028367e-01,7.719425992995437857e-02,2.787885156810681053e+00,-1.381604349527425918e-02,4.530943358536159704e-01,-2.368654721718568279e+00,-4.977579848362556625e-03,2.707401026589810189e-01,8.879675669398637838e-01,4.474978690105782531e-01,2.974956978307333189e-01,-2.270575541616690896e-01,4.863335161920480099e-01
2.600000000000000000e+03,3.782395514415146653e-01,-3.307167133168927853e-01,-3.390332445854584709e-01,-1.287902881662935373e-01,-2.261036716967445293e-01,9.073030359622787089e-02,1.789177807932739173e-01,1.477707687260645830e+00,-3.995917637710458270e-02,-1.843454004869851115e-01,-1.235031350735218830e-01,-1.861982118584185164e+00,6.028459262667732466e-01,7.217793536232912366e-02,2.787885156810681053e+00,-1.381604349527425918e-02,4.288135718569441313e-01,-2.235394177802958904e+00,-4.977579848362556625e-03,2.707401026589810189e-01,8.879675669398637838e-01,4.474978690105782531e-01,2.974956978307333189e-01,-2.095954449334768988e-01,3.055113857125653087e-01
2.700000000000000000e+03,3.781221890168258160e-01,-3.307167133168927853e-01,-3.390332445854584709e-01,-1.287902881662935373e-01,-1.546481659218230942e-01,6.757204689810844545e-02,1.789177807932739173e-01,1.484217366736058530e+00,-3.995917637710458270e-02,-2.056537902542907581e-01,-1.340376377661039731e-01,-1.861982118584185164e+00,6.028459262667732466e-01,6.816487570822891973e-02,3.931503607716122506e+00,-1.381604349527425918e-02,4.530943358536159704e-01,-1.502431522293220745e+00,-4.977579848362556625e-03,3.404102564897755756e-01,8.879675669398637838e-01,4.959193264779149235e-01,2.969156732677966648e-01,-3.053310443304307342e-01,3.067501650225030185e-01
2.800000000000000000e+03,3.172815270647323938e-01,-1.653779080726155704e-01,-3.390332445854584709e-01,-8.442408214898286523e-02,-1.547239448360344660e-01,6.757204689810844545e-02,1.789177807932739173e-01,1.484217366736058530e+00,-3.995917637710458270e-02,-2.063734426775168662e-01,-1.340428291139814099e-01,-2.371072163314027037e+00,6.028459262667732466e-01,6.843900693784339684e-02,3.218112440531405216e+00,-1.379820269159740681e-02,4.530943358536159704e-01,-1.470770849060063723e+00,-4.977579848362556625e-03,3.780002065478433870e-01,8.879675669398637838e-01,5.472639258506554194e-01,2.986780092658561370e-01,-3.053310443304307342e-01,3.067501650225030185e-01
2.900000000000000000e+03,3.782395514415146653e-01,-1.653779080726155704e-01,-1.468895269087334698e-01,-8.840203064461599203e-02,-1.547239448360344660e-01,4.117756906273854073e-02,1.789177807932739173e-01,1.484217366736058530e+00,-3.634858147694511321e-02,-2.056537902542907581e-01,-1.340428291139814099e-01,-2.380055763454129281e+00,6.028459262667732466e-01,6.816487570822891973e-02,3.218112440531405216e+00,-1.381604349527425918e-02,4.530943358536159704e-01,-1.551419511584719801e+00,-6.063480479272127625e-03,3.779073540085248206e-01,9.267210240567380630e-01,5.201300552115833975e-01,3.174447830325040076e-01,-3.053310443304307342e-01,3.067501650225030185e-01
3.000000000000000000e+03,2.375135761657898581e-01,-1.653055318858740186e-01,-1.468895269087334698e-01,-8.840203064461599203e-02,-1.547239448360344660e-01,1.582819057253058437e-02,2.166364590458453587e-01,1.661636147270886044e+00,-3.995917637710458270e-02,-2.370539808255075209e-01,-1.340428291139814099e-01,-2.380055763454129281e+00,6.028459262667732466e-01,6.816487570822891973e-02,3.218112440531405216e+00,-1.871977264714535377e-02,2.269093842030104058e-01,-1.585057784059094033e+00,-6.379842120481653452e-03,2.875225786852811383e-01,1.258855796911147795e+00,4.125785505593884128e-01,2.974956978307333189e-01,-3.053310443304307342e-01,3.067501650225030185e-01
3.100000000000000000e+03,2.375135761657898581e-01,-1.653779080726155704e-01,-1.468895269087334698e-01,-8.840203064461599203e-02,-1.689710810185319489e-01,1.192240555304498358e-02,3.117101765372957134e-01,1.661636147270886044e+00,-3.984551305704036456e-02,-1.929883235351263771e-01,-1.340428291139814099e-01,-2.380055763454129281e+00,6.028459262667732466e-01,6.421081711048698404e-02,3.218112440531405216e+00,-1.096144843061763567e-02,2.269093842030104058e-01,-1.475150507083219376e+00,-6.373737802389148159e-03,3.166308751726212289e-01,1.391828175248960298e+00,4.125785505593884128e-01,2.985438506868483555e-01,-4.427263885397403342e-01,2.820812215402523360e-01
3.200000000000000000e+03,2.375135761657898581e-01,-1.653779080726155704e-01,-1.468895269087334698e-01,-8.840203064461599203e-02,-2.195759113318478117e-01,1.192240555304498358e-02,3.117101765372957134e-01,1.658928174695211144e+00,-3.995917637710458270e-02,-1.577357977028216451e-01,-1.340428291139814099e-01,-2.380055763454129281e+00,6.895248381577893104e-01,6.816487570822891973e-02,3.218112440531405216e+00,-1.090741858230916128e-02,2.269093842030104058e-01,-1.102849409231480449e+00,-6.373737802389148159e-03,2.914036183458780793e-01,1.492558342690541107e+00,4.125785505593884128e-01,2.974956978307333189e-01,-4.607297115748998362e-01,2.820812215402523360e-01
3.300000000000000000e+03,2.258171451575716471e-01,-1.653779080726155704e-01,-1.468221952300122757e-01,-8.839308714478145979e-02,-1.918794964088263166e-01,1.192240555304498531e-02,3.117101765372957134e-01,1.666649077786199751e+00,-3.995917637710458270e-02,-1.577964567625245729e-01,-1.281597916280252103e-01,-2.380055763454129281e+00,6.895248381577891994e-01,6.816487570822891973e-02,3.218112440531405216e+00,-1.090741858230916128e-02,2.269093842030103780e-01,-1.097473321414382141e+00,-6.373737802389148159e-03,2.966015559781822741e-01,1.492558342690541329e+00,4.125785505593884128e-01,2.974956978307333189e-01,-4.915824581531839654e-01,2.999928026185374463e-01
3.400000000000000000e+03,3.309921208502251133e-01,-1.653779080726155704e-01,-1.468895269087334698e-01,-8.840203064461599203e-02,-2.186117685328028137e-01,1.192240555304498358e-02,3.117101765372957134e-01,1.661636147270886044e+00,-4.048373305310308534e-02,-1.584301384538857327e-01,-1.340428291139814099e-01,-2.380055763454129281e+00,6.898926485724319324e-01,6.816487570822891973e-02,2.117700094750497364e+00,-9.930691954237652608e-03,2.269093842030104058e-01,-1.102849409231480449e+00,-6.373737802389148159e-03,2.905297074570012406e-01,1.246504418930200808e+00,4.125785505593884128e-01,2.974956978307333189e-01,-4.607297115748998362e-01,2.422209017855865565e-01
3.500000000000000000e+03,3.309921208502251133e-01,-1.653779080726155704e-01,-1.470901619639944646e-01,-9.234224224372472589e-02,-2.195759113318478117e-01,1.187563907118898213e-02,3.117101765372957134e-01,2.198911749058509724e+00,-3.995917637710458270e-02,-1.587864045351930486e-01,-1.344749498559929535e-01,-2.371154093288884379e+00,7.541404696004474495e-01,6.816487570822891973e-02,2.117700094750497364e+00,-9.930691954237652608e-03,2.269093842030104058e-01,-1.102849409231480449e+00,-6.373737802389148159e-03,1.938264627314225941e-01,1.854280927267032419e+00,4.125785505593884128e-01,1.496485947037329289e-01,-4.256842555162906327e-01,2.422209017855865565e-01
3.600000000000000000e+03,3.309921208502251133e-01,-1.653779080726155704e-01,-1.468895269087334698e-01,-7.680439270588901302e-02,-2.340815301564330708e-01,1.192240555304498358e-02,3.117101765372957134e-01,2.198911749058509724e+00,-3.995917637710458270e-02,-1.577357977028216451e-01,-1.340428291139814099e-01,-2.385530575728325164e+00,1.080322733743301233e+00,6.816487570822891973e-02,2.117700094750497364e+00,-9.930691954237652608e-03,2.269093842030104058e-01,-1.102849409231480449e+00,-6.373737802389148159e-03,1.938264627314225941e-01,1.858435574749783381e+00,4.125785505593884128e-01,1.463001960304719795e-01,-2.234897289045275903e-01,2.043554701770169679e-01
3.700000000000000000e+03,3.309921208502251133e-01,-1.653779080726155704e-01,-1.468895269087334698e-01,-1.012736112408736400e-01,-2.195759113318478117e-01,1.192240555304498358e-02,3.120347898109570028e-01,2.227036735115059507e+00,-3.995917637710458270e-02,-2.359288491604231430e-01,-8.828942109302397034e-02,-2.380055763454129281e+00,1.081885474091230037e+00,4.495377365405538866e-02,2.117700094750497364e+00,-8.730008982104743923e-03,2.269093842030104058e-01,-1.102849409231480449e+00,-6.640277585137388180e-03,1.938264627314225941e-01,1.858435574749783381e+00,4.125785505593884128e-01,1.463001960304719795e-01,-2.234897289045275903e-01,2.043554701770169679e-01
3.800000000000000000e+03,3.309921208502251133e-01,-1.653779080726155704e-01,-1.468895269087334698e-01,-9.700395405798439841e-02,-2.195759113318478117e-01,1.192240555304498531e-02,3.117101765372957134e-01,2.198911749058509724e+00,-3.995917637710458270e-02,-2.370083453243271576e-01,-8.555297307179021704e-02,-2.380055763454129281e+00,1.080322733743301233e+00,4.632242383661920593e-02,2.117700094750497364e+00,-6.970777153228233103e-03,3.061027097163053212e-01,-1.098340984902423711e+00,-6.135963752823026494e-03,2.015398688806460392e-01,1.858435574749783381e+00,4.125785505593884128e-01,1.463001960304719795e-01,-2.234897289045275903e-01,2.043554701770169679e-01
3.900000000000000000e+03,3.309921208502251133e-01,-1.653779080726155704e-01,-1.468895269087334698e-01,-9.700395405798439841e-02,-2.195759113318478117e-01,7.662273032291029920e-03,2.855484870535170971e-01,2.198911749058509724e+00,-3.995917637710458270e-02,-2.359288491604231430e-01,-5.481394199726410954e-02,-2.380055763454129281e+00,1.080322733743301233e+00,4.632242383661920593e-02,2.124144211419280115e+00,-6.983330304153362485e-03,3.061027097163053212e-01,-1.102849409231480449e+00,-6.373737802389148159e-03,2.673602457262871934e-01,1.858435574749783381e+00,5.578289075708297018e-01,1.962914350033383160e-01,-2.234897289045275903e-01,2.043554701770169679e-01
4.000000000000000000e+03,3.309921208502251133e-01,-1.653779080726155704e-01,-1.468895269087334698e-01,-9.700395405798439841e-02,-2.195759113318478117e-01,5.094983475449281485e-03,2.855484870535170971e-01,2.198911749058509724e+00,-3.995917637710458270e-02,-2.363805684014657627e-01,-5.471280948824543133e-02,-2.380055763454129281e+00,1.036079190397656280e+00,4.632242383661920593e-02,3.006338844686334166e+00,-7.207055664616932207e-03,3.061027097163053212e-01,-1.102849409231480449e+00,-6.373737802389148159e-03,2.712406891380663154e-01,1.857606868528678179e+00,5.578289075708297018e-01,1.962914350033383160e-01,-2.430255215342720376e-01,2.043554701770169679e-01
4.100000000000000000e+03,1.876427278973271939e-01,-1.653779080726155704e-01,-1.356263628804726118e-01,-9.700395405798439841e-02,-1.919289101453681146e-01,5.274540310587451895e-03,2.855484870535170971e-01,2.198911749058509724e+00,-3.995917637710458270e-02,-2.218222241794647331e-01,-6.163632048378017703e-02,-2.380055763454129281e+00,1.084395012744196585e+00,4.632242383661920593e-02,4.338137446951330745e+00,-7.175761384049568307e-03,3.061027097163053212e-01,-1.102849409231480449e+00,-6.373737802389148159e-03,2.681139588874484336e-01,2.168738086987842539e+00,5.578289075708297018e-01,1.962914350033383160e-01,-2.297279751100510803e-01,2.043554701770169679e-01
4.200000000000000000e+03,1.602015526525998323e-01,-1.653779080726155704e-01,-1.356263628804726118e-01,-1.023619402784101129e-01,-2.139332764467999637e-01,7.550431996605847136e-03,2.855484870535170971e-01,2.198911749058509724e+00,-3.995917637710458270e-02,-2.427311308397544221e-01,-6.903956729930274538e-02,-2.380055763454129281e+00,1.080322733743301233e+00,5.709045430805931298e-02,4.276947138538470305e+00,-7.199629164722306900e-03,3.061027097163053212e-01,-1.102849409231480449e+00,-6.373737802389148159e-03,2.663032492098311166e-01,2.377078341517067983e+00,5.578289075708297018e-01,1.962914350033383160e-01,-2.430255215342720376e-01,1.547996163432597827e-01
4.300000000000000000e+03,1.601381974695308685e-01,-1.653779080726155704e-01,-1.361906904731161050e-01,-8.836836142718515474e-02,-2.139332764467999637e-01,7.550431996605847136e-03,2.855484870535170971e-01,2.198911749058509724e+00,-3.995917637710458270e-02,-2.331894673755167402e-01,-6.889310082899574583e-02,-2.380055763454129281e+00,1.080322733743301233e+00,5.723799202206893144e-02,4.256356965967653672e+00,-7.199629164722306900e-03,3.061027097163053212e-01,-1.102849409231480449e+00,-6.373737802389148159e-03,1.549952560306913363e-01,1.313220252077718309e+00,5.578289075708297018e-01,1.962914350033383160e-01,-2.430255215342720376e-01,1.542581169306267708e-01
4.400000000000000000e+03,1.605809425226598364e-01,-1.653779080726155704e-01,-1.356263628804726118e-01,-8.837404420916714076e-02,-1.551328918275594049e-01,1.002482687425830868e-02,2.855484870535170971e-01,2.198911749058509724e+00,-4.067413628836704514e-02,-1.578200938033623990e-01,-5.571969831052735883e-02,-2.380055763454129281e+00,1.080322733743301233e+00,5.723799202206893144e-02,4.462311794785931873e+00,-4.548770383965733063e-03,3.061027097163053212e-01,-1.102849409231480449e+00,-6.373737802389148159e-03,1.691994001511165080e-01,1.244680865059833996e+00,5.578289075708297018e-01,1.962914350033383160e-01,-2.202673484942821169e-01,1.547996163432597827e-01
4.500000000000000000e+03,1.602015526525998323e-01,-1.649742720389144601e-01,-1.356263628804726118e-01,-8.836836142718515474e-02,-1.109284704742208999e-01,9.953071968551779544e-03,2.214863588037923048e-01,2.092555508433754596e+00,-3.995917637710458270e-02,-1.578200938033623990e-01,-5.971969806819719950e-02,-2.377055037310980001e+00,1.080322733743301233e+00,5.723799202206893144e-02,2.726674338970328293e+00,-4.517749977893182819e-03,3.061027097163053212e-01,-1.102849409231480449e+00,-6.373737802389148159e-03,8.294145150925516519e-02,1.244680865059833996e+00,3.037570081578416237e-01,1.962914350033383160e-01,-2.202673484942821169e-01,1.546623824985494389e-01
4.600000000000000000e+03,1.595953382136280907e-01,-1.447949494650354607e-01,-1.356263628804726118e-01,-8.836836142718515474e-02,-1.255076972628965670e-01,9.953071968551779544e-03,2.218124566402824849e-01,2.092555508433754596e+00,-3.995917637710458270e-02,-8.562389236207341991e-02,-6.024828620621419661e-02,-2.377055037310980001e+00,1.080322733743301233e+00,4.989519913381555011e-02,2.726674338970328293e+00,-2.705560238692819499e-03,3.062890233927515471e-01,-1.102849409231480449e+00,-6.373737802389148159e-03,8.297234389071907190e-02,1.244680865059833996e+00,3.037570081578416237e-01,2.127351473142460314e-01,-2.194110423017095746e-01,1.543178632281356488e-01
4.700000000000000000e+03,1.602015526525998323e-01,-1.345034701612453920e-01,-1.356263628804726118e-01,-8.836836142718515474e-02,-1.248016661224791296e-01,9.953071968551779544e-03,2.218124566402824849e-01,2.092555508433754596e+00,-3.995917637710458270e-02,-8.619664654077126287e-02,-6.024828620621419661e-02,-1.959636474497537861e+00,1.080322733743301233e+00,4.989519913381555011e-02,1.709856251193968113e+00,-4.111197399156717690e-03,3.061027097163053212e-01,-1.102849409231480449e+00,-6.373737802389148159e-03,6.247281985363060952e-02,1.212068044005546241e+00,3.037570081578416237e-01,2.127351473142460314e-01,-2.202673484942821169e-01,1.547996163432597827e-01
4.800000000000000000e+03,1.602015526525998323e-01,-1.345034701612453920e-01,-1.356263628804726118e-01,-9.849154415926336670e-02,-1.255076972628965670e-01,9.971936888250298656e-03,2.218124566402824849e-01,2.092555508433754596e+00,-3.587583759159628655e-02,-1.018285203838107666e-01,-3.393804883056452532e-02,-1.959636474497537861e+00,1.376653958459867155e+00,4.989519913381555011e-02,1.628741399789473743e+00,-5.892458378028228236e-03,3.061027097163053212e-01,-1.102849409231480449e+00,-6.373737802389148159e-03,6.247281985363060952e-02,1.244680865059833996e+00,3.037570081578416237e-01,2.127351473142460314e-01,-1.752742167712304511e-01,1.547996163432597827e-01
4.900000000000000000e+03,2.047933531209909508e-01,-1.359169808734029816e-01,-1.356263628804726118e-01,-9.849154415926336670e-02,-1.193342340060618290e-01,9.953071968551779544e-03,2.181326471283297763e-01,2.092555508433754596e+00,-4.010106418465361755e-02,-5.019792155369637299e-02,-3.390460172899932567e-02,-1.959636474497537861e+00,8.861299182733596291e-01,4.989519913381555011e-02,1.628741399789473743e+00,-7.597149445421275474e-03,1.837586950948251197e-01,-1.102849409231480449e+00,-6.373737802389148159e-03,6.247281985363060952e-02,1.244680865059833996e+00,3.046017613854792860e-01,2.127351473142460314e-01,-1.752742167712304511e-01,1.547996163432597827e-01
5.000000000000000000e+03,1.942075155997853020e-01,-1.345034701612453920e-01,-1.356263628804726118e-01,-9.849154415926336670e-02,-1.054771357527997250e-01,9.558475534426574480e-03,2.181326471283297763e-01,2.092555508433754596e+00,-3.995917637710458270e-02,-6.104120467260277377e-02,-3.406739315250156830e-02,-1.959636474497537861e+00,8.861299182733597402e-01,4.989519913381555011e-02,1.622099280639303309e+00,-6.973261746859054332e-03,1.837586950948251197e-01,-1.102849409231480449e+00,-6.373737802389148159e-03,6.222515144791071484e-02,1.244680865059833996e+00,3.037570081578416237e-01,2.127351473142460314e-01,-1.752742167712304511e-01,1.547996163432597827e-01
5.100000000000000000e+03,2.512293371013425980e-01,-1.345034701612453920e-01,-1.356263628804726118e-01,-9.849154415926336670e-02,-1.050594270637818795e-01,8.792235875844198190e-03,2.176285290630446123e-01,1.574910881852153111e+00,-3.748202116048258287e-02,-6.073545019173483273e-02,-3.390460172899932567e-02,-1.959636474497537861e+00,8.861299182733596291e-01,4.989519913381555011e-02,2.429695878126175046e+00,-6.983001518331010023e-03,1.837586950948251197e-01,-1.464160746448499140e+00,-6.373737802389148159e-03,6.247281985363060952e-02,1.612118139151359930e+00,3.037570081578416237e-01,2.127351473142460314e-01,-1.752742167712304511e-01,1.547996163432597827e-01
5.200000000000000000e+03,2.212829923236552809e-01,-1.345034701612453920e-01,-1.354477287074347946e-01,-9.849154415926336670e-02,-1.054771357527997250e-01,7.165043929931901728e-03,2.181326471283297763e-01,1.574910881852153111e+00,-3.748202116048258287e-02,-6.872905240841513386e-02,-3.371698473812639180e-02,-1.959636474497537861e+00,8.861299182733596291e-01,4.989519913381555011e-02,2.429695878126175046e+00,-6.382209501794253517e-03,1.837586950948251197e-01,-1.464160746448499140e+00,-6.373737802389148159e-03,5.903955091619794704e-02,1.606147013499505505e+00,3.031740417835982471e-01,2.120206636989094007e-01,-1.752742167712304511e-01,1.547996163432597827e-01
5.300000000000000000e+03,2.203812014960997712e-01,-1.345034701612453920e-01,-1.265273327478116661e-01,-9.849154415926336670e-02,-1.054771357527997250e-01,7.119713698333713509e-03,2.181326471283297763e-01,1.574910881852153111e+00,-3.748202116048258287e-02,-4.554298048634918689e-02,-3.399305929645376340e-02,-1.148598233071922214e+00,8.861299182733596291e-01,4.989519913381555011e-02,2.429695878126175046e+00,-8.421522361032029655e-03,1.837586950948251197e-01,-1.464160746448499140e+00,-6.373737802389148159e-03,3.186549101223676989e-02,1.612769064014991205e+00,3.037570081578416237e-01,2.116827876568558586e-01,-1.752742167712304511e-01,1.547996163432597827e-01
5.400000000000000000e+03,2.203812014960997712e-01,-1.345034701612453920e-01,-1.203376146088479537e-01,-9.849154415926336670e-02,-1.054771357527997250e-01,7.179291728962886553e-03,2.181326471283297763e-01,1.574910881852153111e+00,-3.748202116048258287e-02,-4.554298048634918689e-02,-3.384506613101343625e-02,-1.148598233071922214e+00,8.861299182733596291e-01,4.989519913381555011e-02,2.429695878126175046e+00,-8.423251629017391648e-03,1.837586950948251197e-01,-1.464160746448499140e+00,-6.351520495494612610e-03,3.186549101223676989e-02,1.611198014769544828e+00,3.047935517518912674e-01,2.127351473142460314e-01,-1.752742167712304511e-01,9.374159355657937787e-02
5.500000000000000000e+03,2.203812014960997712e-01,-1.345034701612453920e-01,-1.458777038237034640e-01,-9.849154415926336670e-02,-6.694377823854157084e-02,4.535185813497099282e-03,2.181326471283297763e-01,1.574910881852153111e+00,-3.748202116048258287e-02,-4.554298048634918689e-02,-4.936185042811328666e-02,-1.148598233071922214e+00,8.861299182733596291e-01,4.989519913381555011e-02,2.488972764742419130e+00,-8.421522361032029655e-03,1.837586950948251197e-01,-1.464160746448499140e+00,-6.373737802389148159e-03,3.021227893632968606e-02,1.611198014769544828e+00,3.037570081578416237e-01,1.287400036057597397e-01,-1.752742167712304511e-01,9.374159355657937787e-02
5.600000000000000000e+03,2.199631446773324117e-01,-1.346818049788775784e-01,-1.203376146088479537e-01,-9.849154415926336670e-02,-6.694377823854157084e-02,7.155724948676891843e-03,2.181326471283297763e-01,2.070528625917689158e+00,-3.748202116048258287e-02,-4.543627931254512475e-02,-5.564253686245223401e-02,-1.148598233071922214e+00,8.861299182733596291e-01,4.989519913381555011e-02,2.844562460435068108e+00,-6.330888298893821813e-03,1.837586950948251197e-01,-1.464160746448499140e+00,-6.373737802389148159e-03,2.152192773394855790e-02,1.611198014769544828e+00,3.037570081578416237e-01,8.909221576773078410e-02,-2.001879441394967818e-01,6.906241712529620491e-02
5.700000000000000000e+03,2.203812014960997712e-01,-1.721805729503533833e-01,-1.203376146088479537e-01,-9.849154415926336670e-02,-6.694377823854157084e-02,7.155724948676891843e-03,2.178651209794124910e-01,2.598502425684729999e+00,-3.748202116048258287e-02,-5.500942215308857186e-02,-5.577315019552329250e-02,-1.148598233071922214e+00,1.139419919836061945e+00,4.989519913381555011e-02,2.896366040445792933e+00,-6.330888298893821813e-03,1.837586950948251197e-01,-1.464160746448499140e+00,-6.373737802389148159e-03,2.146890573806443589e-02,1.611198014769544828e+00,3.038176411705981739e-01,9.508181852748918972e-02,-1.752742167712304511e-01,9.374159355657937787e-02
5.800000000000000000e+03,2.203812014960997712e-01,-1.721805729503533833e-01,-1.203376146088479537e-01,-9.849154415926336670e-02,-6.694377823854157084e-02,8.405045929747919156e-03,2.191238055983611155e-01,2.598502425684729999e+00,-3.748202116048258287e-02,-4.097491234671402777e-02,-4.842424189688535052e-02,-1.148598233071922214e+00,1.139419919836061945e+00,4.989519913381555011e-02,2.896366040445792933e+00,-8.975229828448198430e-03,1.837586950948251197e-01,-1.464160746448499140e+00,-6.373737802389148159e-03,2.052418559894769734e-02,1.611198014769544828e+00,3.037570081578416237e-01,8.967489841301549969e-02,-1.752742167712304511e-01,9.374159355657937787e-02
5.900000000000000000e+03,2.203812014960997712e-01,-1.489118059765153212e-01,-1.203376146088479537e-01,-9.849154415926336670e-02,-6.694377823854157084e-02,8.472155263234524766e-03,2.191238055983611155e-01,3.135242855077051249e+00,-3.748202116048258287e-02,-4.097491234671402777e-02,-4.865729751458214292e-02,-1.148598233071922214e+00,1.139419919836061945e+00,4.989519913381555011e-02,2.895685576396342942e+00,-8.975229828448198430e-03,1.837586950948251197e-01,-1.464160746448499140e+00,-6.373737802389148159e-03,2.146890573806443589e-02,1.301005616393950071e+00,3.037570081578416237e-01,7.075067801235769560e-02,-1.830124901250088643e-01,9.374159355657937787e-02
6.000000000000000000e+03,2.600667093082865144e-01,-1.570594944622736300e-01,-1.203376146088479537e-01,-9.855841255295737235e-02,-6.552590284460059478e-02,8.459858306972685774e-03,2.191238055983611155e-01,2.598502425684729999e+00,-3.748202116048258287e-02,-4.078462741553126603e-02,-3.633580138524728637e-02,-1.148598233071922214e+00,1.139419919836061945e+00,4.989519913381555011e-02,2.998896880478663540e+00,-5.280496733027450346e-03,1.831350243077217721e-01,-1.464160746448499140e+00,-6.373737802389148159e-03,3.205828280166832939e-02,1.301005616393950071e+00,3.037570081578416237e-01,7.075067801235769560e-02,-1.752742167712304511e-01,9.374159355657937787e-02
6.100000000000000000e+03,4.148410414825569048e-01,-1.493860588333920381e-01,-1.203376146088479537e-01,-9.849154415926336670e-02,-4.114293567179237027e-02,5.480461927347343720e-03,1.724262951618769357e-01,2.598502425684729999e+00,-3.748202116048258287e-02,-2.501788066417143588e-02,-3.857920485015287754e-02,-1.148598233071922214e+00,1.139419919836061945e+00,4.989519913381555011e-02,3.013187606597687029e+00,-5.280496733027450346e-03,1.837586950948251197e-01,-1.462101703211296622e+00,-6.373737802389148159e-03,3.213924204224632986e-02,1.332223255993401523e+00,3.037570081578416237e-01,7.213009389653030068e-02,-1.752742167712304511e-01,9.374159355657937787e-02
6.200000000000000000e+03,5.052006737238680101e-01,-1.470761433962900766e-01,-1.615068748856246239e-01,-9.849154415926336670e-02,-4.114293567179237027e-02,5.450814646218515337e-03,1.724262951618769357e-01,2.598502425684729999e+00,-3.748202116048258287e-02,-2.501788066417143588e-02,-3.826976688557622713e-02,-1.148598233071922214e+00,1.139419919836061945e+00,4.995231582836358319e-02,3.988550790329489892e+00,-5.280496733027450346e-03,2.415502520556590260e-01,-1.464160746448499140e+00,-6.373737802389148159e-03,3.213650693784123047e-02,1.332223255993401523e+00,1.820462525038684110e-01,7.323362660386839584e-02,-1.285263696401628408e-01,9.405133939959645084e-02
6.300000000000000000e+03,5.052006737238680101e-01,-1.489118059765153212e-01,-1.615068748856246239e-01,-9.858235906763382350e-02,-4.114293567179237027e-02,3.931731307697584367e-03,1.724262951618769357e-01,2.599425746193328557e+00,-3.748202116048258287e-02,-2.501788066417143588e-02,-2.573260365894470755e-02,-1.148598233071922214e+00,1.139419919836061945e+00,4.989519913381555011e-02,4.733318461790287479e+00,-6.574328374091776596e-03,2.427937908644856313e-01,-1.464160746448499140e+00,-6.373737802389148159e-03,3.222725163725122938e-02,1.432492599571853154e+00,1.820462525038684110e-01,4.422637765425381506e-02,-1.285263696401628408e-01,9.374159355657937787e-02
6.400000000000000000e+03,5.055495168218635538e-01,-7.701769704535267602e-02,-1.615068748856246239e-01,-9.849154415926336670e-02,-4.114293567179237027e-02,3.913881002804617780e-03,1.724262951618769357e-01,2.598502425684729999e+00,-3.748202116048258287e-02,-2.505559417610533218e-02,-2.010672402601673334e-02,-1.148598233071922214e+00,1.139419919836061945e+00,4.989519913381555011e-02,5.485645308366029482e+00,-7.573316751763683498e-03,2.427937908644856313e-01,-1.554921666684852655e+00,-6.373737802389148159e-03,3.222725163725122938e-02,1.427052650813872781e+00,1.825756357320917900e-01,4.670034343740771948e-02,-1.283538988398057468e-01,9.374159355657937787e-02
6.500000000000000000e+03,5.052006737238680101e-01,-7.701769704535267602e-02,-1.615068748856246239e-01,-9.849154415926336670e-02,-4.114293567179237027e-02,3.929137101151930662e-03,1.724262951618769357e-01,2.598502425684729999e+00,-3.748202116048258287e-02,-2.498317326234410912e-02,-1.518709479281847574e-02,-1.148598233071922214e+00,1.139419919836061945e+00,4.989519913381555011e-02,3.259043093794143697e+00,-8.072810940599637816e-03,2.427937908644856313e-01,-1.464160746448499140e+00,-6.373737802389148159e-03,3.638534765786115982e-02,1.427052650813872781e+00,1.821525828582659656e-01,4.670034343740771948e-02,-1.285263696401628408e-01,4.292311177905570180e-02
6.600000000000000000e+03,5.074021905596901583e-01,-7.959431404680394895e-02,-1.615068748856246239e-01,-9.849154415926336670e-02,-4.114293567179237027e-02,3.941876132770500731e-03,1.724262951618769357e-01,2.597169339798305998e+00,-3.748202116048258287e-02,-2.558811359925704243e-02,-1.518709479281847574e-02,-1.148598233071922214e+00,1.139419919836061945e+00,4.989519913381555011e-02,3.252295125046434254e+00,-5.132852799920313396e-03,2.427937908644856313e-01,-1.464160746448499140e+00,-6.373737802389148159e-03,2.935939385413138814e-02,1.427052650813872781e+00,1.820462525038684110e-01,4.670034343740771948e-02,-1.285263696401628408e-01,4.281739656622636503e-02
6.700000000000000000e+03,5.052006737238680101e-01,-7.927192082445810861e-02,-1.615068748856246239e-01,-9.849154415926336670e-02,-2.476782366851274647e-02,3.929137101151930662e-03,1.724262951618769357e-01,2.598502425684729999e+00,-3.748202116048258287e-02,-2.676841466874910550e-02,-1.518709479281847574e-02,-1.148598233071922214e+00,1.139419919836061945e+00,4.989519913381555011e-02,3.267034726897467323e+00,-5.147627536575083949e-03,2.427937908644856313e-01,-1.464160746448499140e+00,-6.373737802389148159e-03,2.929150297775237263e-02,1.427052650813872781e+00,1.820462525038684110e-01,4.670034343740771948e-02,-1.285263696401628408e-01,4.292311177905570180e-02
6.800000000000000000e+03,5.052006737238680101e-01,-7.927192082445810861e-02,-1.615068748856246239e-01,-9.849154415926336670e-02,-3.964557454346306908e-02,3.929137101151930662e-03,1.724262951618769357e-01,2.473588607927068583e+00,-3.748202116048258287e-02,-1.676849987811511108e-02,-1.518709479281847574e-02,-1.148598233071922214e+00,1.139419919836061945e+00,4.989519913381555011e-02,3.259043093794143697e+00,-5.135321983089510822e-03,2.427937908644856313e-01,-1.464160746448499140e+00,-6.373737802389148159e-03,4.031905154044304607e-02,1.427052650813872781e+00,1.820462525038684110e-01,4.670034343740771948e-02,-1.285263696401628408e-01,4.283940031707419299e-02
6.900000000000000000e+03,5.052006737238680101e-01,-7.927192082445810861e-02,-1.615068748856246239e-01,-9.849154415926336670e-02,-4.487304110767362242e-02,3.929137101151930662e-03,1.724262951618769357e-01,2.598502425684729999e+00,-3.748202116048258287e-02,-1.619652521751082166e-02,-1.517040394934404852e-02,-1.148598233071922214e+00,1.139419919836061945e+00,4.989519913381555011e-02,3.245823766780995712e+00,-6.517399730968722292e-03,2.427937908644856313e-01,-1.464160746448499140e+00,-6.402481015206703749e-03,8.124662575797537978e-02,1.427052650813872781e+00,2.574488653652728387e-01,4.670034343740771948e-02,-6.539471832844949428e-02,4.292311177905570180e-02
7.000000000000000000e+03,5.052006737238680101e-01,-7.927192082445810861e-02,-1.623848303779696356e-01,-9.849154415926336670e-02,-4.463636778563775942e-02,2.628249749400441478e-03,1.328179403897209176e-01,2.598502425684729999e+00,-3.748202116048258287e-02,-1.308530292062593144e-02,-1.518709479281847574e-02,-1.147866619432688751e+00,1.139419919836061945e+00,4.989519913381555011e-02,4.194217672692334808e+00,-6.189194473457270210e-03,2.427937908644856313e-01,-1.464160746448499140e+00,-6.373737802389148159e-03,8.124662575797537978e-02,8.955541235647521692e-01,2.574488653652728387e-01,6.195411579630060589e-02,-5.923051992883834188e-02,4.271667010747231402e-02
7.100000000000000000e+03,5.052006737238680101e-01,-7.927192082445810861e-02,-2.030866818936714058e-01,-9.836634775410464659e-02,-4.463636778563775942e-02,3.058835481699457431e-03,1.328179403897209176e-01,2.491255701777232989e+00,-3.748202116048258287e-02,-1.314546090959315544e-02,-1.518709479281847574e-02,-1.148598233071922214e+00,1.139419919836061945e+00,4.989519913381555011e-02,4.181578714740777691e+00,-8.795716975205878155e-03,2.427937908644856313e-01,-7.464024944662821515e-01,-6.373737802389148159e-03,4.869287366977313042e-02,8.973545137387091142e-01,2.574488653652728387e-01,6.195411579630060589e-02,-5.906783017887372311e-02,4.292311177905570874e-02
7.200000000000000000e+03,5.052006737238680101e-01,-7.927192082445810861e-02,-2.058816972810640633e-01,-9.849154415926336670e-02,-4.476290288562487923e-02,3.030471070359612960e-03,1.328179403897209176e-01,2.598502425684729999e+00,-3.748202116048258287e-02,-1.308530292062593144e-02,-9.802550669775643086e-03,-1.148598233071922214e+00,1.139419919836061945e+00,4.989519913381555011e-02,3.097533375543549017e+00,-5.384672979387890301e-03,2.427937908644856313e-01,-7.464024944662821515e-01,-6.373737802389148159e-03,4.439933716389658780e-02,8.973545137387090032e-01,2.574488653652728387e-01,6.195411579630060589e-02,-5.923051992883834188e-02,4.292311177905570180e-02
7.300000000000000000e+03,5.052006737238680101e-01,-7.927192082445810861e-02,-2.095458189098909907e-01,-9.849154415926336670e-02,-4.463636778563775942e-02,3.340736530495102673e-03,1.328179403897209176e-01,2.848652662530225310e+00,-3.748202116048258287e-02,-1.307058742542996019e-02,-5.830344757338088400e-03,-1.148598233071922214e+00,1.139419919836061945e+00,4.989519913381555011e-02,3.097533375543549017e+00,-5.364564372982639183e-03,2.427937908644856313e-01,-7.464024944662821515e-01,-6.373737802389148159e-03,4.439933716389658780e-02,8.939194290365622964e-01,2.574488653652728387e-01,6.222460407941463739e-02,-5.923051992883834188e-02,4.292311177905570180e-02
7.400000000000000000e+03,2.859155301079674971e-01,-7.927192082445810861e-02,-2.095458189098909907e-01,-9.849154415926336670e-02,-4.463636778563775942e-02,3.340736530495102673e-03,1.141435987703243587e-01,3.348953136221217708e+00,-3.748202116048258287e-02,-1.308530292062593144e-02,-5.830344757338088400e-03,-1.148598233071922214e+00,1.139419919836061945e+00,4.989519913381555011e-02,2.614235313428692642e+00,-5.448615951416998539e-03,3.509494439001985544e-01,-7.464024944662821515e-01,-6.373737802389148159e-03,4.443736917121351299e-02,8.973545137387090032e-01,2.574488653652728387e-01,6.195411579630060589e-02,-3.920724431652854863e-02,4.312238218822395802e-02
7.500000000000000000e+03,3.057547063121878739e-01,-7.927192082445810861e-02,-2.095458189098909907e-01,-9.849154415926336670e-02,-4.480813184865526516e-02,3.326188350806637099e-03,1.141435987703243587e-01,3.348953136221217708e+00,-3.748202116048258287e-02,-1.308530292062593144e-02,-7.099956464761991194e-03,-1.150323108072375478e+00,1.142572945831344278e+00,4.989519913381555011e-02,3.594250725739077446e+00,-5.384672979387890301e-03,3.509494439001985544e-01,-7.464024944662821515e-01,-6.373737802389148159e-03,3.640302559864184301e-02,8.973545137387090032e-01,2.536006634467931620e-01,6.195411579630060589e-02,-3.920724431652854863e-02,3.836818021565149839e-02
7.600000000000000000e+03,3.793433590115323217e-01,-7.932418744280382572e-02,-2.095458189098909907e-01,-9.849154415926336670e-02,-4.463636778563775942e-02,3.340736530495102673e-03,1.141435987703243587e-01,3.348953136221217708e+00,-3.748202116048258287e-02,-1.315138001854956190e-02,-7.426458403220545859e-03,-1.148598233071922214e+00,1.139419919836061945e+00,4.989519913381555011e-02,3.744096271672562537e+00,-4.428957003927516158e-03,3.509494439001985544e-01,-7.464024944662821515e-01,-6.373737802389148159e-03,5.294794013433511137e-02,5.661060170226056565e-01,2.536006634467931620e-01,6.195411579630060589e-02,-4.073621718011440768e-02,3.824291344250274616e-02
7.700000000000000000e+03,3.751918230269594701e-01,-7.927192082445810861e-02,-2.095458189098909907e-01,-9.849154415926336670e-02,-4.468224233242900495e-02,2.997206688338582836e-03,1.141435987703243587e-01,3.348953136221217708e+00,-3.748202116048258287e-02,-9.159309088986627989e-03,-7.426458403220545859e-03,-1.151620475642956443e+00,1.139419919836061945e+00,4.989519913381555011e-02,3.368318443024120867e+00,-4.177182720300820495e-03,3.509494439001985544e-01,-7.464024944662821515e-01,-6.373737802389148159e-03,5.306974932580033749e-02,5.663759634981163638e-01,2.545278951039832704e-01,6.195411579630060589e-02,-3.919211757692404874e-02,3.836818021565149839e-02
7.800000000000000000e+03,3.768824953432685643e-01,-1.093099139851290286e-01,-2.095458189098909907e-01,-9.859463495143885869e-02,-4.463636778563775942e-02,3.647815239008018670e-03,1.141435987703243587e-01,3.348953136221217708e+00,-3.748202116048258287e-02,-9.225366474805813191e-03,-7.703771085041755638e-03,-1.288005025293741390e+00,1.139419919836061945e+00,4.989519913381555011e-02,3.368318443024120867e+00,-1.833265460190888589e-03,3.509494439001985544e-01,-7.464024944662821515e-01,-6.373737802389148159e-03,7.961043788764715634e-02,5.661060170226056565e-01,2.536006634467931620e-01,6.195411579630060589e-02,-3.909558058212504739e-02,3.854515513467630244e-02
7.900000000000000000e+03,2.748965113168279628e-01,-1.093099139851290286e-01,-2.095458189098909907e-01,-9.849154415926336670e-02,-4.463636778563775942e-02,3.201262046014275147e-03,1.141435987703243587e-01,1.775499442292082897e+00,-3.748202116048258287e-02,-9.145394485552982636e-03,-7.426458403220545859e-03,-1.276739725431745409e+00,1.139419919836061945e+00,4.989519913381555011e-02,3.391920285705514182e+00,-1.353606674258460082e-03,3.501121507416231071e-01,-7.464024944662821515e-01,-6.398905109516998639e-03,1.238435503602746540e-01,5.661060170226056565e-01,2.536006634467931620e-01,6.195411579630060589e-02,-3.920724431652854863e-02,3.421927855285370607e-02
8.000000000000000000e+03,2.748965113168279628e-01,-1.093099139851290286e-01,-2.095458189098909907e-01,-9.849154415926336670e-02,-4.463636778563775942e-02,3.193567088743219824e-03,1.141435987703243587e-01,1.775499442292082897e+00,-3.748202116048258287e-02,-7.042171784248495853e-03,-6.057273404318982112e-03,-1.288005025293741390e+00,1.139419919836061945e+00,4.989519913381555011e-02,3.368318443024120867e+00,-1.237007853947089293e-03,3.500305910216481853e-01,-7.464024944662821515e-01,-6.373737802389148159e-03,8.905697275902230148e-02,5.661060170226056565e-01,2.536006634467931620e-01,6.195411579630060589e-02,-3.920724431652854863e-02,3.836818021565149839e-02
8.100000000000000000e+03,2.748965113168279628e-01,-1.093099139851290286e-01,-1.585607954100183015e-01,-9.849154415926336670e-02,-4.480028067927797203e-02,3.188859672601074714e-03,1.141435987703243587e-01,1.775499442292082897e+00,-3.748202116048258287e-02,-6.934042385965622814e-03,-6.134508109243024671e-03,-1.288005025293741390e+00,1.139419919836061945e+00,4.722084864840452728e-02,3.368318443024120867e+00,-1.229414209503091812e-03,1.999838088345515519e-01,-7.464024944662821515e-01,-6.373737802389148159e-03,8.905697275902230148e-02,3.089381545473011692e-01,2.536006634467931620e-01,6.178410403672976448e-02,-3.920724431652854863e-02,2.536401068154084393e-02
8.200000000000000000e+03,2.748965113168279628e-01,-1.093099139851290286e-01,-1.585607954100183015e-01,-9.849154415926336670e-02,-4.463636778563775942e-02,3.188859672601074714e-03,1.141435987703243587e-01,1.775499442292082897e+00,-3.748202116048258287e-02,-6.934042385965622814e-03,-4.458600606996813986e-03,-1.288005025293741390e+00,1.139419919836061945e+00,4.989519913381555011e-02,3.368318443024120867e+00,-1.238906935381997457e-03,1.999838088345515519e-01,-7.464024944662821515e-01,-6.373737802389148159e-03,8.280742961382113465e-02,3.068437650626785751e-01,2.536006634467931620e-01,6.195411579630060589e-02,-3.920724431652854863e-02,4.204721478424278125e-02
8.300000000000000000e+03,2.748965113168279628e-01,-1.093099139851290286e-01,-1.585607954100183015e-01,-9.849154415926336670e-02,-4.667506350582069363e-02,3.204237961607644177e-03,1.141435987703243587e-01,1.775499442292082897e+00,-3.748202116048258287e-02,-6.922974331945253544e-03,-4.440261801346255879e-03,-1.288005025293741390e+00,1.139419919836061945e+00,4.989519913381555011e-02,4.713275694688330297e+00,-1.237007853947089293e-03,1.999838088345515519e-01,-7.464024944662821515e-01,-6.373737802389148159e-03,3.286501438124953683e-02,2.135018108910391454e-01,2.536006634467931620e-01,6.195411579630060589e-02,-3.911435431462503831e-02,4.637405251529964911e-02
8.400000000000000000e+03,2.748965113168279628e-01,-1.093099139851290286e-01,-1.585607954100183015e-01,-9.849154415926336670e-02,-5.386551809470053326e-02,3.273007965745429459e-03,1.141435987703243587e-01,1.775499442292082897e+00,-3.748202116048258287e-02,-6.610916295485297356e-03,-4.378927462143645741e-03,-1.288005025293741390e+00,1.139419919836061945e+00,4.989519913381555011e-02,6.382011427968215855e+00,-1.232752166307448652e-03,1.999838088345515519e-01,-7.464024944662821515e-01,-6.373737802389148159e-03,2.917619553357252496e-02,2.048944420184835302e-01,2.536006634467931620e-01,6.195411579630060589e-02,-3.001113412808106146e-02,4.479514624485026603e-02
8.500000000000000000e+03,2.748965113168279628e-01,-1.093099139851290286e-01,-1.592799696052528413e-01,-9.849154415926336670e-02,-5.381049852646078296e-02,8.717875919222269412e-03,1.146376096104651521e-01,1.773163962688402151e+00,-3.748202116048258287e-02,-6.616345771546795242e-03,-6.075428118651187738e-03,-1.288005025293741390e+00,1.139419919836061945e+00,4.989519913381555011e-02,4.634958329864877769e+00,-1.589240138115277905e-03,1.999838088345515519e-01,-7.464024944662821515e-01,-6.373737802389148159e-03,2.910401723346076747e-02,1.976016786714100970e-01,2.536006634467931620e-01,6.195411579630060589e-02,-3.001113412808106146e-02,4.576935245818993664e-02
8.600000000000000000e+03,2.752613066126788910e-01,-1.093099139851290286e-01,-1.585607954100183015e-01,-1.162329719008714790e-01,-5.400238050994403405e-02,8.746873684694180320e-03,1.141435987703243587e-01,1.775499442292082897e+00,-5.075885565005230915e-02,-6.616345771546795242e-03,-6.036600223093566663e-03,-1.288005025293741390e+00,5.804253387896592953e-01,4.989519913381555011e-02,6.811122297582972607e+00,-2.153809389495609395e-03,1.999838088345515519e-01,-7.464024944662821515e-01,-6.353751266662095547e-03,2.917619553357252496e-02,1.976016786714100970e-01,2.536006634467931620e-01,6.195411579630060589e-02,-3.001772476447161705e-02,4.479514624485026603e-02
8.700000000000000000e+03,2.901967471574349311e-01,-1.093099139851290286e-01,-1.585607954100183015e-01,-1.130605182665451874e-01,-5.381049852646078296e-02,8.717875919222269412e-03,1.141435987703243587e-01,1.775499442292082897e+00,-5.075885565005230915e-02,-7.250411990437831584e-03,-7.610199380033320568e-03,-1.288005025293741390e+00,5.804253387896592953e-01,4.989519913381555011e-02,9.433683381596217998e+00,-2.301775761780749420e-03,1.999838088345515519e-01,-7.464024944662821515e-01,-6.391873167782249204e-03,2.465608865153573470e-02,1.452303288795318559e-01,2.536006634467931620e-01,6.195411579630060589e-02,-3.001113412808106146e-02,5.476487089467602792e-02
8.800000000000000000e+03,2.748965113168279628e-01,-1.093099139851290286e-01,-3.342218745804776958e-01,-1.162329719008714790e-01,-5.381049852646078296e-02,8.717875919222269412e-03,1.141435987703243587e-01,1.775499442292082897e+00,-5.075885565005230915e-02,-1.009851762424865233e-02,-9.265236164339525973e-03,-1.288005025293741390e+00,5.804253387896592953e-01,4.997306749442359530e-02,1.173053245330765115e+01,-2.182785055958583274e-03,1.999838088345515519e-01,-7.464024944662821515e-01,-6.373737802389148159e-03,1.575233740247083611e-02,1.512536493676745475e-01,2.536006634467931620e-01,6.195411579630060589e-02,-3.013718618218787226e-02,5.476487089467602792e-02
8.900000000000000000e+03,2.748965113168279628e-01,-1.093099139851290286e-01,-3.344469728455357616e-01,-1.159433838651792448e-01,-5.381049852646078296e-02,8.320891762708528677e-03,1.141435987703243587e-01,1.775499442292082897e+00,-5.075885565005230915e-02,-1.009851762424865233e-02,-9.326343314739469689e-03,-1.288005025293741390e+00,5.804253387896592953e-01,4.989519913381555011e-02,1.126372536036877214e+01,-2.124414394437501141e-03,1.929159630928242997e-01,-7.464024944662821515e-01,-6.373737802389148159e-03,1.575233740247083611e-02,8.524735691639884205e-02,2.536006634467931620e-01,6.195411579630060589e-02,-3.001113412808106146e-02,5.476487089467602792e-02
9.000000000000000000e+03,2.746275035282265686e-01,-1.093099139851290286e-01,-3.342218745804776958e-01,-1.162329719008714790e-01,-5.391495821157176599e-02,8.363127434567602103e-03,1.141435987703243587e-01,1.775499442292082897e+00,-6.888617670858133979e-02,-1.009851762424865233e-02,-8.621306648610174705e-03,-1.288005025293741390e+00,5.804253387896592953e-01,4.989519913381555011e-02,9.876299871145164389e+00,-2.119428638875688053e-03,1.999838088345515519e-01,-7.464024944662821515e-01,-6.373737802389148159e-03,1.575233740247083611e-02,6.292760746093616075e-02,2.536006634467931620e-01,6.195411579630060589e-02,-3.001113412808106146e-02,5.476487089467602792e-02
9.100000000000000000e+03,2.748965113168279628e-01,-5.937177428963476278e-02,-3.342218745804776958e-01,-1.246913923676847835e-01,-5.381049852646078296e-02,8.320891762708528677e-03,1.141435987703243587e-01,1.775499442292082897e+00,-6.888617670858133979e-02,-1.009851762424865233e-02,-4.836092917932576472e-03,-1.288005025293741390e+00,5.804253387896592953e-01,4.989519913381555011e-02,9.876299871145164389e+00,-1.600640462456273108e-03,1.999838088345515519e-01,-7.464024944662821515e-01,-6.373737802389148159e-03,1.569428701414465888e-02,6.290157223086810523e-02,2.536006634467931620e-01,6.195411579630060589e-02,-3.001113412808106146e-02,5.476487089467602792e-02
9.200000000000000000e+03,1.912148005867848888e-01,-5.937177428963476278e-02,-3.342218745804776958e-01,-1.737311021641344821e-01,-5.381049852646078296e-02,8.349814322898291979e-03,1.141435987703243587e-01,1.775499442292082897e+00,-6.888617670858133979e-02,-1.009851762424865233e-02,-4.905764326138776533e-03,-1.288005025293741390e+00,5.804253387896592953e-01,4.989519913381555011e-02,1.469484818399837600e+01,-1.738947710034133070e-03,1.999838088345515519e-01,-7.464024944662821515e-01,-6.373737802389148159e-03,1.051831338446040064e-02,6.290157223086810523e-02,2.825463498378653626e-01,8.957684533696939899e-02,-3.001113412808106146e-02,5.476487089467602792e-02
9.300000000000000000e+03,1.880085862293603416e-01,-5.937177428963476278e-02,-3.342218745804776958e-01,-1.730071520887178083e-01,-5.381049852646078296e-02,1.135545677617702531e-02,1.141435987703243587e-01,1.778817599453672571e+00,-6.871142290955414844e-02,-1.009851762424865233e-02,-5.372762140522087566e-03,-1.288005025293741390e+00,5.804253387896592953e-01,4.989519913381555011e-02,1.401187637314622947e+01,-1.820082291082692014e-03,1.999838088345515519e-01,-7.464024944662821515e-01,-6.373737802389148159e-03,1.056192010951348403e-02,6.290157223086810523e-02,2.825463498378653626e-01,8.957684533696939899e-02,-3.001113412808106146e-02,5.476487089467602792e-02
9.400000000000000000e+03,1.911016093977144503e-01,-5.937177428963476278e-02,-3.342218745804776958e-01,-1.737311021641344821e-01,-5.385556973376380563e-02,7.729589377609146460e-03,9.607167871249272517e-02,1.775499442292082897e+00,-6.888617670858133979e-02,-1.009851762424865233e-02,-2.588240848634061359e-03,-1.288005025293741390e+00,5.804253387896592953e-01,4.989519913381555011e-02,1.469484818399837600e+01,-2.305523890539739034e-03,1.999838088345515519e-01,-7.464024944662821515e-01,-6.373737802389148159e-03,1.055360732208806412e-02,6.290157223086810523e-02,2.825463498378653626e-01,9.334642835145669226e-02,-3.488463881763436553e-02,8.174398650265329858e-02
9.500000000000000000e+03,1.912148005867848888e-01,-5.937177428963476278e-02,-2.108181568713988208e-01,-1.737311021641344821e-01,-5.381049852646078296e-02,6.774482851927115731e-03,1.141435987703243587e-01,1.775499442292082897e+00,-6.888617670858133979e-02,-1.009851762424865233e-02,-4.274372194786170073e-03,-1.288005025293741390e+00,5.804253387896592953e-01,4.989519913381555011e-02,1.469484818399837600e+01,-1.267874013233151118e-03,1.999838088345515519e-01,-7.464024944662821515e-01,-6.373737802389148159e-03,1.054211086891548681e-02,5.354591757489606668e-02,2.825463498378653626e-01,8.957684533696939899e-02,-3.623046251101547793e-02,9.218168187640364553e-02
9.600000000000000000e+03,1.912148005867848888e-01,-8.784996167276237777e-02,-1.755599518116620350e-01,-1.737311021641345099e-01,-5.381049852646078990e-02,6.806695154617437536e-03,1.141435987703243587e-01,1.775499442292082897e+00,-6.888617670858135367e-02,-7.980717790055611230e-03,-4.552413561947814616e-03,-1.288005025293741390e+00,5.804253387896592953e-01,4.989519913381555011e-02,1.469484818399837600e+01,-1.113109054257860721e-03,1.267928050631321746e-01,-7.464024944662821515e-01,-6.373737802389148159e-03,5.790877865145196632e-03,7.515906010929569725e-02,2.825463498378653626e-01,9.885356177570052416e-02,-3.623046251101547793e-02,9.187927317696759077e-02
9.700000000000000000e+03,1.912148005867848888e-01,-8.784996167276237777e-02,-1.555395914772511046e-01,-1.737027307170586621e-01,-5.393731325634681939e-02,6.806695154617437536e-03,1.141435987703243587e-01,1.775499442292082897e+00,-6.888617670858133979e-02,-6.824069362229026603e-03,-4.552413561947813748e-03,-1.288005025293741390e+00,5.779949965349030494e-01,4.989519913381555011e-02,1.469484818399837600e+01,-1.585605867166317400e-03,1.267928050631321746e-01,-7.464024944662821515e-01,-6.373737802389148159e-03,5.787947808133308419e-03,7.515906010929569725e-02,2.825463498378653626e-01,9.885356177570051028e-02,-4.106108821838968387e-02,9.187927317696759077e-02
9.800000000000000000e+03,1.732481470725222850e-01,-8.753138649513654557e-02,-1.755599518116620072e-01,-1.736618701802888354e-01,-3.918984510051757436e-02,7.963989986464730525e-03,1.141435987703243587e-01,1.775499442292082897e+00,-6.888617670858133979e-02,-8.378321639713496791e-03,-4.552413561947813748e-03,-1.288005025293741390e+00,5.812035776665311904e-01,4.989519913381555011e-02,1.984136626674347781e+01,-1.598872646269091941e-03,1.267928050631321746e-01,-7.445962189675763288e-01,-6.373737802389148159e-03,5.796247806946124535e-03,7.515906010929569725e-02,2.825463498378653626e-01,9.885356177570051028e-02,-5.072233963313808186e-02,9.187927317696759077e-02
9.900000000000000000e+03,9.446359691058267560e-02,-8.782358526131284204e-02,-1.677335632481966321e-01,-1.737311021641344821e-01,-3.915176400017492814e-02,4.835043638685075119e-03,9.458145145139684740e-02,1.775499442292082897e+00,-6.888617670858133979e-02,-9.771870132250250890e-03,-4.552413561947813748e-03,-1.530383421105517838e+00,7.709454704508461598e-01,4.989519913381555011e-02,1.984136626674347781e+01,-9.874177510643263826e-04,1.267928050631321746e-01,-7.464024944662821515e-01,-6.373737802389148159e-03,6.517841275120325739e-03,7.497435955916278982e-02,2.825463498378653626e-01,9.885356177570051028e-02,-5.072233963313808186e-02,9.187927317696759077e-02
