-1.000000000000000000e+00,9.424792983927529622e-02,-8.784996167276239165e-02,-1.614724523974243597e-01,-1.737311021641344821e-01,-3.918984510051757436e-02,4.502265247344226784e-03,9.497441956402212504e-02,1.775499442292082897e+00,-6.888617670858133979e-02,-9.751558843696259138e-03,-4.623718050055605246e-03,-1.288005025293741390e+00,7.709454704508460487e-01,4.989519913381555011e-02,1.986361952276360654e+01,-9.340661022010101310e-04,1.267928050631322023e-01,-7.464024944662821515e-01,-6.373737802389148159e-03,5.906249425817185900e-03,7.598610004204035817e-02,2.825463498378653626e-01,9.897893042323704926e-02,-5.072233963313808186e-02,9.254218299561697836e-02
0.000000000000000000e+00,9.477056565724423232e-02,-8.784996167276239165e-02,-1.614724523974243597e-01,-1.737311021641344821e-01,-3.918984510051757436e-02,4.494854678946736022e-03,9.497441956402212504e-02,1.775499442292082897e+00,-6.888617670858133979e-02,-9.678053764416921084e-03,-4.756804561531107964e-03,-1.288005025293741390e+00,7.689823756595731696e-01,4.989519913381555011e-02,1.984136626674347781e+01,-9.110447006386871100e-04,1.267928050631322023e-01,-7.464024944662821515e-01,-6.373737802389148159e-03,5.906249425817185900e-03,7.584826005324958598e-02,2.825463498378653626e-01,9.885356177570051028e-02,-5.072233963313808186e-02,9.187927317696759077e-02
1.000000000000000000e+02,1.154037940548428703e-01,-8.784996167276237777e-02,-1.614724523974243597e-01,-2.028841136791831035e-01,-3.937757552518320742e-02,4.512717760252860956e-03,8.971220365554687104e-02,1.775499442292082897e+00,-6.888617670858133979e-02,-8.758545949157618346e-03,-6.071961428537153531e-03,-1.288005025293741390e+00,7.709454704508461598e-01,4.989519913381555011e-02,2.647716996991950111e+01,-8.048192424443300404e-04,1.267928050631321746e-01,-7.464024944662821515e-01,-6.373737802389148159e-03,5.261015249152356694e-03,7.638482814729585790e-02,4.849248605354287700e-01,9.885356177570051028e-02,-5.072233963313808186e-02,1.299589299584996416e-01
2.000000000000000000e+02,1.156735285953209430e-01,-8.747539763748493624e-02,-1.540686273932807826e-01,-1.737311021641344821e-01,-2.153341187691702394e-02,4.498113024814908573e-03,9.497441956402213892e-02,9.030258237949432276e-01,-6.888617670858133979e-02,-4.294435433513252298e-03,-6.071961428537153531e-03,-1.288005025293741390e+00,7.709454704508461598e-01,5.013419065099781330e-02,2.668587655611019471e+01,-8.924318809470447580e-04,1.267928050631321746e-01,-7.464024944662821515e-01,-6.373737802389148159e-03,5.920407113594248517e-03,7.515906010929569725e-02,2.878216606336013172e-01,1.239912496822590110e-01,-5.072233963313808186e-02,1.295504787057011331e-01
3.000000000000000000e+02,1.156735285953209430e-01,-8.784996167276237777e-02,-1.614724523974243597e-01,-1.727070824066885280e-01,-2.153341187691702394e-02,4.233237752237374758e-03,9.497441956402213892e-02,9.030258237949432276e-01,-6.888617670858133979e-02,-4.301910908106170058e-03,-8.114084547623660534e-03,-1.288005025293741390e+00,7.709454704508461598e-01,4.989519913381555011e-02,2.784625458446574342e+01,-1.174941137483912152e-03,1.267928050631321746e-01,-7.464024944662821515e-01,-6.373737802389148159e-03,5.906249425817185900e-03,7.501277016231626404e-02,2.864499223877891576e-01,1.239912496822590110e-01,-5.072233963313808186e-02,1.222409000669677503e-01
4.000000000000000000e+02,1.121967988952493056e-01,-8.789919322335143503e-02,-1.614724523974243597e-01,-1.043337969466236054e-01,-2.153341187691702394e-02,5.887266028903923032e-03,9.497441956402213892e-02,9.030258237949432276e-01,-6.888617670858133979e-02,-5.236389691381627444e-03,-8.104511320202616165e-03,-1.288005025293741390e+00,7.709454704508461598e-01,4.989519913381555011e-02,4.144883338568562436e+01,-9.113242591880778244e-04,1.267928050631321746e-01,-7.464024944662821515e-01,-6.378923878008879028e-03,8.316434081854111315e-03,7.515906010929569725e-02,2.878216606336013172e-01,1.239912496822590110e-01,-5.072233963313808186e-02,1.222409000669677503e-01
5.000000000000000000e+02,1.571860718345751140e-01,-8.810455968288063988e-02,-1.614724523974243597e-01,-1.043337969466236054e-01,-2.145224687729634441e-02,5.901227458997294374e-03,9.497441956402213892e-02,9.030258237949432276e-01,-6.888617670858133979e-02,-2.882777477357225792e-03,-8.099247084187887954e-03,-1.288005025293741390e+00,7.709454704508461598e-01,4.989519913381555011e-02,4.117436618600248011e+01,-9.122204300666182132e-04,1.265908707321696802e-01,-7.464024944662821515e-01,-6.373737802389148159e-03,6.672914857780687901e-03,7.523367929729701808e-02,2.878216606336013172e-01,1.239912496822590110e-01,-5.072233963313808186e-02,1.222409000669677503e-01
6.000000000000000000e+02,1.571860718345751140e-01,-4.672289148576305035e-02,-1.614724523974243597e-01,-1.070835621997153625e-01,-2.153341187691702394e-02,5.858920356423024008e-03,9.497441956402213892e-02,9.030258237949432276e-01,-6.888617670858133979e-02,-2.870585241758255492e-03,-9.647225056669678223e-03,-1.288005025293741390e+00,7.709454704508461598e-01,7.431413647650499110e-02,6.081668887019052505e+01,-9.082672328181028328e-04,1.267928050631321746e-01,-7.464024944662821515e-01,-6.373737802389148159e-03,5.750817997327210482e-03,8.254635972142659872e-02,2.878216606336013172e-01,1.266963089984329549e-01,-5.072233963313808186e-02,1.219358140487957626e-01
7.000000000000000000e+02,1.571860718345751140e-01,-4.672289148576305035e-02,-1.614724523974243597e-01,-1.068154737004031601e-01,-2.153341187691702394e-02,5.179998616744215488e-03,7.085139915947039069e-02,9.030258237949432276e-01,-6.888617670858133979e-02,-2.870585241758255492e-03,-1.411329000321318548e-02,-1.288005025293741390e+00,7.709454704508461598e-01,7.431413647650499110e-02,4.533863693531707639e+01,-8.880992314474646506e-04,1.267928050631321746e-01,-7.464024944662821515e-01,-6.373737802389148159e-03,5.774287593367908103e-03,8.270041459129966188e-02,2.878216606336013172e-01,1.266963089984329549e-01,-5.072233963313808186e-02,1.222409000669677503e-01
8.000000000000000000e+02,1.571860718345751140e-01,-4.672289148576305035e-02,-1.614724523974243597e-01,-1.070835621997153625e-01,-2.198662643499528155e-02,5.762045621298376823e-03,7.085139915947039069e-02,9.030258237949432276e-01,-6.888617670858133979e-02,-4.632162749125088783e-03,-1.452270719389071874e-02,-1.288005025293741390e+00,7.709454704508461598e-01,7.431413647650499110e-02,3.472021924938745485e+01,-9.113242591880778244e-04,1.267928050631321746e-01,-7.464024944662821515e-01,-6.373737802389148159e-03,5.774287593367908103e-03,8.227964687263922272e-02,2.878216606336013172e-01,1.266963089984329549e-01,-5.072233963313808186e-02,1.199470055638037908e-01
9.000000000000000000e+02,2.337425328262244528e-01,-4.672289148576305035e-02,-1.614724523974243597e-01,-1.070846751385219342e-01,-2.153341187691702394e-02,5.762045621298376823e-03,7.085139915947039069e-02,9.030258237949432276e-01,-6.888617670858133979e-02,-5.732586795568527308e-03,-1.407279109426817776e-02,-1.240565343150564104e+00,7.709454704508461598e-01,7.431413647650499110e-02,3.443617975775499929e+01,-9.127440615761668553e-04,1.262708630176707092e-01,-7.464024944662821515e-01,-6.373737802389148159e-03,5.774287593367908103e-03,8.254635972142659872e-02,2.878216606336013172e-01,1.266963089984329549e-01,-5.072233963313808186e-02,1.222409000669677503e-01
1.000000000000000000e+03,1.541053258517579572e-01,-3.150837565142727142e-02,-1.614724523974243597e-01,-1.070835621997153625e-01,-2.153341187691702394e-02,5.752635665944493860e-03,7.085139915947039069e-02,9.067366274952307625e-01,-6.888617670858133979e-02,-6.001720962110910357e-03,-1.078387011510593095e-02,-1.288005025293741390e+00,7.709454704508461598e-01,6.413758759423901501e-02,3.443617975775499929e+01,-9.390990976091076340e-04,1.267928050631321746e-01,-7.464024944662821515e-01,-6.373737802389148159e-03,5.799272049000860942e-03,8.254635972142659872e-02,4.252295533452660758e-01,1.266963089984329549e-01,-5.072233963313808186e-02,1.431142652474108323e-01
1.100000000000000000e+03,1.541053258517579572e-01,-3.150837565142727142e-02,-1.614724523974243597e-01,-1.070835621997153625e-01,-2.153341187691702394e-02,5.762045621298376823e-03,7.067640455965981672e-02,9.030258237949432276e-01,-6.888617670858133979e-02,-4.807690261578683073e-03,-6.821631696549903569e-03,-1.288005025293741390e+00,7.672626725501702216e-01,5.141690149140656224e-02,3.237086187200350196e+01,-8.727135491495797634e-04,1.774880863951935062e-01,-7.464024944662821515e-01,-6.375214102896637099e-03,5.774287593367908103e-03,9.021901604598912827e-02,4.252295533452660758e-01,1.266963089984329549e-01,-5.072233963313808186e-02,1.431142652474108323e-01
1.200000000000000000e+03,1.541053258517579572e-01,-3.150837565142727142e-02,-1.614724523974243597e-01,-1.070835621997153625e-01,-2.153341187691702394e-02,5.762045621298376823e-03,7.085139915947039069e-02,8.996980783970561779e-01,-6.888975005350618519e-02,-5.637774390363937266e-03,-7.369012626958516658e-03,-1.282287571591475883e+00,7.709454704508461598e-01,5.141690149140656224e-02,3.237086187200350196e+01,-8.749292307813302284e-04,1.774880863951935062e-01,-7.464024944662821515e-01,-6.373737802389148159e-03,5.781971872849558589e-03,8.254635972142659872e-02,4.252295533452660758e-01,1.387382953325322632e-01,-5.072233963313808186e-02,2.032093166492618674e-01
1.300000000000000000e+03,1.825692348221737704e-01,-3.150837565142727142e-02,-1.614724523974243597e-01,-1.070835621997153625e-01,-2.153341187691702394e-02,5.788048348928781332e-03,7.085139915947039069e-02,9.030258237949432276e-01,-6.888617670858133979e-02,-6.086079338893756255e-03,-7.394502385031384226e-03,-1.288005025293741390e+00,7.709454704508461598e-01,5.141690149140656224e-02,3.257679201483118447e+01,-8.804496168840461774e-04,1.774880863951935062e-01,-7.464024944662821515e-01,-6.373737802389148159e-03,5.774287593367908103e-03,8.254635972142659872e-02,4.252295533452660758e-01,1.387382953325322632e-01,-5.072233963313808186e-02,2.032093166492618674e-01
1.400000000000000000e+03,1.825692348221737427e-01,-3.150837565142727142e-02,-1.614724523974243597e-01,-1.070835621997153625e-01,-2.153341187691702741e-02,5.762045621298376823e-03,7.085139915947039069e-02,9.007607195146355439e-01,-6.888617670858135367e-02,-6.092358008279777012e-03,-7.357540663572858207e-03,-1.281928678695018142e+00,7.709454704508462708e-01,5.141690149140656224e-02,3.415744341679916829e+01,-4.497419121645836420e-04,1.774880863951935062e-01,-7.464024944662821515e-01,-6.373737802389148159e-03,6.192499738841077475e-03,8.243784171468064581e-02,4.666354918035496846e-01,1.387382953325322910e-01,-5.896287964192708370e-02,2.032093166492618674e-01
1.500000000000000000e+03,1.825692348221737704e-01,-3.150837565142727142e-02,-1.614724523974243597e-01,-1.138112734499541201e-01,-2.153341187691702394e-02,8.202165424738890737e-03,7.085139915947039069e-02,9.030258237949432276e-01,-6.888617670858133979e-02,-5.005773578436487764e-03,-6.868782825629967531e-03,-1.288005025293741390e+00,8.815437812072185464e-01,5.141690149140656224e-02,4.854741090846042084e+01,-2.973160789913351174e-04,1.774880863951935062e-01,-7.489679760653988883e-01,-6.373737802389148159e-03,7.811385124226529787e-03,8.222338216624026919e-02,4.252295533452660758e-01,1.387382953325322632e-01,-5.072233963313808186e-02,1.121329948828379969e-01
1.600000000000000000e+03,1.825692348221737704e-01,-3.150837565142727142e-02,-1.614724523974243597e-01,-1.264059621013333690e-01,-2.153341187691702394e-02,8.091685074578027284e-03,7.085139915947039069e-02,9.030258237949432276e-01,-6.888617670858133979e-02,-5.908596495759512769e-03,-4.179993275872856580e-03,-1.288005025293741390e+00,8.815437812072185464e-01,5.141690149140656224e-02,4.866629861765150622e+01,-2.957747874045396868e-04,1.774880863951935062e-01,-7.464024944662821515e-01,-6.373737802389148159e-03,4.510916712896463447e-03,4.629700276878793985e-02,4.262544411513610743e-01,1.387382953325322632e-01,-5.072233963313808186e-02,1.146366945328924913e-01
1.700000000000000000e+03,1.825692348221737704e-01,-3.136853052708852424e-02,-1.614724523974243597e-01,-2.433194284666191365e-01,-2.161586542308087042e-02,8.091685074578027284e-03,7.085139915947039069e-02,9.030258237949432276e-01,-6.888617670858133979e-02,-5.876829664595811624e-03,-4.179993275872856580e-03,-1.836874600672676161e+00,8.815437812072185464e-01,5.545926044749321937e-02,4.832276429530651995e+01,-2.946426155905258358e-04,1.774880863951935062e-01,-7.464024944662821515e-01,-6.373737802389148159e-03,4.509707683781049095e-03,5.529732585307523679e-02,3.016957013123002240e-01,1.381558937730965886e-01,-5.072233963313808186e-02,7.853725219102869470e-02
1.800000000000000000e+03,1.825692348221737704e-01,-3.150837565142727142e-02,-1.614724523974243597e-01,-1.700880206929708538e-01,-2.187283874586828936e-02,8.181062520071747182e-03,7.085139915947039069e-02,9.030258237949432276e-01,-8.643467089255787994e-02,-3.438128912213691667e-03,-3.360281338598284512e-03,-1.840476687421007007e+00,8.815437812072185464e-01,5.537208483026775929e-02,3.185640738298056007e+01,-2.957747874045396868e-04,1.774880863951935062e-01,-7.464024944662821515e-01,-6.373737802389148159e-03,4.509707683781049095e-03,5.893861691145450138e-02,3.016957013123002240e-01,1.563697746503241170e-01,-5.087645012294397112e-02,7.837166070217542468e-02
1.900000000000000000e+03,1.820418732252891136e-01,-3.150837565142727142e-02,-1.614724523974243597e-01,-1.700880206929708538e-01,-2.153341187691702394e-02,1.229941217025206507e-02,7.085139915947039069e-02,9.030258237949432276e-01,-8.643467089255787994e-02,-3.890955168696023925e-03,-3.731068633966883475e-03,-1.840476687421007007e+00,1.028741298658319980e+00,5.537208483026775929e-02,3.185640738298056007e+01,-2.623256541490267147e-04,2.108259130974022844e-01,-7.464024944662821515e-01,-6.373737802389148159e-03,2.584437428207520416e-03,7.012783226939524328e-02,3.016957013123002240e-01,8.513830062714962399e-02,-5.149459560093061494e-02,7.837166070217542468e-02
2.000000000000000000e+03,1.830664484950878801e-01,-3.150837565142727142e-02,-1.614724523974243597e-01,-1.700880206929708538e-01,-2.153341187691702394e-02,1.252205256571803892e-02,7.085139915947039069e-02,9.030258237949432276e-01,-8.643467089255787994e-02,-3.806742260360539230e-03,-3.192278486447572543e-03,-1.840476687421007007e+00,8.815437812072185464e-01,5.537208483026775929e-02,3.205232759455583391e+01,-1.595324380276829084e-04,2.108259130974022844e-01,-7.464024944662821515e-01,-6.373737802389148159e-03,2.438474607427672768e-03,7.388970962778325380e-02,3.016957013123002240e-01,8.513830062714962399e-02,-5.314035781380088697e-02,7.837166070217542468e-02
2.100000000000000000e+03,1.648139237938255341e-01,-3.151255709275778416e-02,-1.614724523974243597e-01,-1.700880206929708260e-01,-2.324165958265897447e-02,1.427481425128440153e-02,7.085139915947039069e-02,9.030258237949431166e-01,-8.643467089255787994e-02,-3.806742260360539230e-03,-3.166241165691496308e-03,-1.840476687421007007e+00,8.815437812072185464e-01,5.537208483026775929e-02,4.006106171578959163e+01,-1.808164742375393597e-04,2.108259130974022844e-01,-7.464024944662821515e-01,-6.373737802389148159e-03,2.571379563487890402e-03,7.012783226939525716e-02,3.016957013123002240e-01,8.513830062714961011e-02,-5.303910753651568805e-02,7.837166070217542468e-02
2.200000000000000000e+03,9.751041376929900362e-02,-3.191815690181774162e-02,-1.613847663737238980e-01,-1.703793994615114549e-01,-2.324165958265897447e-02,1.676623572114689653e-02,3.880221438633137815e-02,9.030258237949432276e-01,-8.643467089255787994e-02,-3.133946490682161436e-03,-4.180503044100852654e-03,-1.840476687421007007e+00,8.815437812072185464e-01,5.537208483026775929e-02,3.585243978150114685e+01,-1.440198275728389566e-04,2.108259130974022844e-01,-4.279360412863136842e-01,-5.724193336858254648e-03,2.584437428207520416e-03,7.012783226939524328e-02,2.520806336398233038e-01,8.513830062714962399e-02,-5.303910753651568805e-02,7.484666905320830343e-02
2.300000000000000000e+03,9.727463497190916297e-02,-2.957544992604758602e-02,-1.614724523974243597e-01,-1.700880206929708538e-01,-2.324165958265897447e-02,2.356245110095494394e-02,3.880221438633137815e-02,9.030258237949432276e-01,-8.643467089255787994e-02,-3.159060375296018647e-03,-3.959332315768893974e-03,-1.840476687421007007e+00,8.815437812072185464e-01,5.537208483026775929e-02,3.591973366554672253e+01,-1.836124745967767985e-04,2.108259130974022844e-01,-3.905450488921336505e-01,-4.425104405796464156e-03,2.580496847682045916e-03,7.141873395910683375e-02,2.757989581429083903e-01,8.513830062714962399e-02,-5.292464220849694978e-02,7.160040506088655166e-02
2.400000000000000000e+03,9.727463497190916297e-02,-2.957544992604758602e-02,-1.614724523974243597e-01,-1.700880206929708538e-01,-2.324165958265897447e-02,1.842057452332596448e-02,3.880221438633137815e-02,9.030258237949432276e-01,-8.643467089255787994e-02,-3.257417417086808965e-03,-3.973569969536165473e-03,-1.659435287554570149e+00,8.815437812072185464e-01,5.547546357264233202e-02,3.592017142996486001e+01,-2.616011828843079357e-04,2.108259130974022844e-01,-3.905450488921336505e-01,-4.425104405796464156e-03,2.585725577928161146e-03,7.012783226939524328e-02,3.559947531847172386e-01,8.513830062714962399e-02,-4.806953002460276347e-02,8.099710471109483612e-02
2.500000000000000000e+03,6.051008143897779884e-02,-2.957544992604758602e-02,-1.614724523974243597e-01,-1.700880206929708538e-01,-1.280202688881471214e-02,2.665940086402998621e-02,3.880221438633137815e-02,9.030258237949432276e-01,-8.679272833960999245e-02,-3.161763994861484153e-03,-5.208347842215848601e-03,-1.659435287554570149e+00,8.815437812072185464e-01,5.537208483026775929e-02,3.592017142996486001e+01,-2.617182628257247023e-04,2.108259130974022844e-01,-3.905450488921336505e-01,-4.425104405796464156e-03,1.760136991952943649e-03,7.012783226939524328e-02,3.559947531847172386e-01,8.513830062714962399e-02,-4.806953002460276347e-02,9.141466470289454083e-02
2.600000000000000000e+03,6.032534082833063832e-02,-2.119987005427697788e-02,-1.614724523974243597e-01,-2.189262279921787846e-01,-1.281685043967853259e-02,3.782679887149144327e-02,3.880221438633137815e-02,9.030258237949432276e-01,-8.643467089255787994e-02,-2.988189054244179930e-03,-5.242198307941773640e-03,-1.659435287554570149e+00,8.815437812072185464e-01,5.537208483026775929e-02,2.723052787176252920e+01,-3.455067690645639128e-04,2.108259130974022844e-01,-3.905450488921336505e-01,-4.425104405796464156e-03,1.776868161234204614e-03,7.012783226939524328e-02,3.559947531847172386e-01,8.513830062714962399e-02,-4.806953002460276347e-02,9.141466470289454083e-02
2.700000000000000000e+03,6.032534082833063832e-02,-2.119987005427697788e-02,-1.614724523974243597e-01,-1.598830824280760565e-01,-1.280202688881471214e-02,3.600166792122346665e-02,3.880221438633137815e-02,9.030258237949432276e-01,-8.643467089255787994e-02,-2.979478206671248505e-03,-5.166010700233502652e-03,-1.659435287554570149e+00,8.815437812072185464e-01,5.518418357838605903e-02,2.711508790074455177e+01,-3.459641429394987077e-04,2.108259130974022844e-01,-3.905450488921336505e-01,-4.425104405796464156e-03,2.606137622974873200e-03,7.012783226939524328e-02,2.590546802971013252e-01,8.513830062714962399e-02,-4.806953002460276347e-02,9.145491645401106207e-02
2.800000000000000000e+03,6.032534082833063832e-02,-2.119987005427697788e-02,-1.621706081259570720e-01,-1.606703844297691919e-01,-1.397223785719004484e-02,3.598581068249918913e-02,3.880221438633137815e-02,9.030258237949432276e-01,-8.621658173299452665e-02,-3.055917963704138200e-03,-5.259174680330682555e-03,-1.659435287554570149e+00,8.829799479383104721e-01,5.537208483026775929e-02,3.906516946237880461e+01,-3.471474353533356995e-04,2.108259130974022844e-01,-3.905450488921336505e-01,-4.425104405796464156e-03,2.606137622974873200e-03,7.021227030832763449e-02,2.578129859455344230e-01,8.513830062714962399e-02,-4.806953002460276347e-02,9.141466470289454083e-02
2.900000000000000000e+03,6.032534082833063832e-02,-2.119987005427697788e-02,-1.614724523974243597e-01,-1.593277859613720926e-01,-1.390574376371219237e-02,3.328469480782870332e-02,3.880221438633137815e-02,6.069932880455174429e-01,-8.643467089255787994e-02,-2.969333023172299364e-03,-5.242198307941773640e-03,-1.659435287554570149e+00,8.815437812072185464e-01,5.537208483026775929e-02,3.950212400837745719e+01,-4.652495765929356053e-04,2.108259130974022844e-01,-3.905450488921336505e-01,-4.425104405796464156e-03,7.083870993829218064e-04,4.927796655751039839e-02,3.080339990303181952e-01,8.513830062714961011e-02,-4.806953002460276347e-02,1.005168312878655518e-01
3.000000000000000000e+03,6.032534082833063832e-02,-2.119987005427697788e-02,-1.614724523974243597e-01,-1.598830824280760565e-01,-1.432335342896797099e-02,4.920254508512569847e-02,3.880221438633137815e-02,6.069932880455174429e-01,-8.643467089255787994e-02,-4.982069219659867980e-03,-4.667103920166045493e-03,-1.664656740999701068e+00,8.815437812072185464e-01,5.537208483026775929e-02,4.156393020135918448e+01,-6.026302567993007319e-04,2.108259130974022844e-01,-3.905450488921336505e-01,-4.425104405796464156e-03,8.914659726008563288e-04,4.927796655751039839e-02,3.080339990303181952e-01,8.513830062714962399e-02,-4.806953002460276347e-02,1.006596396059775272e-01
3.100000000000000000e+03,8.339760347060470869e-02,-2.119987005427697788e-02,-1.614724523974243597e-01,-1.598830824280760565e-01,-1.432335342896797099e-02,4.899635800785579615e-02,5.600910858569576461e-02,6.043278650736276791e-01,-8.643467089255787994e-02,-5.004914284507247686e-03,-2.981462723603899717e-03,-1.659435287554570149e+00,8.815437812072185464e-01,5.537208483026775929e-02,5.457687739647448666e+01,-6.560611779659878589e-04,2.108259130974022844e-01,-3.905450488921336505e-01,-4.425104405796464156e-03,9.286998994232669368e-04,4.910565269882413014e-02,3.080339990303181952e-01,8.513830062714961011e-02,-4.806953002460276347e-02,1.047373521846708816e-01
3.200000000000000000e+03,8.339760347060470869e-02,-2.119987005427697788e-02,-1.614724523974243597e-01,-1.598830824280760565e-01,-1.432335342896797099e-02,4.920254508512569847e-02,5.600910858569576461e-02,6.069932880455174429e-01,-8.643467089255787994e-02,-3.268871265139082580e-03,-4.160745299735027145e-03,-1.659435287554570149e+00,8.776129822684958226e-01,5.537208483026775929e-02,5.512053868065932960e+01,-6.291520558766758005e-04,2.108259130974022844e-01,-3.905450488921336505e-01,-4.425104405796464156e-03,9.286998994232669368e-04,4.927796655751039839e-02,3.080339990303181952e-01,8.513830062714961011e-02,-4.806953002460276347e-02,1.003315111966751189e-01
3.300000000000000000e+03,8.339760347060470869e-02,-2.119987005427697788e-02,-1.616280151527039743e-01,-1.598830824280760565e-01,-1.932992803243660171e-02,5.985292242914155153e-02,5.600910858569576461e-02,6.095305981888088365e-01,-4.676838983480644668e-02,-3.268871265139082580e-03,-6.437577637631312216e-03,-1.644381250242406223e+00,8.815437812072185464e-01,5.537208483026775929e-02,7.288817219383807355e+01,-8.208984834714834694e-04,2.108259130974022844e-01,-3.905450488921336505e-01,-4.425104405796464156e-03,9.286998994232669368e-04,4.563484275351114422e-02,1.730458817637925972e-01,8.513830062714962399e-02,-4.790748909554799068e-02,1.003315111966751189e-01
3.400000000000000000e+03,8.339760347060470869e-02,-1.085296594801067258e-02,-1.614724523974243597e-01,-1.181840876010202268e-01,-2.032022308368913732e-02,3.135242277011031364e-02,5.600910858569576461e-02,6.146052184753916237e-01,-4.676838983480644668e-02,-3.414401797436917782e-03,-6.427947317219959329e-03,-1.659435287554570149e+00,8.712715170193876535e-01,5.537208483026775929e-02,7.288817219383807355e+01,-8.213448194225792713e-04,2.108259130974022844e-01,-3.905450488921336505e-01,-4.425104405796464156e-03,9.262501846502839854e-04,4.541472419864235610e-02,1.730458817637925972e-01,8.513830062714962399e-02,-4.806953002460276347e-02,1.456742971621775573e-01
3.500000000000000000e+03,8.339760347060470869e-02,-1.221276674546092206e-02,-2.291401152004025332e-01,-1.598830824280760565e-01,-2.129911221524669399e-02,3.116298097305103543e-02,5.600910858569576461e-02,6.146052184753916237e-01,-4.676838983480644668e-02,-2.642632242452515757e-03,-6.437577637631312216e-03,-1.659435287554570149e+00,8.371771391808849883e-01,5.537208483026775929e-02,7.288817219383807355e+01,-8.445919539131510568e-04,2.108259130974022844e-01,-3.905450488921336505e-01,-4.425104405796464156e-03,7.813048755933859084e-04,4.552767515503857582e-02,1.730458817637925972e-01,5.872938452149326083e-02,-4.806953002460276347e-02,1.456742971621775573e-01
3.600000000000000000e+03,8.320001864932341507e-02,-1.058146749433162143e-02,-2.291401152004025332e-01,-1.604943716408550047e-01,-2.813993021645444861e-02,3.645323526359332822e-02,5.600910858569576461e-02,6.146052184753916237e-01,-4.676838983480644668e-02,-1.828655322751043984e-03,-6.456575502212130377e-03,-1.659435287554570149e+00,8.353185923619820263e-01,5.537208483026775929e-02,7.274041738650704758e+01,-8.631056798469831500e-04,2.108259130974022844e-01,-3.905450488921336505e-01,-3.644188903885120859e-03,7.046410069311713400e-04,4.563484275351114422e-02,1.730458817637925972e-01,5.872938452149326083e-02,-4.806953002460276347e-02,1.456742971621775573e-01
3.700000000000000000e+03,8.339760347060470869e-02,-1.058146749433162143e-02,-2.291401152004025332e-01,-1.598830824280760565e-01,-2.910412873129674186e-02,3.621347716773603426e-02,5.600910858569576461e-02,6.146052184753916237e-01,-4.676838983480644668e-02,-1.830127951639120122e-03,-6.437577637631312216e-03,-1.659435287554570149e+00,8.365662399551243578e-01,5.537208483026775929e-02,7.322941436207078425e+01,-4.369313987413451128e-04,2.108259130974022844e-01,-3.905450488921336505e-01,-3.659926453921526646e-03,7.033294983594083616e-04,4.563484275351114422e-02,1.730458817637925972e-01,5.872938452149326083e-02,-4.030054507697935356e-02,1.459731758064021778e-01
3.800000000000000000e+03,5.921440836563120202e-02,-1.058146749433162143e-02,-2.291401152004025332e-01,-1.981148743990019667e-01,-2.802162108923589301e-02,3.624375089794037302e-02,5.600910858569576461e-02,6.146052184753916237e-01,-4.676838983480644668e-02,-1.352710810451631610e-03,-6.566068289944870622e-03,-1.659435287554570149e+00,8.353185923619820263e-01,6.623019403416917361e-02,2.279314940818358437e+01,-4.369313987413451128e-04,2.108259130974022844e-01,-3.905450488921336505e-01,-2.304244241969005159e-03,9.610197559996727168e-04,4.586288110236075299e-02,1.974485572008302381e-01,5.872938452149326083e-02,-4.030054507697935356e-02,1.456742971621775573e-01
3.900000000000000000e+03,5.897897821305463778e-02,-1.052881250012105592e-02,-2.291401152004025332e-01,-1.981148743990019667e-01,-2.813993021645444861e-02,3.620134281945870669e-02,5.600910858569576461e-02,6.146052184753916237e-01,-4.676838983480644668e-02,-1.356882831503646546e-03,-1.077741762373994952e-02,-1.659435287554570149e+00,8.353185923619820263e-01,7.180411455915389207e-02,2.277032297856018417e+01,-4.225361234870137405e-04,2.108259130974022844e-01,-3.905450488921336505e-01,-2.304244241969005159e-03,7.764931366437869504e-04,4.570887980440557774e-02,2.088207637869187172e-01,5.872938452149326083e-02,-4.831001741400903216e-02,1.456742971621775573e-01
4.000000000000000000e+03,9.494353221004563081e-02,-1.058146749433162143e-02,-2.291401152004025332e-01,-1.981148743990019667e-01,-2.803749122936906313e-02,2.091725990974754867e-02,5.600910858569576461e-02,6.146052184753916237e-01,-4.676838983480644668e-02,-1.407443544155267045e-03,-1.500306352200070879e-02,-1.659435287554570149e+00,8.392874792598837841e-01,7.165924863612004037e-02,2.445327119067340149e+01,-4.388131543125676354e-04,2.108259130974022844e-01,-3.905450488921336505e-01,-2.304244241969005159e-03,7.715812905104003742e-04,5.389538830216436538e-02,2.096498949193492667e-01,5.872938452149326083e-02,-4.873423870318059625e-02,1.456742971621775573e-01
4.100000000000000000e+03,9.463930994705829769e-02,-1.058146749433162143e-02,-2.291401152004025332e-01,-1.981148743990019667e-01,-2.813993021645444861e-02,2.126683930953736021e-02,5.600910858569576461e-02,6.146052184753916237e-01,-4.676838983480644668e-02,-1.010511348610147221e-03,-1.500306352200070879e-02,-1.659435287554570149e+00,8.353185923619820263e-01,7.165924863612004037e-02,2.449058735458929092e+01,-5.973136091434663860e-04,2.108259130974022844e-01,-3.905450488921336505e-01,-2.304244241969005159e-03,7.692584666138053062e-04,5.389538830216436538e-02,2.095387988645079913e-01,5.872938452149326083e-02,-4.854075861467575109e-02,1.456742971621775573e-01
4.200000000000000000e+03,1.160785018403876906e-01,-1.058146749433162143e-02,-2.962357571682553425e-01,-1.951555753130866933e-01,-2.813993021645444861e-02,3.024439132547215164e-02,5.600910858569576461e-02,6.146052184753916237e-01,-4.676838983480644668e-02,-1.010511348610147221e-03,-1.572015890147589537e-02,-1.659435287554570149e+00,6.550024088340844486e-01,7.165924863612004037e-02,2.347027172679183948e+01,-5.725629708801526245e-04,2.108259130974022844e-01,-3.905450488921336505e-01,-3.220934363007781770e-03,8.863317584651305130e-04,5.389538830216436538e-02,1.757890225388072658e-01,5.872938452149326083e-02,-4.831001741400903216e-02,1.456742971621775573e-01
4.300000000000000000e+03,1.159883407005717071e-01,-1.062028527667271786e-02,-2.962357571682553425e-01,-1.981148743990019667e-01,-3.585671392182455952e-02,3.024439132547215164e-02,5.600910858569576461e-02,6.146052184753916237e-01,-4.676838983480644668e-02,-1.106484134219934022e-03,-1.500306352200070879e-02,-1.659435287554570149e+00,6.550024088340844486e-01,7.165924863612004037e-02,2.893845834004841677e+01,-5.773218909835547280e-04,2.108259130974022844e-01,-3.905450488921336505e-01,-3.227825434481164293e-03,8.164356740268148430e-04,5.340942475149144247e-02,2.096498949193492667e-01,5.872938452149326083e-02,-4.844840486684125896e-02,1.456742971621775573e-01
4.400000000000000000e+03,1.160785018403876906e-01,-1.058146749433162143e-02,-2.962357571682553425e-01,-1.981148743990019667e-01,-3.585671392182455952e-02,3.024439132547215164e-02,5.600910858569576461e-02,6.146052184753916237e-01,-4.676838983480644668e-02,-9.244499096741232852e-04,-1.493035993837689944e-02,-1.659435287554570149e+00,6.550024088340844486e-01,7.165924863612004037e-02,3.116239383277796904e+01,-5.767262147063948689e-04,2.109898081242619905e-01,-3.905450488921336505e-01,-3.220934363007781770e-03,6.756097611460655300e-04,5.389538830216436538e-02,2.105040903531961716e-01,5.872938452149326083e-02,-4.831001741400903216e-02,1.456742971621775573e-01
4.500000000000000000e+03,1.164029561925844086e-01,-1.062327112695877866e-02,-2.868881053773335577e-01,-2.372892084652267475e-01,-3.594651614819219937e-02,4.953980001866846450e-02,5.600910858569576461e-02,6.146052184753916237e-01,-4.686256166350119545e-02,-9.277672365093700543e-04,-1.639367391565976773e-02,-1.659435287554570149e+00,6.550024088340844486e-01,7.165924863612004037e-02,3.124426316455691577e+01,-5.746529059903379135e-04,2.108259130974022844e-01,-3.905450488921336505e-01,-3.220934363007781770e-03,7.318425312472620192e-04,4.885724812383208937e-02,2.096498949193492667e-01,5.872938452149326083e-02,-4.831001741400903216e-02,1.456742971621775573e-01
4.600000000000000000e+03,1.160785018403876906e-01,-1.058146749433162143e-02,-2.681928017954895993e-01,-1.981148743990019667e-01,-3.585671392182455952e-02,2.888905945018621288e-02,5.600910858569576461e-02,6.146052184753916237e-01,-4.676838983480644668e-02,-1.091967406457752549e-03,-1.998356534676085094e-02,-1.659435287554570149e+00,6.550024088340844486e-01,7.165924863612004037e-02,1.703993445277615493e+01,-5.728724584920627701e-04,2.108259130974022844e-01,-3.905450488921336505e-01,-3.220934363007781770e-03,8.471249163030873230e-04,5.389538830216436538e-02,2.096498949193492667e-01,5.628071894678429721e-02,-4.849423790107829091e-02,1.456742971621775573e-01
4.700000000000000000e+03,1.197578214730162099e-01,-1.058146749433162143e-02,-2.681928017954895993e-01,-1.981148743990019390e-01,-3.585671392182455952e-02,2.901894144848882889e-02,5.359646298752674537e-02,6.146052184753916237e-01,-4.676838983480644668e-02,-1.290735684010785398e-03,-2.651268315724381736e-02,-1.659435287554570149e+00,6.550024088340844486e-01,7.165924863612004037e-02,1.696346329105769613e+01,-5.753791693718164797e-04,2.108259130974022844e-01,-3.905450488921336505e-01,-3.220934363007781770e-03,5.125537178111070052e-04,4.786615493396497584e-02,2.086407315685608610e-01,5.872938452149326083e-02,-4.831001741400903216e-02,1.456742971621775573e-01
4.800000000000000000e+03,1.197578214730162099e-01,-1.058146749433162143e-02,-2.779448481551066719e-01,-1.981148743990019667e-01,-3.585671392182455952e-02,2.901309325817980414e-02,5.600910858569576461e-02,6.146052184753916237e-01,-4.676838983480644668e-02,-1.298811120884147069e-03,-2.764694690590423914e-02,-1.982231871812800472e+00,6.550024088340844486e-01,7.165924863612004037e-02,2.480072311867377621e+01,-5.769234458271690381e-04,2.108259130974022844e-01,-3.905450488921336505e-01,-3.220934363007781770e-03,1.627033456602913417e-04,2.960289275532993966e-02,2.096498949193492667e-01,5.872938452149326083e-02,-4.831001741400903216e-02,1.456742971621775573e-01
4.900000000000000000e+03,1.288381257524956747e-01,-1.031545332641171063e-02,-2.681928017954895993e-01,-1.988095316780865429e-01,-3.162824446318077132e-02,2.901309325817980414e-02,5.600910858569576461e-02,6.146052184753916237e-01,-4.187164569316748769e-02,-1.298811120884147069e-03,-2.651268315724382083e-02,-2.143630163941915079e+00,6.550024088340844486e-01,7.421128107345795200e-02,2.484291120653415064e+01,-6.811032658826304343e-04,2.108259130974022844e-01,-3.905450488921336505e-01,-3.220934363007781770e-03,1.377461604196704187e-04,2.960289275532993966e-02,2.098114759373777005e-01,5.872938452149326083e-02,-4.831001741400903216e-02,1.463389091172655754e-01
5.000000000000000000e+03,1.291155044315340505e-01,-1.029041493917133045e-02,-2.681928017954895993e-01,-2.059162930724404983e-01,-3.224379886453532240e-02,2.789581984800747552e-02,5.600910858569576461e-02,6.146052184753916237e-01,-4.187164569316748769e-02,-1.298811120884147069e-03,-2.651268315724382083e-02,-2.143630163941915079e+00,6.550024088340844486e-01,9.778608714169523264e-02,2.416605637198945544e+01,-4.248939252052265315e-04,2.108259130974022844e-01,-3.905450488921336505e-01,-3.220934363007781770e-03,1.202581491707037430e-04,2.642407840676906650e-02,2.096498949193492667e-01,5.872938452149326083e-02,-4.831001741400903216e-02,1.458105787164181155e-01
5.100000000000000000e+03,1.291155044315340505e-01,-1.031545332641171063e-02,-2.684055380694678750e-01,-1.981980421866039177e-01,-3.224379886453532240e-02,2.901309325817980414e-02,5.600910858569576461e-02,6.146052184753916237e-01,-4.187164569316748769e-02,-1.298811120884147069e-03,-2.651268315724382083e-02,-2.143630163941915079e+00,6.550024088340844486e-01,9.778608714169523264e-02,2.375413576438898744e+01,-2.576394433510185945e-04,2.108259130974022844e-01,-3.905450488921336505e-01,-3.220934363007781770e-03,1.410957889426740113e-04,2.743783536618275148e-02,2.096498949193492667e-01,5.872938452149326083e-02,-4.618433590613362644e-02,1.453669056749600230e-01
5.200000000000000000e+03,1.291155044315340505e-01,-1.031545332641171063e-02,-2.670594205011012634e-01,-1.980911908620898998e-01,-3.224379886453532240e-02,2.901309325817980414e-02,5.600910858569576461e-02,6.146052184753916237e-01,-4.187164569316748769e-02,-8.278914058121867843e-04,-3.008715371922620826e-02,-2.143630163941915079e+00,6.550024088340844486e-01,9.778608714169523264e-02,2.484291120653415064e+01,-2.576394433510185945e-04,2.108259130974022844e-01,-3.905450488921336505e-01,-3.220934363007781770e-03,1.467762204845556809e-04,2.807378409661550125e-02,2.096498949193492667e-01,5.872938452149326083e-02,-4.665859733665730230e-02,1.456742971621775573e-01
5.300000000000000000e+03,1.291155044315340505e-01,-1.031545332641171063e-02,-2.682036435009083064e-01,-1.981148743990019667e-01,-3.150403165576740050e-02,2.901309325817980414e-02,8.064069893356955177e-02,6.146052184753916237e-01,-4.174556257329502251e-02,-8.330529878866444827e-04,-3.002257599344469730e-02,-2.143630163941915079e+00,6.550024088340844486e-01,9.778608714169523264e-02,2.484291120653415064e+01,-2.576394433510185945e-04,2.108259130974022844e-01,-3.905450488921336505e-01,-3.220934363007781770e-03,1.095229098698222121e-04,2.805502166873100403e-02,3.144412147752823627e-01,5.872938452149326083e-02,-4.634732612856986428e-02,1.456742971621775573e-01
5.400000000000000000e+03,1.074015869156036973e-01,-1.031545332641171063e-02,-2.681928017954895993e-01,-1.989930024186108426e-01,-3.224379886453532240e-02,3.616007396588224315e-02,8.064069893356955177e-02,6.146052184753916237e-01,-4.187164569316748769e-02,-8.959938855722965768e-04,-2.671300341584169347e-02,-2.143630163941915079e+00,6.531567722913175222e-01,9.685979970858868415e-02,2.486255252647374192e+01,-2.576394433510185945e-04,1.981509073981275459e-01,-3.905450488921336505e-01,-3.220934363007781770e-03,1.072596891163319342e-04,2.805502166873100403e-02,3.144412147752823627e-01,5.872938452149326083e-02,-4.654642646945293671e-02,1.456742971621775573e-01
5.500000000000000000e+03,1.072448883326475172e-01,-1.031545332641171063e-02,-2.681928017954895993e-01,-1.981148743990019667e-01,-4.144588687987485476e-02,3.792800592926627579e-02,8.064069893356955177e-02,6.010021970673720126e-01,-4.187164569316748769e-02,-8.921703589498107025e-04,-2.732467944209474378e-02,-2.143630163941915079e+00,6.550024088340844486e-01,9.685979970858868415e-02,2.484291120653415064e+01,-2.576394433510185945e-04,1.823071502740332139e-01,-3.905450488921336505e-01,-3.220934363007781770e-03,1.070146920098171274e-04,2.805502166873100403e-02,3.144412147752823627e-01,7.889984102139813160e-02,-4.654642646945293671e-02,1.424813271745683785e-01
5.600000000000000000e+03,1.074015869156036973e-01,-1.028582063613902621e-02,-2.372702191105453273e-01,-1.369712882246467978e-01,-4.144588687987485476e-02,2.939071137199431374e-02,8.064069893356955177e-02,6.146052184753916237e-01,-4.187164569316748769e-02,-8.921703589498107025e-04,-2.867823972802269542e-02,-2.143630163941915079e+00,9.154958095032025289e-01,9.685979970858868415e-02,3.239122694154142579e+01,-2.616041840790975844e-04,1.823071502740332139e-01,-3.905450488921336505e-01,-3.220934363007781770e-03,1.070146920098171274e-04,2.805502166873100403e-02,3.108463652879685513e-01,8.142114808388624392e-02,-4.654642646945293671e-02,1.424813271745683785e-01
5.700000000000000000e+03,1.074015869156036973e-01,-1.031545332641171063e-02,-2.365959326212235536e-01,-1.368323684194914791e-01,-4.144588687987485476e-02,2.947642288123357088e-02,8.064069893356955177e-02,6.146052184753916237e-01,-4.187164569316748769e-02,-8.969931477479169916e-04,-2.671300341584169347e-02,-2.143630163941915079e+00,9.154958095032025289e-01,9.685979970858868415e-02,3.244205780224901758e+01,-3.607802405031156848e-04,1.823071502740332139e-01,-3.905450488921336505e-01,-3.220934363007781770e-03,1.067335631989330428e-04,2.805502166873100403e-02,3.108463652879685513e-01,1.208311666956252001e-01,-4.654642646945293671e-02,1.424813271745683785e-01
5.800000000000000000e+03,1.074015869156036973e-01,-1.031545332641171063e-02,-2.319959417777264776e-01,-1.374063046762376006e-01,-4.455857170289699576e-02,2.947642288123357088e-02,8.064069893356955177e-02,5.881231543398738326e-01,-4.187164569316748769e-02,-8.810631009381206724e-04,-2.671300341584169347e-02,-2.143630163941915079e+00,9.154958095032025289e-01,9.685979970858868415e-02,3.927429968091698953e+01,-3.635583770488711743e-04,1.823071502740332139e-01,-3.905450488921336505e-01,-3.220934363007781770e-03,1.070146920098171274e-04,2.805502166873100403e-02,3.108463652879685513e-01,1.208311666956252001e-01,-4.654642646945293671e-02,1.429273568254767757e-01
5.900000000000000000e+03,1.075722993490505902e-01,-1.031545332641171063e-02,-2.319959417777264776e-01,-1.369712882246467978e-01,-4.455857170289699576e-02,2.947642288123357088e-02,8.064069893356955177e-02,6.146052184753916237e-01,-4.187164569316748769e-02,-5.551251911698423889e-04,-2.676310262085241157e-02,-2.143630163941915079e+00,9.154958095032025289e-01,9.685979970858868415e-02,3.861688550283260213e+01,-3.617284475362073830e-04,1.823071502740332139e-01,-3.905450488921336505e-01,-3.220934363007781770e-03,1.070146920098171274e-04,2.530225601488147666e-02,3.099579301648411334e-01,1.208311666956252001e-01,-4.654642646945293671e-02,1.424813271745683785e-01
6.000000000000000000e+03,1.072906242314053682e-01,-1.031545332641171063e-02,-2.329449992478976328e-01,-1.369712882246467978e-01,-4.455857170289699576e-02,2.945276339588293740e-02,8.064069893356955177e-02,6.146052184753916237e-01,-4.187164569316748769e-02,-5.689768149980720764e-04,-4.376345036228013186e-02,-2.143630163941915079e+00,9.154958095032025289e-01,9.685979970858868415e-02,4.367061917560469908e+01,-5.235698713181389380e-04,1.823071502740332139e-01,-3.905450488921336505e-01,-3.220934363007781770e-03,1.070146920098171274e-04,2.495816030815029354e-02,3.306342274537439896e-01,1.208311666956252001e-01,-4.654642646945293671e-02,1.424813271745683785e-01
6.100000000000000000e+03,1.074015869156036973e-01,-1.031545332641171063e-02,-2.319959417777264776e-01,-1.268053023048581751e-01,-4.455857170289699576e-02,1.769567033033238312e-02,8.064069893356955177e-02,6.146052184753916237e-01,-4.187164569316748769e-02,-5.551251911698423889e-04,-5.690317424744249786e-02,-2.143630163941915079e+00,7.174006174773082112e-01,9.685979970858868415e-02,4.349437063778939461e+01,-4.239198421993834527e-04,1.823071502740332139e-01,-3.905450488921336505e-01,-3.220934363007781770e-03,1.070146920098171274e-04,2.623357846984988515e-02,3.108463652879685513e-01,1.208311666956252001e-01,-4.654642646945293671e-02,1.424813271745683785e-01
6.200000000000000000e+03,1.069248108292257665e-01,-1.031545332641171063e-02,-2.319959417777264776e-01,-1.256589989534776242e-01,-4.459623901057815226e-02,1.775618992869484880e-02,8.064069893356955177e-02,6.144657005362728075e-01,-4.187164569316748769e-02,-6.608272894419165138e-04,-3.533911066482196828e-02,-2.143630163941915079e+00,7.174006174773082112e-01,9.685979970858868415e-02,4.349437063778939461e+01,-5.498615085481112956e-04,1.823071502740332139e-01,-3.905450488921336505e-01,-3.220934363007781770e-03,7.723455432096746351e-05,2.495816030815029354e-02,3.106685605663696004e-01,1.461047506417648412e-01,-4.756048616529361811e-02,1.422583642519697489e-01
6.300000000000000000e+03,1.052560945269030573e-01,-1.031545332641171063e-02,-2.416488818227279234e-01,-1.268053023048581751e-01,-3.189858041739856293e-02,3.879246256248405911e-02,8.064069893356955177e-02,6.146052184753916237e-01,-4.187164569316748769e-02,-6.572898714014476645e-04,-3.757142938996961556e-02,-2.143630163941915079e+00,7.174006174773082112e-01,9.685979970858868415e-02,3.639084256312347776e+01,-3.379958133354907593e-04,1.823071502740332139e-01,-3.905450488921336505e-01,-1.918642823949406884e-03,7.696080291514839828e-05,2.495816030815029354e-02,3.108463652879685513e-01,1.419862685730323149e-01,-4.756048616529361811e-02,1.424813271745683785e-01
6.400000000000000000e+03,1.052560945269030573e-01,-1.031545332641171063e-02,-2.319959417777264776e-01,-1.268053023048581751e-01,-3.189858041739856293e-02,3.875954976372286698e-02,8.064069893356955177e-02,6.146052184753916237e-01,-4.187164569316748769e-02,-6.545016445678471630e-04,-3.750415306794117887e-02,-2.143630163941915079e+00,7.174006174773082112e-01,9.685979970858868415e-02,3.639786045278307824e+01,-2.552392307033445984e-04,1.823071502740332139e-01,-3.905450488921336505e-01,-1.918642823949406884e-03,7.479047658426985845e-05,2.495816030815029354e-02,1.554306012929216330e-01,1.461047506417648412e-01,-4.756048616529361811e-02,1.429608954571595647e-01
6.500000000000000000e+03,1.052560945269030573e-01,-1.031545332641171063e-02,-2.321459942154876777e-01,-1.702067876488002895e-01,-3.189858041739856293e-02,3.851105456603631794e-02,8.064069893356955177e-02,6.146052184753916237e-01,-4.187164569316748769e-02,-6.572898714014476645e-04,-3.719571120875588693e-02,-2.143630163941915079e+00,7.174006174773082112e-01,9.685979970858868415e-02,2.525105124631588893e+01,-2.547048243816956857e-04,1.823071502740332139e-01,-3.905450488921336505e-01,-1.918642823949406884e-03,1.154325301085071010e-04,4.524045031876743062e-02,1.629062799185945210e-01,1.461047506417648412e-01,-4.756048616529361811e-02,1.288106340812003869e-01
6.600000000000000000e+03,1.052560945269030573e-01,-1.031545332641171063e-02,-2.319959417777264776e-01,-1.702067876488002895e-01,-3.189858041739856293e-02,3.875954976372286698e-02,8.064069893356955177e-02,3.840245177973612978e-01,-4.187164569316748769e-02,-6.572898714014476645e-04,-3.733179304816045679e-02,-2.143630163941915079e+00,7.174006174773082112e-01,9.685979970858868415e-02,1.806379606328203735e+01,-3.250023045756714494e-04,1.823071502740332139e-01,-3.905450488921336505e-01,-1.918642823949406884e-03,1.565104527718485280e-04,4.990830895996734018e-02,1.554306012929216330e-01,1.461047506417648412e-01,-4.756048616529361811e-02,1.239919323650882921e-01
6.700000000000000000e+03,7.639399950601188927e-02,-1.031545332641171063e-02,-2.319959417777264776e-01,-1.203070957924825546e-01,-3.189858041739856293e-02,3.881612390014098357e-02,8.064069893356955177e-02,3.840245177973612978e-01,-4.187164569316748769e-02,-6.596739793587185234e-04,-3.721776736815318037e-02,-2.150117142162037087e+00,7.174006174773082112e-01,9.685979970858868415e-02,1.686359765992621718e+01,-3.250023045756714494e-04,1.823071502740332139e-01,-3.905450488921336505e-01,-1.918642823949406884e-03,1.565104527718485280e-04,4.965505536475101761e-02,1.554306012929216330e-01,1.461047506417648412e-01,-4.756048616529361811e-02,7.659315882469634740e-02
6.800000000000000000e+03,7.955197041712575023e-02,-1.004577185664885276e-02,-2.411693868138049257e-01,-1.060500409763916879e-01,-2.505269029502742162e-02,3.968086246321914090e-02,8.064069893356955177e-02,2.805341012914768783e-01,-4.187164569316748769e-02,-6.569497259829922432e-04,-3.741605721481879032e-02,-2.154071511769691138e+00,7.174006174773082112e-01,9.685979970858868415e-02,1.684318772043023671e+01,-3.250023045756714494e-04,1.823071502740332139e-01,-3.905450488921336505e-01,-1.918642823949406884e-03,1.500064488894384512e-04,3.934636102121222972e-02,1.554306012929216330e-01,1.461047506417648412e-01,-4.756048616529361811e-02,7.659315882469634740e-02
6.900000000000000000e+03,7.981972624058908394e-02,-1.026695535073167929e-02,-2.319959417777264776e-01,-9.443041096286267089e-02,-2.505269029502742162e-02,3.875954976372286698e-02,8.064069893356955177e-02,2.690913015253524887e-01,-5.100739399216860231e-02,-6.572898714014476645e-04,-2.773299159412396381e-02,-2.143630163941915079e+00,5.560687860916222469e-01,9.651618970049465063e-02,7.191466214960223091e+00,-2.307266677502801456e-04,1.823071502740332139e-01,-3.905450488921336505e-01,-1.918642823949406884e-03,1.500064488894384512e-04,3.943256901844038875e-02,1.554306012929216330e-01,1.461047506417648412e-01,-4.756048616529361811e-02,7.659315882469634740e-02
7.000000000000000000e+03,7.981972624058908394e-02,-1.031545332641171063e-02,-2.378349216860957127e-01,-9.444290604584043569e-02,-2.505269029502742162e-02,3.875954976372286698e-02,8.064069893356955177e-02,2.690913015253524887e-01,-4.187164569316748769e-02,-6.530218472852555682e-04,-2.719754065711651320e-02,-2.143630163941915079e+00,5.560687860916222469e-01,9.685979970858868415e-02,3.836911990196740341e+00,-2.264217783785815665e-04,1.823071502740332139e-01,-3.905450488921336505e-01,-1.918642823949406884e-03,1.567162710414567433e-04,3.934636102121222972e-02,1.499434268561946615e-01,1.461047506417648412e-01,-4.747482102360032347e-02,7.659315882469634740e-02
7.100000000000000000e+03,7.981972624058908394e-02,-1.031545332641171063e-02,-2.911868692323535956e-01,-9.443041096286267089e-02,-2.505269029502742162e-02,2.372380464680019091e-02,8.064069893356955177e-02,2.678979502877555374e-01,-4.187164569316748769e-02,-8.351107326163106264e-04,-2.131878535613021888e-02,-2.143630163941915079e+00,5.560687860916222469e-01,9.685979970858868415e-02,3.923670614685776936e+00,-2.303015411310831422e-04,1.823071502740332139e-01,-3.905450488921336505e-01,-1.607334813592589109e-03,1.490747777899422235e-04,3.934636102121222972e-02,1.554306012929216330e-01,1.461047506417648412e-01,-4.756048616529361811e-02,7.659315882469634740e-02
7.200000000000000000e+03,7.265597329226568257e-02,-1.031545332641171063e-02,-3.385396111960552457e-01,-7.517849783300598054e-02,-2.505269029502742162e-02,3.252758641399879080e-02,8.287698097881093795e-02,3.125549946607845131e-01,-4.187164569316748769e-02,-7.780539137590465225e-04,-1.061141886531530125e-02,-1.990315236640800123e+00,5.560687860916222469e-01,9.685979970858868415e-02,4.732851256678015872e+00,-2.601961683224956177e-04,1.823071502740332139e-01,-5.063885995335843937e-01,-1.358288405307134456e-03,1.586753712449465625e-04,3.950696302896164469e-02,1.556866390515151966e-01,1.418036377274659587e-01,-4.756048616529361811e-02,9.416212413660071667e-02
7.300000000000000000e+03,4.740018331616084601e-02,-1.031545332641171063e-02,-3.385396111960552457e-01,-9.443041096286267089e-02,-2.516838373946185189e-02,2.361732052963636669e-02,1.152932709119277865e-01,2.690913015253524887e-01,-4.187164569316748769e-02,-8.315854466890077509e-04,-2.381456824558385310e-02,-1.453712991086898887e+00,5.560687860916222469e-01,9.685979970858868415e-02,1.971433218368775275e+00,-2.002137615818553619e-04,1.823071502740332139e-01,-5.063885995335843937e-01,-1.065679622702740215e-03,1.922774483374621287e-04,3.934636102121222972e-02,1.554306012929216330e-01,1.461047506417648412e-01,-4.756048616529361811e-02,7.659315882469634740e-02
7.400000000000000000e+03,4.758283797313406921e-02,-1.031545332641171063e-02,-3.389883376276848215e-01,-9.443041096286267089e-02,-2.505269029502742162e-02,2.995042949553682401e-02,1.221086333875431446e-01,2.682998190458593113e-01,-4.187164569316748769e-02,-9.829294965310467549e-04,-2.381456824558385310e-02,-1.453712991086898887e+00,5.560687860916222469e-01,9.685979970858868415e-02,1.963109622174222579e+00,-2.002137615818553619e-04,1.930072952380552653e-01,-5.063885995335843937e-01,-1.065679622702740215e-03,1.932311126002774979e-04,3.934636102121222972e-02,1.553687269706696961e-01,2.030411578655563487e-01,-4.756048616529361811e-02,7.659315882469634740e-02
7.500000000000000000e+03,4.758283797313407615e-02,-1.031545332641171063e-02,-3.385396111960552457e-01,-9.443041096286267089e-02,-2.505269029502742162e-02,2.612803165330906258e-02,1.223187859904341090e-01,2.690913015253524887e-01,-4.187164569316748769e-02,-9.856851709409094643e-04,-2.764301812812822862e-02,-1.453712991086898887e+00,6.389152839583117638e-01,9.685979970858867028e-02,1.963109622174222801e+00,-2.002137615818553619e-04,1.836660171227852967e-01,-5.063885995335843937e-01,-1.065679622702740432e-03,2.356717711087392400e-04,3.934636102121222972e-02,1.554306012929216330e-01,2.030411578655563487e-01,-4.756048616529361811e-02,7.659315882469634740e-02
7.600000000000000000e+03,5.151494185996136760e-02,-1.031545332641171063e-02,-3.385396111960552457e-01,-1.083479987366600533e-01,-2.505269029502742162e-02,3.177441224150236859e-02,1.223187859904341090e-01,2.690913015253524887e-01,-4.187164569316748769e-02,-9.829294965310467549e-04,-2.767720458194857305e-02,-1.446569006626677645e+00,6.389152839583117638e-01,9.685979970858868415e-02,1.855996970678950309e+00,-2.199612968578623380e-04,1.930072952380552653e-01,-3.863047016067184258e-01,-1.065679622702740215e-03,2.356717711087392400e-04,3.934636102121222972e-02,1.554306012929216330e-01,2.030411578655563487e-01,-4.756048616529361811e-02,7.659315882469634740e-02
7.700000000000000000e+03,5.151494185996136760e-02,-1.031545332641171063e-02,-2.798655617420175989e-01,-9.449220265508988248e-02,-2.496596252356450552e-02,2.277061632453556556e-02,1.223187859904341090e-01,2.690913015253524887e-01,-4.187164569316748769e-02,-1.000426251223776380e-03,-2.767720458194857305e-02,-1.453712991086898887e+00,6.389152839583117638e-01,9.685979970858868415e-02,2.041519342134857862e+00,-2.592589622534392595e-04,1.930072952380552653e-01,-3.849957512252937808e-01,-1.065679622702740215e-03,3.025433984959594361e-04,3.941102103745629942e-02,8.489204744866890584e-02,2.030411578655563487e-01,-4.756048616529361811e-02,7.659315882469634740e-02
7.800000000000000000e+03,5.277218289424829428e-02,-1.031545332641171063e-02,-2.798655617420175989e-01,-9.645157652931489467e-02,-2.505269029502742162e-02,1.720083458489376008e-02,1.223187859904341090e-01,2.690913015253524887e-01,-4.187164569316748769e-02,-5.812620617671665013e-04,-2.767720458194857652e-02,-1.453712991086898887e+00,6.389152839583117638e-01,9.685979970858867028e-02,8.925854430495249181e-01,-2.592589622534392595e-04,1.930072952380552653e-01,-3.863047016067184258e-01,-1.065679622702740432e-03,2.133175996646903853e-04,3.934636102121222972e-02,9.209116315084095450e-02,2.030411578655563487e-01,-4.756048616529361811e-02,7.659315882469634740e-02
7.900000000000000000e+03,5.156083446014249339e-02,-1.028428042168327665e-02,-2.798655617420175989e-01,-7.976728549235191645e-02,-2.050389419311720099e-02,1.297268295645841694e-02,1.223187859904341090e-01,2.690913015253524887e-01,-4.187164569316748769e-02,-5.812620617671665013e-04,-2.767720458194857305e-02,-1.453712991086898887e+00,6.389152839583117638e-01,9.685979970858868415e-02,9.196448989318632972e-01,-3.340250321086949358e-04,1.921951506501099749e-01,-3.863047016067184258e-01,-1.065679622702740215e-03,2.009203754239604679e-04,3.934636102121222972e-02,6.784969109278309041e-02,2.030411578655563487e-01,-4.756048616529361811e-02,7.659315882469634740e-02
8.000000000000000000e+03,5.151494185996136760e-02,-1.301654326903603325e-02,-2.798655617420175989e-01,-7.680897307267267604e-02,-2.505269029502742162e-02,1.142643236202558858e-02,1.223187859904341090e-01,2.690913015253524887e-01,-4.187164569316748769e-02,-5.812620617671665013e-04,-2.767720458194857305e-02,-1.453712991086898887e+00,6.389152839583117638e-01,9.685979970858868415e-02,8.800289523602872199e-01,-2.956109937446936000e-04,1.930072952380552653e-01,-3.863047016067184258e-01,-1.065679622702740215e-03,2.000650056740786416e-04,3.934636102121222972e-02,6.784969109278309041e-02,2.834180496243196568e-01,-3.035032180667182611e-02,7.659315882469634740e-02
8.100000000000000000e+03,5.889040470561270058e-02,-1.301654326903603325e-02,-2.798655617420175989e-01,-7.651337392786967950e-02,-2.320574593209446049e-02,1.190853308824142871e-02,1.223187859904341090e-01,2.690913015253524887e-01,-4.184788107123654788e-02,-7.000915536671336410e-04,-2.410645116537446508e-02,-1.453712991086898887e+00,6.389152839583117638e-01,9.685979970858868415e-02,8.810521214410256263e-01,-3.055940307474969576e-04,1.930072952380552653e-01,-3.863047016067184258e-01,-1.065679622702740215e-03,2.000650056740786416e-04,3.975094241761950586e-02,6.784969109278309041e-02,2.834180496243196568e-01,-3.035032180667182611e-02,7.659315882469634740e-02
8.200000000000000000e+03,5.151494185996136760e-02,-1.300624372956866830e-02,-2.962157092067321806e-01,-7.680897307267267604e-02,-2.505269029502742162e-02,1.190853308824142871e-02,1.223187859904341090e-01,2.690913015253524887e-01,-4.187164569316748769e-02,-6.659475789455877176e-04,-3.173164582728488919e-02,-1.453712991086898887e+00,6.389152839583117638e-01,9.685979970858868415e-02,7.337442395508771975e-01,-2.654442494059362128e-04,1.920662154835060809e-01,-3.863047016067184258e-01,-1.065679622702740215e-03,1.702465736489312906e-04,3.934636102121222972e-02,6.784969109278309041e-02,2.834180496243196568e-01,-3.035032180667182611e-02,7.659315882469634740e-02
8.300000000000000000e+03,5.151494185996136760e-02,-1.301654326903603325e-02,-2.713769120030526394e-01,-7.680897307267267604e-02,-2.505269029502742162e-02,1.190853308824142871e-02,1.223187859904341090e-01,2.690913015253524887e-01,-3.872869678876158378e-02,-7.000915536671336410e-04,-1.639478786796757029e-02,-1.453712991086898887e+00,6.389152839583117638e-01,9.685979970858868415e-02,7.324766154767903270e-01,-2.952006927021940189e-04,1.930072952380552653e-01,-3.863047016067184258e-01,-1.064767283850598942e-03,1.696927667393149301e-04,3.934636102121222972e-02,1.008804384672508103e-01,2.834180496243196568e-01,-1.554462332008667638e-02,7.692000324943935874e-02
8.400000000000000000e+03,5.151494185996136760e-02,-1.295753285954827014e-02,-2.713769120030526394e-01,-7.680897307267267604e-02,-2.473850179507195227e-02,6.329899954205753417e-03,1.256920766839891013e-01,2.690913015253524887e-01,-3.872869678876158378e-02,-7.007410762677967163e-04,-2.164021934509503808e-02,-1.453712991086898887e+00,6.389152839583117638e-01,9.685979970858868415e-02,7.324766154767903270e-01,-2.952006927021940189e-04,1.930072952380552653e-01,-3.863047016067184258e-01,-1.065679622702740215e-03,1.570472223887190149e-04,3.934636102121222972e-02,4.409758927230275627e-02,2.834180496243196568e-01,-1.554462332008667638e-02,7.863691808723724530e-02
8.500000000000000000e+03,4.615401682062728744e-02,-1.301654326903603325e-02,-2.713769120030526394e-01,-7.680897307267267604e-02,-2.222499379542818010e-02,3.172201705264498638e-03,1.223187859904341090e-01,1.998435070163501193e-01,-3.872869678876158378e-02,-7.000915536671336410e-04,-2.653172168496202923e-02,-1.453712991086898887e+00,6.389152839583117638e-01,9.685979970858868415e-02,7.324766154767903270e-01,-2.952006927021940189e-04,1.930072952380552653e-01,-3.863047016067184258e-01,-1.065679622702740215e-03,1.570472223887190149e-04,3.934636102121222972e-02,4.473877281416874241e-02,2.834180496243196568e-01,-1.551334348208285342e-02,9.457540795078397955e-02
8.600000000000000000e+03,4.186527678916008438e-02,-1.301654326903603325e-02,-2.861761750703920582e-01,-7.680897307267267604e-02,-2.222499379542818010e-02,3.172201705264498638e-03,1.223187859904341090e-01,1.998435070163501193e-01,-3.872869678876158378e-02,-6.695896425795721824e-04,-3.323592106889561304e-02,-1.453712991086898887e+00,6.389152839583117638e-01,9.685979970858868415e-02,7.324766154767903270e-01,-2.952006927021940189e-04,1.930072952380552653e-01,-3.863047016067184258e-01,-1.065679622702740215e-03,2.175985542536620898e-04,3.934636102121222972e-02,4.409758927230275627e-02,2.834180496243196568e-01,-1.554462332008667638e-02,9.457540795078397955e-02
8.700000000000000000e+03,4.186527678916008438e-02,-1.301654326903603325e-02,-2.713769120030526394e-01,-7.680897307267267604e-02,-2.222499379542818010e-02,3.152024963022695241e-03,1.223187859904341090e-01,1.998435070163501193e-01,-3.872869678876158378e-02,-7.000915536671336410e-04,-3.323592106889561304e-02,-1.453712991086898887e+00,6.389152839583117638e-01,9.685979970858868415e-02,1.941925195754288513e-01,-2.952006927021940189e-04,1.930072952380552653e-01,-3.863047016067184258e-01,-1.065679622702740215e-03,2.239355673522269155e-04,3.934636102121222972e-02,4.409758927230275627e-02,2.834180496243196568e-01,-1.554297031525494165e-02,9.468081202262192131e-02
8.800000000000000000e+03,3.984639830006476285e-02,-1.301654326903603325e-02,-3.559549806904950819e-01,-7.680897307267267604e-02,-2.216632044013754771e-02,3.160763626824138629e-03,1.223187859904341090e-01,1.998435070163501193e-01,-3.872869678876158378e-02,-7.000915536671336410e-04,-4.299645295887521979e-02,-1.453712991086898887e+00,3.651445410547792814e-01,9.685979970858868415e-02,3.720128682022069144e-01,-2.952006927021940189e-04,1.930072952380552653e-01,-3.863047016067184258e-01,-1.065679622702740215e-03,2.239355673522269155e-04,3.950118199883453224e-02,6.313888919569878022e-02,2.834180496243196568e-01,-1.554462332008667638e-02,9.457540795078397955e-02
8.900000000000000000e+03,2.564466727367337162e-02,-1.301654326903603325e-02,-3.559549806904950819e-01,-7.680897307267267604e-02,-1.791928165732997041e-02,3.655327759784043722e-03,1.223187859904341090e-01,1.998435070163501193e-01,-3.872869678876158378e-02,-9.157451567603042087e-04,-6.291164961915901577e-02,-1.453712991086898887e+00,3.651445410547792814e-01,9.705534495365743253e-02,3.717423849650555723e-01,-1.770287273546307079e-04,1.930072952380552653e-01,-3.865874107598598064e-01,-1.065679622702740215e-03,1.259176082916655401e-04,3.934636102121222972e-02,6.313888919569878022e-02,2.833869757376026866e-01,-1.554462332008667638e-02,9.457540795078397955e-02
9.000000000000000000e+03,2.606220541932183221e-02,-1.321093067936919552e-02,-2.227189830290609018e-01,-7.680897307267267604e-02,-1.791928165732997041e-02,3.639844313499492577e-03,1.223187859904341090e-01,1.998435070163501193e-01,-3.872869678876158378e-02,-9.114649500461535769e-04,-3.830875283054834685e-02,-1.453712991086898887e+00,3.651445410547792814e-01,9.685979970858868415e-02,3.729353485899337683e-01,-1.764405650517146583e-04,1.930072952380552653e-01,-3.690973082317115517e-01,-1.065679622702740215e-03,1.218339312072179545e-04,3.934636102121222972e-02,6.313888919569878022e-02,2.834180496243196568e-01,-1.554462332008667638e-02,9.457540795078397955e-02
9.100000000000000000e+03,2.332365381011136315e-02,-1.770440054873944832e-02,-2.235320489399199861e-01,-7.680897307267267604e-02,-1.791928165732997041e-02,3.639844313499492577e-03,1.223187859904341090e-01,1.998435070163501193e-01,-3.883568674868847354e-02,-5.229842333773210413e-04,-3.845162480538544952e-02,-9.757226592083998451e-01,3.651445410547792814e-01,9.685979970858868415e-02,3.732487131210311948e-01,-2.024478447162219327e-04,1.930072952380552653e-01,-3.690973082317115517e-01,-1.065679622702740215e-03,7.298217501195848459e-05,3.934636102121222972e-02,6.313888919569878022e-02,2.834180496243196568e-01,-1.555385108489993826e-02,9.457540795078397955e-02
9.200000000000000000e+03,2.332365381011136315e-02,-1.770440054873944832e-02,-2.227189830290609018e-01,-7.680897307267267604e-02,-1.791928165732997041e-02,3.645575532786549545e-03,1.223187859904341090e-01,1.998435070163501193e-01,-3.872869678876158378e-02,-5.219026865761487765e-04,-3.830875283054834685e-02,-1.015818181194540815e+00,3.651445410547792814e-01,9.685979970858868415e-02,5.032196183121725452e-01,-2.514838305147856236e-04,1.930072952380552653e-01,-3.690973082317115517e-01,-1.065679622702740215e-03,8.176833011564089851e-05,3.930120695863242863e-02,6.313888919569878022e-02,2.834180496243196568e-01,-1.554462332008667638e-02,9.457540795078397955e-02
9.300000000000000000e+03,2.332365381011136315e-02,-1.770440054873944832e-02,-2.227189830290609018e-01,-7.680897307267267604e-02,-1.791928165732997041e-02,4.732684945481012949e-03,1.223187859904341090e-01,1.998435070163501193e-01,-3.872869678876158378e-02,-4.472676001602495671e-04,-3.302984090632175157e-02,-9.757226592083998451e-01,3.651445410547792259e-01,9.685979970858867028e-02,5.032196183121725452e-01,-2.514838305147856236e-04,1.930072952380552653e-01,-3.690973082317116072e-01,-1.065679622702740432e-03,9.037021820723471505e-05,3.153713602313187869e-02,6.313888919569878022e-02,2.834180496243196568e-01,-1.630590732298705173e-02,9.457540795078399343e-02
9.400000000000000000e+03,2.329367791258483630e-02,-1.770440054873944832e-02,-2.227189830290609018e-01,-7.680897307267267604e-02,-1.789750190234290494e-02,3.027260115636387552e-03,1.223187859904341090e-01,1.998435070163501193e-01,-3.872869678876158378e-02,-2.994497960618266725e-04,-5.295148924743525026e-02,-9.757226592083998451e-01,3.651445410547792259e-01,9.685979970858867028e-02,6.728940579388852372e-01,-2.437075238640839104e-04,1.930072952380552653e-01,-3.690973082317116072e-01,-1.065679622702740432e-03,8.297515305939509827e-05,3.153713602313187869e-02,6.313888919569878022e-02,2.834180496243196568e-01,-1.626790042369696473e-02,1.285940051413968499e-01
9.500000000000000000e+03,1.232457961719565960e-02,-1.770440054873944832e-02,-2.227189830290609018e-01,-7.680897307267267604e-02,-1.791928165732997041e-02,2.649476217761429116e-03,1.223187859904341090e-01,1.998435070163501193e-01,-3.872869678876158378e-02,-2.942871545329632044e-04,-2.504337351052305857e-02,-9.757226592083998451e-01,3.651445410547792814e-01,9.963126743994066281e-02,7.379987670998103821e-01,-1.734360008090959926e-04,1.891963353227122668e-01,-3.690973082317115517e-01,-1.065679622702740215e-03,8.176833011564089851e-05,3.219803517861450498e-02,6.313888919569878022e-02,2.846647541449701113e-01,-1.626790042369696473e-02,1.285940051413968499e-01
9.600000000000000000e+03,1.232457961719565960e-02,-1.770440054873944832e-02,-2.227189830290609018e-01,-7.680897307267267604e-02,-1.782906639316184788e-02,2.646255102696049282e-03,1.223187859904341090e-01,1.998435070163501193e-01,-3.504287330864595817e-02,-3.150696811925821203e-04,-2.507564107480303103e-02,-9.757226592083998451e-01,3.651445410547792814e-01,9.685979970858868415e-02,7.379987670998103821e-01,-1.117135315316271496e-04,1.891963353227122668e-01,-3.690973082317115517e-01,-1.065679622702740215e-03,8.148206161736462941e-05,3.238746772857020034e-02,6.313888919569878022e-02,2.834180496243196568e-01,-1.626790042369696473e-02,1.038942044387720504e-01
9.700000000000000000e+03,1.232457961719565960e-02,-1.770440054873944832e-02,-2.227189830290609018e-01,-8.337401075674737150e-02,-1.791928165732997041e-02,2.647397677106068815e-03,1.223187859904341090e-01,1.998435070163501193e-01,-3.504287330864595817e-02,-2.940502618933446490e-04,-3.054892517309415120e-02,-9.757226592083998451e-01,3.651445410547792814e-01,9.685979970858868415e-02,7.646896245364969147e-01,-9.701534561449839738e-05,1.891963353227122668e-01,-3.690973082317115517e-01,-1.065679622702740215e-03,8.176833011564089851e-05,3.351983348957976450e-02,6.313888919569878022e-02,2.834180496243196568e-01,-1.626790042369696473e-02,1.038942044387720504e-01
9.800000000000000000e+03,1.232457961719565960e-02,-1.770440054873944832e-02,-2.227189830290609018e-01,-7.680897307267267604e-02,-2.912771702378489855e-02,2.652164036249058700e-03,1.223187859904341090e-01,1.998435070163501193e-01,-3.504287330864595817e-02,-2.940502618933446490e-04,-1.890732092159545102e-02,-9.757226592083998451e-01,3.650423037466767884e-01,9.685979970858868415e-02,7.268547698319239858e-01,-9.763767565526998730e-05,1.891963353227122668e-01,-3.690973082317115517e-01,-1.065679622702740215e-03,8.220266824177534703e-05,3.351983348957976450e-02,6.313888919569878022e-02,2.833377165495212791e-01,-1.626790042369696473e-02,1.043983208830468745e-01
9.900000000000000000e+03,1.232457961719565960e-02,-1.770440054873944832e-02,-2.227189830290609018e-01,-7.680897307267267604e-02,-2.926445694771132380e-02,2.658167443541372375e-03,1.223187859904341090e-01,1.998435070163501193e-01,-3.504287330864595817e-02,-3.180297231185008969e-04,-2.191317787419502783e-02,-9.757226592083998451e-01,3.651445410547792814e-01,9.685979970858868415e-02,8.806607276280017382e-01,-9.699022836021232291e-05,1.891963353227122668e-01,-3.690973082317115517e-01,-1.065679622702740215e-03,4.126668041933750556e-05,3.351983348957976450e-02,5.726975931493347161e-02,2.834180496243196568e-01,-1.626790042369696473e-02,1.038942044387720504e-01
