-1.000000000000000000e+00,0.000000000000000000e+00,-4.904715250511755033e-03,0.000000000000000000e+00,-3.673449720883226015e-03,0.000000000000000000e+00,1.707055181154400136e+00,0.000000000000000000e+00,0.000000000000000000e+00,1.790406225964650044e+00,0.000000000000000000e+00,1.877134374025546393e+00,3.405149498765541564e-03,0.000000000000000000e+00,0.000000000000000000e+00,2.773838747250513825e-01,3.346793143863849296e-01,-9.547592226359890022e-01,0.000000000000000000e+00,0.000000000000000000e+00,1.201196634266270769e+00,9.960128077988769091e-01,1.285735409059711065e+00,0.000000000000000000e+00,0.000000000000000000e+00,0.000000000000000000e+00
0.000000000000000000e+00,0.000000000000000000e+00,-4.904715250511754165e-02,0.000000000000000000e+00,-4.598049444374141537e-03,0.000000000000000000e+00,1.707055181154400136e+00,0.000000000000000000e+00,0.000000000000000000e+00,1.790406225964650044e+00,6.523570130435140790e-04,1.877260293389235724e+00,3.405149498765541044e-02,0.000000000000000000e+00,0.000000000000000000e+00,2.785184341404321473e-01,3.346793143863849296e-01,-9.547592226359890022e-01,0.000000000000000000e+00,0.000000000000000000e+00,1.195590439919623771e+00,9.960128077988769091e-01,1.285735409059711065e+00,0.000000000000000000e+00,1.252544943561139127e-03,0.000000000000000000e+00
1.000000000000000000e+02,1.199135619818715928e-03,-4.904715250511765268e-01,0.000000000000000000e+00,0.000000000000000000e+00,0.000000000000000000e+00,1.707055181154400136e+00,0.000000000000000000e+00,-1.115735918185883522e-03,1.782699756272885461e+00,0.000000000000000000e+00,1.834543086098110454e+00,3.405149498765540073e-01,0.000000000000000000e+00,7.795766645384817617e-02,2.783058786628306858e-01,3.346793143863849296e-01,-7.816154292046293417e-01,4.352767048984206022e-02,0.000000000000000000e+00,8.531300706051508920e-01,1.762679165807755632e+00,8.398714394406581185e-01,0.000000000000000000e+00,1.680120268515017390e-01,-4.468419091771272944e-01
2.000000000000000000e+02,2.948491541539313091e-03,-3.247414802974965542e-01,0.000000000000000000e+00,-4.038483906966408056e-03,0.000000000000000000e+00,1.707055181154400136e+00,0.000000000000000000e+00,0.000000000000000000e+00,1.656157792740448720e+00,0.000000000000000000e+00,1.834543086098110454e+00,3.405149498765540073e-01,0.000000000000000000e+00,7.795766645384817617e-02,2.783058786628306858e-01,3.346793143863849296e-01,-7.816154292046293417e-01,-1.861214610752955911e-01,-1.806542750146081277e-03,8.531300706051508920e-01,1.705524984700363733e+00,8.398714394406581185e-01,0.000000000000000000e+00,1.890135302079396229e-01,-4.469280676621706916e-01
3.000000000000000000e+02,2.315671637921551118e-01,-3.247414802974965542e-01,-5.348032111832903140e-03,0.000000000000000000e+00,0.000000000000000000e+00,1.707055181154400136e+00,0.000000000000000000e+00,0.000000000000000000e+00,1.633137300783748191e+00,0.000000000000000000e+00,1.835127962858559725e+00,3.405149498765540073e-01,0.000000000000000000e+00,7.795766645384817617e-02,2.783058786628306858e-01,3.346361282274532556e-01,-7.816154292046293417e-01,-1.855661004729042274e-01,2.783717900046617233e-02,8.603498174371297935e-01,1.705524984700363733e+00,8.398714394406581185e-01,0.000000000000000000e+00,1.715096796424937231e-01,-4.469280676621706916e-01
4.000000000000000000e+02,2.615688716598824626e-01,-3.247414802974965542e-01,-2.301252412988788743e-01,-3.613948144896264592e-02,0.000000000000000000e+00,1.701171009200985518e+00,0.000000000000000000e+00,9.775932180074559628e-04,1.662750744345099951e+00,0.000000000000000000e+00,1.833862629742956996e+00,3.405149498765540073e-01,0.000000000000000000e+00,7.795766645384817617e-02,2.783058786628306858e-01,3.346793143863849296e-01,-5.085192563482066053e-01,-1.855661004729042274e-01,0.000000000000000000e+00,1.101062872956105387e+00,1.731535467869085076e+00,8.398714394406581185e-01,0.000000000000000000e+00,1.721772309433886317e-01,-4.469280676621706916e-01
5.000000000000000000e+02,2.615688716598824626e-01,-3.673509291908991781e-01,-2.583201889961842523e-01,0.000000000000000000e+00,0.000000000000000000e+00,1.713612953732658761e+00,0.000000000000000000e+00,0.000000000000000000e+00,1.662750744345099951e+00,0.000000000000000000e+00,1.834543086098110454e+00,3.405149498765540073e-01,0.000000000000000000e+00,7.795766645384817617e-02,2.783058786628306858e-01,3.346793143863849296e-01,-4.743822347411543183e-01,-2.322629253300580732e-01,0.000000000000000000e+00,1.132054473249975768e+00,1.731535467869085076e+00,8.398714394406581185e-01,0.000000000000000000e+00,1.258530082496660540e-01,-4.469280676621706916e-01
6.000000000000000000e+02,2.615688716598824626e-01,-3.673509291908991781e-01,-2.597669008913208177e-01,0.000000000000000000e+00,0.000000000000000000e+00,1.707055181154400136e+00,0.000000000000000000e+00,0.000000000000000000e+00,1.662750744345099951e+00,0.000000000000000000e+00,1.834543086098110454e+00,3.405149498765539517e-01,-1.272646039363462250e-03,7.795766645384817617e-02,2.783058786628306858e-01,3.359261270083052087e-01,-4.743822347411542628e-01,-2.309917036382085065e-01,0.000000000000000000e+00,1.132054473249975768e+00,1.728279664866107845e+00,8.439494494971200300e-01,0.000000000000000000e+00,1.252680962066653469e-01,-4.469280676621706916e-01
7.000000000000000000e+02,2.528713011411648504e-01,-5.286035156692462378e-01,-2.588908964612386954e-01,1.444499706330558964e-01,-4.141265316710308619e-01,1.707055181154400136e+00,0.000000000000000000e+00,0.000000000000000000e+00,1.659718661847497723e+00,4.386792103734724405e-03,1.792627132816477120e+00,3.419546670119509857e-01,0.000000000000000000e+00,7.795766645384817617e-02,2.783058786628306858e-01,3.346793143863849296e-01,-4.725691410956562866e-01,-2.317055752145904812e-01,4.710927354333397377e-01,1.132054473249975768e+00,1.731535467869085076e+00,8.380014395904722413e-01,1.944085317064104482e-03,1.254850289397692331e-01,-4.469280676621706916e-01
8.000000000000000000e+02,2.604841401025675407e-01,-4.943099780309431202e-01,-1.913974375673947459e-01,1.448851170455913995e-01,-4.141265316710308619e-01,1.707055181154400136e+00,0.000000000000000000e+00,0.000000000000000000e+00,1.662750744345099951e+00,0.000000000000000000e+00,1.792627132816477120e+00,3.405149498765539517e-01,0.000000000000000000e+00,7.795766645384817617e-02,2.783058786628306858e-01,3.339422948337196773e-01,-4.762204367011894646e-01,-2.310494646768867233e-01,4.710927354333397377e-01,6.751020253685878769e-01,1.731535467869085076e+00,8.380014395904722413e-01,0.000000000000000000e+00,1.252680962066653469e-01,-4.469280676621706916e-01
9.000000000000000000e+02,2.615688716598824626e-01,-5.461835787477313797e-01,-1.913974375673947736e-01,1.443324638342241562e-01,-5.795472158365692072e-01,1.707055181154400136e+00,4.658399224400832576e-04,0.000000000000000000e+00,2.156887271911741344e+00,0.000000000000000000e+00,1.799050440462755418e+00,3.405149498765540073e-01,0.000000000000000000e+00,7.795766645384817617e-02,2.783058786628306858e-01,3.346227875917976990e-01,-5.157517005703231572e-01,-2.317055752145904812e-01,4.710927354333397377e-01,6.751020253685878769e-01,1.740858647948063442e+00,8.380014395904722413e-01,2.643104802105320818e-03,1.252680962066653469e-01,-4.492751108470491861e-01
1.000000000000000000e+03,2.615688716598824626e-01,-5.456541351705850307e-01,-1.913974375673947736e-01,1.451351661941294724e-01,-5.795472158365692072e-01,1.712423339243321685e+00,0.000000000000000000e+00,0.000000000000000000e+00,2.156607265807309215e+00,0.000000000000000000e+00,1.818264911827464081e+00,3.405149498765540073e-01,0.000000000000000000e+00,7.795766645384817617e-02,2.787884657746984018e-01,1.916236825116065245e-01,-5.130912386652468626e-01,-2.317055752145904812e-01,3.281605373172518103e-01,6.781533541137663157e-01,1.740858647948063442e+00,8.406502851901396234e-01,0.000000000000000000e+00,1.252680962066653469e-01,-4.469280676621706916e-01
1.100000000000000000e+03,2.615688716598824626e-01,-5.456541351705850307e-01,-1.911841159471178997e-01,1.448851170455913995e-01,-4.899485548411580127e-01,1.707055181154400136e+00,0.000000000000000000e+00,0.000000000000000000e+00,2.156607265807309215e+00,0.000000000000000000e+00,1.817005676317497320e+00,3.405149498765539517e-01,0.000000000000000000e+00,7.816090417037127591e-02,2.769888201994086807e-01,1.916236825116064968e-01,-5.136259504495798156e-01,-2.317055752145904812e-01,3.281605373172518103e-01,6.067618467827032847e-01,1.740858647948063442e+00,8.380014395904722413e-01,0.000000000000000000e+00,1.251211155730535818e-01,-4.464605214682892398e-01
1.200000000000000000e+03,2.484428531663932793e-01,-5.456541351705850307e-01,-1.913974375673947736e-01,1.448851170455913995e-01,-4.899485548411579572e-01,1.707055181154400136e+00,0.000000000000000000e+00,0.000000000000000000e+00,2.156607265807309215e+00,0.000000000000000000e+00,1.817005676317497320e+00,3.405149498765540073e-01,7.340277150733376388e-03,7.795766645384817617e-02,3.045542356291273678e-01,1.916236825116065245e-01,-5.136259504495798156e-01,-1.952313411381283725e-01,2.357510387287752585e-01,8.273876747106684304e-01,1.740858647948063442e+00,8.380014395904722413e-01,0.000000000000000000e+00,1.252680962066653469e-01,-6.625229900774967096e-01
1.300000000000000000e+03,2.615688716598824626e-01,-5.456541351705850307e-01,-1.913974375673947459e-01,1.442934163256273106e-01,-4.899485548411580127e-01,1.704520701580166220e+00,0.000000000000000000e+00,1.116186427914455303e-03,2.156607265807309215e+00,0.000000000000000000e+00,1.740149964877386601e+00,3.405149498765539517e-01,8.907830893373111861e-03,7.795766645384817617e-02,3.045542356291273678e-01,2.507873471151531031e-01,-5.139650253834476823e-01,-2.269632759468581673e-01,2.357510387287752585e-01,8.273876747106684304e-01,1.263804476378438180e+00,8.377435633964086525e-01,0.000000000000000000e+00,7.846519683694389014e-02,-1.034454205453690490e+00
1.400000000000000000e+03,2.615688716598824626e-01,-7.389093473255384792e-01,-1.907213979699085848e-01,1.004139467806874492e-01,-4.895802745514428178e-01,1.682306249548555455e+00,0.000000000000000000e+00,0.000000000000000000e+00,2.155503958214673332e+00,0.000000000000000000e+00,1.740149964877386601e+00,3.389939776849745234e-01,1.114997494841575738e-02,7.831114732646178578e-02,3.045542356291273678e-01,2.507873471151531031e-01,-5.136259504495798156e-01,-2.266979133906940891e-01,2.357510387287752585e-01,8.281909234840858502e-01,1.210917860561991910e+00,8.380014395904722413e-01,-2.430452687364485775e-02,7.834077305631120813e-02,-1.054589932841053068e+00
1.500000000000000000e+03,2.615688716598824626e-01,-7.608495591844559591e-01,-1.913974375673947459e-01,1.004139467806874492e-01,-4.899485548411580127e-01,1.653886276438271574e+00,0.000000000000000000e+00,0.000000000000000000e+00,2.156607265807309215e+00,0.000000000000000000e+00,1.656713094334580250e+00,3.405149498765539517e-01,1.635641665385938193e-02,1.070083957745063957e-01,3.045542356291273678e-01,2.507873471151531031e-01,-5.136259504495798156e-01,-2.473478464814850564e-01,2.357510387287752585e-01,8.423915936104335866e-01,1.132796084607971654e+00,8.380014395904722413e-01,-3.787082584772927946e-02,7.799401036892440742e-02,-1.159732814326300376e+00
1.600000000000000000e+03,2.615688716598824626e-01,-7.608495591844559591e-01,-1.923296506835246722e-01,5.165882388324326280e-02,-4.899485548411580127e-01,1.653754319274329809e+00,0.000000000000000000e+00,0.000000000000000000e+00,2.156607265807309215e+00,0.000000000000000000e+00,1.656713094334580250e+00,3.405149498765539517e-01,1.864079196625639812e-02,1.267718903702883260e-01,3.045542356291273678e-01,1.430186766674705345e-01,-7.065116605203822786e-01,-3.309544497039582089e-01,2.265725795414673949e-01,8.423915936104335866e-01,1.071497210698751479e+00,8.380014395904722413e-01,-6.574068364498490691e-02,4.896682000577320948e-02,-1.169492476166297257e+00
1.700000000000000000e+03,2.615688716598824626e-01,-7.608495591844559591e-01,-1.913974375673947459e-01,5.144245524051440505e-02,-4.899485548411580127e-01,1.610892327360574638e+00,0.000000000000000000e+00,0.000000000000000000e+00,2.153710177608361587e+00,0.000000000000000000e+00,1.653307992545532734e+00,3.405149498765539517e-01,1.864079196625639812e-02,9.894565339993934006e-02,3.252803949301544262e-01,1.129547998459551339e-01,-7.021111106748079145e-01,-3.447127025194519079e-01,2.357510387287752585e-01,8.423915936104335866e-01,9.954752741017348638e-01,8.380014395904722413e-01,-5.836138430407682154e-02,4.869598257329634666e-02,-1.176823786842333908e+00
1.800000000000000000e+03,2.615688716598824626e-01,-7.605458109324534366e-01,-1.913974375673947736e-01,5.144245524051440505e-02,-4.899485548411579572e-01,1.610892327360574638e+00,0.000000000000000000e+00,0.000000000000000000e+00,2.156607265807309215e+00,0.000000000000000000e+00,1.653307992545532734e+00,3.405149498765540073e-01,2.029025717499371995e-02,9.941132893012392946e-02,3.252803949301544262e-01,1.122823143622029285e-01,-7.021111106748079145e-01,-2.519576955561398379e-01,2.368435151730795274e-01,1.213794517848566290e+00,9.954752741017348638e-01,8.210775616772635344e-01,-5.329662478789797680e-02,4.875713566425332601e-02,-1.225113501872315824e+00
1.900000000000000000e+03,2.616518237477498676e-01,-7.608495591844560701e-01,-1.913974375673947459e-01,5.144245524051440505e-02,-4.899485548411580127e-01,1.610892327360574638e+00,0.000000000000000000e+00,0.000000000000000000e+00,2.151583277398789740e+00,0.000000000000000000e+00,1.653307992545532734e+00,3.405149498765539517e-01,2.029025717499371995e-02,9.941132893012392946e-02,3.242289638072454738e-01,1.098687904976133056e-01,-7.021111106748079145e-01,-3.440587626307375912e-01,1.214661454761303966e-01,8.957052477893046039e-01,9.954752741017348638e-01,8.204278279611455504e-01,-5.350055705309902931e-02,4.601158254577145112e-02,-1.225113501872315824e+00
2.000000000000000000e+03,2.615688716598824626e-01,-7.608495591844559591e-01,-1.642534732246656581e-01,5.125600014873945426e-02,-4.899485548411579572e-01,1.615152791460328308e+00,0.000000000000000000e+00,0.000000000000000000e+00,2.156607265807309215e+00,0.000000000000000000e+00,1.653307992545532734e+00,3.410700987269210116e-01,2.029025717499371995e-02,1.441693350815677344e-01,3.252803949301544262e-01,1.098687904976132917e-01,-8.300658166300834973e-01,-3.440587626307375912e-01,1.214661454761304105e-01,8.957052477893047149e-01,9.921559710333510695e-01,8.204278279611454394e-01,-5.350055705309903625e-02,4.614589093297274958e-02,-1.262312691017623223e+00
2.100000000000000000e+03,2.615688716598824626e-01,-7.603378645419036630e-01,-1.582570222429092455e-01,5.144245524051440505e-02,-4.899485548411580127e-01,1.609546707922871800e+00,0.000000000000000000e+00,-6.287218812945123561e-04,2.156607265807309215e+00,0.000000000000000000e+00,1.653307992545532734e+00,3.405149498765539517e-01,2.029025717499371995e-02,1.368488107843481016e-01,3.236614580024927967e-01,1.093176907323026026e-01,-8.339631042953787876e-01,-3.440587626307375912e-01,1.214661454761304105e-01,8.957052477893047149e-01,9.921559710333510695e-01,8.204278279611454394e-01,-5.350055705309903625e-02,4.614589093297274958e-02,-1.268090205016140004e+00
2.200000000000000000e+03,2.618739148175501796e-01,-7.608495591844559591e-01,-1.108305462962904803e-01,5.123273966176061095e-02,-4.921245719969944421e-01,1.609546707922871800e+00,0.000000000000000000e+00,0.000000000000000000e+00,2.156607265807309215e+00,0.000000000000000000e+00,1.653307992545532734e+00,3.405149498765540073e-01,2.029025717499371995e-02,1.076700920075922274e-01,3.241578069691490316e-01,1.098687904976132917e-01,-8.339631042953787876e-01,-3.440587626307375912e-01,1.214661454761304105e-01,8.957052477893047149e-01,9.921559710333510695e-01,8.204278279611454394e-01,-5.350055705309903625e-02,4.614589093297274958e-02,-1.268090205016140004e+00
2.300000000000000000e+03,2.615688716598824626e-01,-7.608495591844559591e-01,-1.108305462962904941e-01,7.270274818133158623e-02,-1.459113177814089501e-01,1.609546707922871800e+00,0.000000000000000000e+00,0.000000000000000000e+00,2.156607265807309215e+00,0.000000000000000000e+00,1.653307992545532734e+00,3.405149498765539517e-01,2.029025717499371995e-02,1.078560681110348751e-01,3.252803949301544262e-01,1.098687904976133056e-01,-8.339631042953787876e-01,-3.440587626307375912e-01,1.214661454761304105e-01,9.426321497441254582e-01,9.921559710333510695e-01,8.204278279611454394e-01,-5.350055705309903625e-02,4.614589093297274958e-02,-1.318273413510166137e+00
2.400000000000000000e+03,3.815829484111240011e-01,-7.608495591844560701e-01,-1.108305462962904941e-01,7.287934277821732365e-02,-1.394332701026657906e-01,1.609546707922871578e+00,0.000000000000000000e+00,1.954478609223434232e-03,1.876938694040944933e+00,0.000000000000000000e+00,1.645003866710200713e+00,3.405149498765539517e-01,2.123768676874653039e-02,1.344707066847430077e-01,3.252803949301544262e-01,1.094868208041511332e-01,-8.339631042953787876e-01,-1.874634456215081291e-01,1.214661454761303966e-01,8.957052477893046039e-01,9.404010105186560997e-01,7.820867873692080030e-01,-4.279422861527538979e-02,4.595684070501582230e-02,-1.318273413510166137e+00
2.500000000000000000e+03,3.803076036269602000e-01,-7.608495591844559591e-01,-1.309824275209544309e-01,7.270274818133158623e-02,-1.394332701026657906e-01,1.609546707922871800e+00,0.000000000000000000e+00,0.000000000000000000e+00,1.715225421926023452e+00,2.104369111717559280e-03,1.653307992545532734e+00,3.405149498765540073e-01,2.123768676874653039e-02,1.344707066847430077e-01,3.252803949301544262e-01,1.540269385280339798e-01,-1.061459302756744938e+00,-1.874634456215081013e-01,1.214661454761304105e-01,8.957052477893047149e-01,9.404010105186560997e-01,7.820867873692080030e-01,-3.604153050099293681e-02,4.614589093297274958e-02,-1.367896123512966522e+00
2.600000000000000000e+03,4.995215040525232686e-01,-7.608495591844559591e-01,-1.309824275209544309e-01,7.603637249526928876e-02,-1.996456255919609735e-01,1.609546707922871800e+00,0.000000000000000000e+00,0.000000000000000000e+00,1.715225421926023452e+00,0.000000000000000000e+00,1.653307992545532734e+00,3.405149498765540073e-01,2.127869313177641400e-02,1.993282230147929990e-01,3.252803949301544262e-01,1.540269385280339798e-01,-6.809461472454215736e-01,-1.877251912194221883e-01,1.214661454761304105e-01,8.944372841312464573e-01,9.404010105186560997e-01,7.813583941304399483e-01,-3.607841732776776583e-02,5.301613923311869481e-02,-1.371438528379769872e+00
2.700000000000000000e+03,4.995215040525232686e-01,-7.608495591844559591e-01,-1.307042342617190378e-01,6.918615371463475439e-02,-1.998615260188144616e-01,1.609546707922871800e+00,0.000000000000000000e+00,0.000000000000000000e+00,1.715225421926023452e+00,6.837199418752720618e-04,1.653307992545532734e+00,3.405149498765540073e-01,2.123768676874653039e-02,1.836311662560387026e-01,3.252803949301544262e-01,2.180626630231200791e-01,-6.809461472454215736e-01,-1.954118069962152704e-01,1.214661454761304105e-01,8.957052477893047149e-01,9.404010105186560997e-01,7.820867873692080030e-01,-3.604153050099293681e-02,6.156769984015158376e-02,-1.398009173513571346e+00
2.800000000000000000e+03,5.004984622543855455e-01,-7.608495591844559591e-01,-1.309824275209544309e-01,7.558062588070030285e-02,-1.998615260188144616e-01,1.609546707922871800e+00,0.000000000000000000e+00,0.000000000000000000e+00,2.289975130052295693e+00,0.000000000000000000e+00,1.653307992545532734e+00,3.405149498765539517e-01,2.123768676874653039e-02,1.836311662560387026e-01,3.252803949301544262e-01,2.180626630231201069e-01,-6.809461472454215736e-01,-2.733930861455542427e-01,1.214661454761304105e-01,8.957052477893047149e-01,9.088381627969969179e-01,7.820867873692080030e-01,-5.122974824184262088e-02,6.166007677946528515e-02,-1.398009173513571346e+00
2.900000000000000000e+03,4.995215040525232686e-01,-7.608495591844559591e-01,-1.309824275209544309e-01,7.270274818133158623e-02,-1.998615260188144616e-01,1.601671353996385827e+00,0.000000000000000000e+00,0.000000000000000000e+00,2.291488011815268511e+00,0.000000000000000000e+00,1.653307992545532734e+00,3.405149498765540073e-01,2.121334669752790447e-02,1.836311662560387026e-01,3.237740020910006566e-01,2.173509024775182596e-01,-6.809461472454215736e-01,-2.722936191880664381e-01,1.214661454761304105e-01,1.139318126370288065e+00,9.028137103762080562e-01,7.820867873692080030e-01,-5.122974824184262088e-02,6.148128543928663148e-02,-1.398009173513571346e+00
3.000000000000000000e+03,4.995215040525232686e-01,-7.608495591844559591e-01,-8.163863055956199766e-02,7.270274818133158623e-02,-1.998615260188144616e-01,1.610862869853800339e+00,0.000000000000000000e+00,0.000000000000000000e+00,2.280177431591166037e+00,0.000000000000000000e+00,1.653307992545532734e+00,3.405149498765540073e-01,2.123768676874653039e-02,1.836311662560387026e-01,3.252803949301544262e-01,2.180626630231200791e-01,-6.809461472454215736e-01,-2.733930861455542427e-01,1.214661454761304105e-01,1.135168317653636461e+00,8.987975583759607590e-01,7.853053726163228276e-01,-5.122974824184262088e-02,6.166007677946528515e-02,-1.398009173513571346e+00
3.100000000000000000e+03,4.995215040525232686e-01,-7.608495591844559591e-01,-8.163863055956199766e-02,7.270274818133158623e-02,-1.998615260188144616e-01,1.602862945049363885e+00,0.000000000000000000e+00,0.000000000000000000e+00,2.291488011815268511e+00,0.000000000000000000e+00,1.653307992545532734e+00,3.399265920594858326e-01,2.126007089279644338e-02,1.836311662560387026e-01,3.252803949301544262e-01,2.169169886405810932e-01,-6.885912057793255325e-01,-2.732657835196749541e-01,1.214661454761304105e-01,1.139318126370288065e+00,8.950589058161891876e-01,7.820867873692080030e-01,-5.178894373561305359e-02,6.166007677946528515e-02,-1.396524678598341396e+00
3.200000000000000000e+03,4.995215040525232686e-01,-4.124456670003972536e-01,-8.163863055956199766e-02,7.270274818133158623e-02,-2.003473834520821673e-01,1.588346933921757742e+00,0.000000000000000000e+00,0.000000000000000000e+00,2.291488011815268511e+00,0.000000000000000000e+00,1.653307992545532734e+00,3.405149498765539517e-01,2.123768676874653039e-02,1.836311662560387026e-01,3.252803949301544262e-01,2.180626630231201069e-01,-6.393800790882816498e-01,-3.163992493746965451e-01,1.214661454761304105e-01,1.153802633197004823e+00,8.950589058161891876e-01,7.820867873692080030e-01,-5.178894373561305359e-02,6.166007677946528515e-02,-1.396524678598341396e+00
3.300000000000000000e+03,3.003526793621090762e-01,-4.124456670003972536e-01,-8.163863055956199766e-02,7.270274818133158623e-02,-1.998615260188144616e-01,1.602862945049363885e+00,0.000000000000000000e+00,0.000000000000000000e+00,2.291488011815268511e+00,0.000000000000000000e+00,1.653307992545532734e+00,3.405149498765540073e-01,2.123768676874653039e-02,1.836311662560387026e-01,3.252803949301544262e-01,2.180626630231200791e-01,-5.964479778161058121e-01,-3.151990295600418102e-01,1.214661454761304105e-01,9.327193441297274568e-01,8.950589058161891876e-01,7.820867873692080030e-01,-5.178894373561305359e-02,7.002048488146597749e-02,-1.403575749678716234e+00
3.400000000000000000e+03,3.003526793621090762e-01,-4.124456670003972536e-01,-8.163863055956199766e-02,7.270274818133158623e-02,-1.955477201851602564e-01,1.594567275787644123e+00,0.000000000000000000e+00,0.000000000000000000e+00,2.472766187795860660e+00,0.000000000000000000e+00,1.653307992545532734e+00,3.405149498765540073e-01,2.121714100273341258e-02,1.836141666308902798e-01,3.252803949301544262e-01,2.180626630231200791e-01,-5.953710009440267292e-01,-3.149288980902156809e-01,1.214661454761304105e-01,6.891980252111643557e-01,8.947873324499930892e-01,7.820867873692080030e-01,-5.633695165275829503e-02,5.382664281458227062e-02,-1.396524678598341396e+00
3.500000000000000000e+03,3.003526793621090762e-01,-3.501323720731209788e-01,-8.163863055956199766e-02,7.270274818133158623e-02,-1.997347321908815032e-01,1.587841559601043784e+00,2.475879912642584176e-03,0.000000000000000000e+00,2.480302065422471003e+00,0.000000000000000000e+00,1.653307992545532734e+00,3.405149498765540073e-01,2.123768676874653039e-02,1.836311662560387026e-01,3.252803949301544262e-01,2.189829835012736814e-01,-5.953710009440267292e-01,-3.163992493746965451e-01,1.214661454761304105e-01,6.888242227811094409e-01,8.950589058161891876e-01,7.820867873692080030e-01,-5.573958790931137636e-02,5.382664281458227062e-02,-1.418755022499778473e+00
3.600000000000000000e+03,3.003526793621090762e-01,-2.494655320461672265e-01,-8.163863055956199766e-02,7.270274818133158623e-02,-1.998615260188144616e-01,1.589323230254367392e+00,4.393718595349568705e-03,0.000000000000000000e+00,2.480302065422471003e+00,0.000000000000000000e+00,1.653307992545532734e+00,3.405149498765539517e-01,2.115402297285845501e-02,1.836311662560387026e-01,3.252803949301544262e-01,2.180626630231201069e-01,-5.953710009440267292e-01,-3.148467441690335766e-01,8.722988496482725340e-02,6.888242227811094409e-01,8.950589058161891876e-01,7.805153813435072863e-01,-5.565605867103196047e-02,5.382664281458227062e-02,-1.418755022499778695e+00
3.700000000000000000e+03,2.997832355701366969e-01,-2.494655320461671988e-01,-8.163863055956199766e-02,7.270274818133158623e-02,-2.106489296132491584e-01,1.589323230254367392e+00,0.000000000000000000e+00,0.000000000000000000e+00,2.480302065422471003e+00,2.085148559584814893e-03,1.645336018562331359e+00,3.405149498765540073e-01,2.123768676874653039e-02,2.694514034970555416e-01,3.252803949301544262e-01,2.180626630231200791e-01,-5.953710009440267292e-01,-3.163992493746965451e-01,4.648721640135090871e-02,7.421640644372673457e-01,8.950589058161891876e-01,7.812513330243437970e-01,-5.573958790931137636e-02,2.759655532893358701e-02,-1.418755022499778473e+00
3.800000000000000000e+03,3.194067437671890275e-01,-2.494655320461671988e-01,-8.163863055956199766e-02,7.270274818133158623e-02,-1.998615260188144616e-01,1.579845451997663242e+00,0.000000000000000000e+00,0.000000000000000000e+00,3.584099138270060880e+00,0.000000000000000000e+00,1.653307992545532734e+00,3.405149498765540073e-01,2.123768676874653039e-02,2.686775901878491468e-01,3.247941660648123730e-01,2.180626630231200791e-01,-5.953710009440267292e-01,-3.163992493746965451e-01,4.648721640135090871e-02,7.416600592091826538e-01,8.950589058161891876e-01,7.781910764439483597e-01,-5.562703299599006806e-02,2.757485037415270332e-02,-1.418755022499778473e+00
3.900000000000000000e+03,3.353250822415843047e-01,-2.494655320461671988e-01,-8.163863055956199766e-02,1.044785104862776121e-01,-1.998615260188144616e-01,1.584294485649667683e+00,0.000000000000000000e+00,0.000000000000000000e+00,3.584099138270060880e+00,0.000000000000000000e+00,1.653307992545532734e+00,3.405149498765540073e-01,2.123768676874653039e-02,2.695980595399999347e-01,3.252803949301544262e-01,1.728766163151432833e-01,-5.933768234042262613e-01,-3.163992493746965451e-01,4.648721640135090871e-02,7.416600592091826538e-01,8.950589058161891876e-01,7.794095225934668525e-01,-5.210885297232025620e-02,2.756511101863146421e-02,-1.434227715059607666e+00
4.000000000000000000e+03,3.194067437671890275e-01,-3.481158848393755556e-01,-9.735711617442337207e-02,1.048426969811765697e-01,-1.998615260188144616e-01,1.581899250764726483e+00,0.000000000000000000e+00,0.000000000000000000e+00,4.569532188435516673e+00,0.000000000000000000e+00,1.653307992545532734e+00,3.405149498765540073e-01,2.144890126811686143e-02,1.944126793853570567e-01,3.252803949301544262e-01,1.728766163151432833e-01,-8.538309195448294808e-01,-3.484382496100879578e-01,4.656387918723301628e-02,7.416600592091826538e-01,8.950589058161891876e-01,7.794095225934668525e-01,-5.210885297232025620e-02,2.743926566118783800e-02,-1.434797463036387111e+00
4.100000000000000000e+03,3.194067437671890275e-01,-3.494063545248088376e-01,-9.704337563717979620e-02,1.242794946108868592e-01,-2.059452148186726173e-01,1.581899250764726483e+00,0.000000000000000000e+00,0.000000000000000000e+00,4.569532188435516673e+00,0.000000000000000000e+00,1.653307992545532734e+00,3.418164833478436471e-01,2.151205050043915670e-02,1.936681066762609982e-01,3.252803949301544262e-01,1.121993716522842743e-01,-8.507039008530168367e-01,-3.484382496100879578e-01,4.648721640135090871e-02,7.416600592091826538e-01,8.950589058161891876e-01,7.794095225934668525e-01,-5.210885297232025620e-02,1.715625793734676732e-02,-1.434797463036387111e+00
4.200000000000000000e+03,3.194067437671890275e-01,-3.482297008890962720e-01,-9.735711617442337207e-02,1.674502420865941477e-01,-2.059452148186726173e-01,1.581899250764726483e+00,0.000000000000000000e+00,0.000000000000000000e+00,4.569532188435516673e+00,0.000000000000000000e+00,1.653307992545532734e+00,3.405149498765540073e-01,2.151205050043915670e-02,1.936681066762609982e-01,3.252803949301544262e-01,1.121993716522842743e-01,-8.538309195448294808e-01,-3.484382496100879578e-01,4.648721640135090871e-02,4.332682060596145801e-01,8.939762829593972393e-01,7.794095225934668525e-01,-5.210885297232025620e-02,1.764703256746856172e-02,-1.434797463036387111e+00
4.300000000000000000e+03,3.194067437671890275e-01,-3.494063545248088376e-01,-9.735711617442337207e-02,1.676656139677511759e-01,-1.854626232173047506e-01,1.581899250764726483e+00,0.000000000000000000e+00,8.507621596089262519e-04,4.569532188435516673e+00,0.000000000000000000e+00,1.653307992545532734e+00,3.400539788005040864e-01,2.151205050043915323e-02,1.936681066762609982e-01,3.239096566805990118e-01,1.121993716522842743e-01,-8.538309195448293698e-01,-3.484382496100879578e-01,4.648721640135090871e-02,4.334276167658550616e-01,8.944269481998038396e-01,7.794095225934668525e-01,-5.210885297232025620e-02,1.715625793734676732e-02,-1.434797463036387333e+00
4.400000000000000000e+03,3.194067437671890275e-01,-3.494063545248088376e-01,-9.735711617442337207e-02,1.677700220889201399e-01,-1.860843433978962846e-01,1.581899250764726483e+00,0.000000000000000000e+00,0.000000000000000000e+00,4.569532188435516673e+00,0.000000000000000000e+00,1.653307992545532734e+00,3.405149498765539517e-01,2.151205050043915323e-02,1.936681066762609982e-01,3.252803949301544262e-01,1.386632535032409630e-01,-8.538309195448293698e-01,-3.484382496100879578e-01,4.648721640135090871e-02,4.345128086192640016e-01,8.955198715079005778e-01,7.784622289851528265e-01,-5.138013812613813347e-02,1.715625793734676732e-02,-1.434797463036387333e+00
4.500000000000000000e+03,3.194067437671890275e-01,-3.494063545248088376e-01,-1.015508258623655374e-01,1.676656139677512036e-01,-1.860843433978963124e-01,1.584781673312273709e+00,0.000000000000000000e+00,0.000000000000000000e+00,4.774733349298799112e+00,0.000000000000000000e+00,1.653307992545532734e+00,3.405149498765540073e-01,2.151205050043915670e-02,1.936681066762609982e-01,3.252803949301544262e-01,8.953156914958210200e-02,-8.538309195448294808e-01,-3.484382496100879578e-01,4.660780129299763042e-02,5.244481188370592184e-01,8.944269481998038396e-01,7.805074053223396424e-01,-5.132602412091635119e-02,1.715625793734676732e-02,-1.434797463036387111e+00
4.600000000000000000e+03,3.194067437671890275e-01,-3.489214037226356369e-01,-1.016001429178772231e-01,1.676656139677512036e-01,-1.860843433978963124e-01,1.576183284038365384e+00,0.000000000000000000e+00,0.000000000000000000e+00,4.774733349298799112e+00,0.000000000000000000e+00,1.653307992545532734e+00,3.405149498765540073e-01,2.151205050043915670e-02,2.901082519514054936e-01,3.257246899206727719e-01,1.072126421760372650e-01,-8.515004630997125012e-01,-3.484382496100879578e-01,4.648721640135090871e-02,5.241253452898408938e-01,8.912943147149557932e-01,7.784021418444505569e-01,-5.138562745575584595e-02,1.710328648532716267e-02,-1.434797463036387111e+00
4.700000000000000000e+03,3.194067437671890275e-01,-4.580413500793767967e-01,-1.016001429178772231e-01,1.676656139677512036e-01,-1.860843433978963124e-01,1.576183284038365384e+00,0.000000000000000000e+00,1.497183189911075168e-03,4.925533025096254569e+00,0.000000000000000000e+00,1.653307992545532734e+00,3.405149498765540073e-01,2.151205050043915670e-02,2.913200303894321053e-01,3.257246899206727719e-01,1.072126421760372650e-01,-8.610075606265158443e-01,-3.484382496100879578e-01,4.648721640135090871e-02,5.241253452898408938e-01,8.912943147149557932e-01,7.775008930371937188e-01,-5.138562745575584595e-02,1.767279180870465899e-02,-1.434797463036387111e+00
4.800000000000000000e+03,3.194067437671890275e-01,-4.580413500793767967e-01,-1.016001429178772092e-01,2.645380395016943553e-01,-1.774689996950867821e-01,1.576183284038365384e+00,0.000000000000000000e+00,3.450360574005976295e-04,6.488928988373799278e+00,0.000000000000000000e+00,1.653307992545532734e+00,3.405149498765539517e-01,2.151205050043914976e-02,2.901082519514054936e-01,3.266062470609982227e-01,1.069294561698162782e-01,-8.538309195448293698e-01,-3.498887623212438847e-01,4.648721640135090177e-02,6.844888852302439819e-01,8.912943147149557932e-01,7.775008930371936078e-01,-5.164692234859215303e-02,1.717611221623809026e-02,-1.434797463036387333e+00
4.900000000000000000e+03,3.194067437671890275e-01,-4.580413500793767967e-01,-9.939877017607992582e-02,2.645380395016943553e-01,-1.712781615372220567e-01,1.572379159855478603e+00,6.956146939049425749e-03,0.000000000000000000e+00,6.500662200936784707e+00,0.000000000000000000e+00,1.653307992545532734e+00,3.405149498765540073e-01,2.151205050043915670e-02,2.901082519514054936e-01,3.257246899206727719e-01,5.536258800232948807e-02,-7.612803360717435019e-01,-3.484382496100879578e-01,4.648721640135090871e-02,6.844888852302438709e-01,8.912943147149557932e-01,7.775008930371937188e-01,-5.138562745575584595e-02,1.715625793734676732e-02,-1.434797463036387111e+00
5.000000000000000000e+03,3.194067437671890275e-01,-4.580413500793767967e-01,-1.016001429178772231e-01,2.893782170366430706e-01,-1.654578870405866708e-01,1.576183284038365384e+00,0.000000000000000000e+00,0.000000000000000000e+00,5.884110508114893001e+00,0.000000000000000000e+00,1.653307992545532734e+00,3.405149498765540073e-01,2.151205050043915670e-02,3.053929246906679218e-01,3.271191054327072800e-01,5.526890477311390687e-02,-6.776522552050682213e-01,-3.489884590019680100e-01,4.661877739272094617e-02,7.011021428162165225e-01,8.912943147149557932e-01,7.775008930371937188e-01,-5.138562745575584595e-02,1.760514864482750838e-02,-1.434797463036387111e+00
5.100000000000000000e+03,3.194067437671890275e-01,-4.580413500793767967e-01,-9.159534046553234610e-02,2.893782170366430706e-01,-1.654578870405866708e-01,1.576183284038365384e+00,0.000000000000000000e+00,0.000000000000000000e+00,7.511830784917917114e+00,0.000000000000000000e+00,1.653307992545532734e+00,3.405149498765540073e-01,2.151205050043915670e-02,4.226727141269393528e-01,3.257246899206727719e-01,6.413110405840698192e-02,-6.672151432612830613e-01,-3.484382496100879578e-01,4.648721640135090871e-02,6.844888852302438709e-01,8.919146567467756137e-01,7.775008930371937188e-01,-5.138562745575584595e-02,1.707948898820701653e-02,-1.434797463036387111e+00
5.200000000000000000e+03,3.180854426617589770e-01,-3.374664897271707487e-01,-9.159534046553233222e-02,2.598865464027151351e-01,-1.654578870405866986e-01,1.576183284038365384e+00,0.000000000000000000e+00,0.000000000000000000e+00,7.511830784917917114e+00,0.000000000000000000e+00,1.655581316682559478e+00,3.405149498765539517e-01,2.151205050043915323e-02,4.209673318351843663e-01,3.257246899206727719e-01,6.398571093136150301e-02,-9.205639598320718431e-01,-3.484382496100879578e-01,4.648721640135090871e-02,6.313859828053467460e-01,8.912943147149557932e-01,7.775008930371936078e-01,-5.138562745575585289e-02,1.718795152709062454e-02,-1.434797463036387333e+00
5.300000000000000000e+03,3.194067437671890275e-01,-2.126855148972450205e-01,-8.223337767144504873e-02,2.565352201943144617e-01,-1.654578870405866708e-01,1.576183284038365384e+00,0.000000000000000000e+00,0.000000000000000000e+00,7.511830784917917114e+00,0.000000000000000000e+00,1.653307992545532734e+00,3.405149498765540073e-01,2.151205050043915670e-02,4.272475061978653899e-01,3.268717858187905612e-01,4.993940648787546788e-02,-1.175207569625939863e+00,-2.540386549834960372e-01,4.648721640135090871e-02,7.481388250344775948e-01,8.912943147149557932e-01,7.775008930371937188e-01,-5.138562745575584595e-02,1.715625793734676732e-02,-1.434797463036387111e+00
5.400000000000000000e+03,3.195762527164810463e-01,-2.133821644427931208e-01,-7.300351661819443061e-02,1.468578441268202084e-01,-1.654578870405866708e-01,1.576183284038365384e+00,0.000000000000000000e+00,0.000000000000000000e+00,7.541781055208596207e+00,0.000000000000000000e+00,1.653307992545532734e+00,3.405149498765540073e-01,2.161349305301122140e-02,4.272475061978653899e-01,3.257246899206727719e-01,4.866018567183691412e-02,-1.175207569625939863e+00,-2.540386549834960372e-01,4.648721640135090871e-02,7.650593612768206153e-01,8.912943147149557932e-01,7.775008930371937188e-01,-5.138562745575584595e-02,1.715625793734676732e-02,-1.440625035978104762e+00
5.500000000000000000e+03,3.194067437671890275e-01,-2.126855148972450205e-01,-7.282096865046513989e-02,1.881011199718000682e-01,-1.648296200592863636e-01,1.576183284038365384e+00,0.000000000000000000e+00,0.000000000000000000e+00,1.105431077673109463e+01,0.000000000000000000e+00,1.653307992545532734e+00,3.405149498765539517e-01,2.151205050043915323e-02,4.272475061978653899e-01,3.257246899206727719e-01,5.020200043159690761e-02,-1.175207569625939863e+00,-2.623438558970589973e-01,4.648721640135090871e-02,8.044507465880669228e-01,8.912943147149557932e-01,7.775008930371936078e-01,-5.138562745575585289e-02,1.795602791709497228e-02,-1.434816113287809891e+00
5.600000000000000000e+03,3.194067437671890275e-01,-2.126855148972450205e-01,-7.300351661819443061e-02,1.930547691792852683e-01,-1.654578870405866708e-01,1.576183284038365384e+00,0.000000000000000000e+00,0.000000000000000000e+00,6.552539999714627861e+00,0.000000000000000000e+00,1.653307992545532734e+00,3.405149498765540073e-01,2.151205050043915670e-02,4.272475061978653899e-01,3.257246899206727719e-01,5.018317263249028742e-02,-1.178947146985207528e+00,-2.540386549834960372e-01,4.705777650985126098e-02,8.820398388677933577e-01,8.912943147149557932e-01,7.775008930371937188e-01,-5.138562745575584595e-02,1.711857482571516043e-02,-1.434816113287809891e+00
5.700000000000000000e+03,3.461901874060444029e-01,-2.126855148972450205e-01,-9.261612021916400261e-02,1.927878558632751538e-01,-1.165109310212504856e-01,1.576183284038365384e+00,0.000000000000000000e+00,0.000000000000000000e+00,6.552557169053571329e+00,0.000000000000000000e+00,1.653307992545532734e+00,3.405149498765540073e-01,2.151205050043915670e-02,5.641622179205748600e-01,3.242853330348979823e-01,4.732448182121352237e-02,-1.170558697169325146e+00,-2.540386549834960372e-01,4.648721640135090871e-02,1.026267003750621853e+00,8.912943147149557932e-01,7.748493086161097887e-01,-5.138562745575584595e-02,1.715167695827859648e-02,-1.434816113287809891e+00
5.800000000000000000e+03,3.461901874060444029e-01,-2.126855148972450205e-01,-9.261612021916400261e-02,1.927878558632751538e-01,-1.327846423098611728e-01,1.576183284038365384e+00,0.000000000000000000e+00,2.597280816048505234e-03,6.543683294199331257e+00,0.000000000000000000e+00,1.649461417459466173e+00,3.405149498765540073e-01,2.151205050043915670e-02,5.665748702475087439e-01,3.257678473512423123e-01,5.024437722380530047e-02,-1.175207569625939863e+00,-1.272776165693988437e-01,4.642513781517040861e-02,1.048638084292203621e+00,8.912943147149557932e-01,7.775008930371937188e-01,-5.138562745575584595e-02,1.715625793734676732e-02,-1.434816113287809891e+00
5.900000000000000000e+03,3.461901874060444029e-01,-1.532253366157094732e-01,-9.266258311713736207e-02,1.927878558632751538e-01,-1.327846423098611728e-01,1.568750764228468597e+00,0.000000000000000000e+00,0.000000000000000000e+00,6.529386426554821377e+00,0.000000000000000000e+00,1.653307992545532734e+00,3.406456326308368032e-01,2.151205050043915670e-02,5.651988862463347418e-01,3.257246899206727719e-01,3.785427459814636603e-02,-1.225472893839597122e+00,-1.260779167789224942e-01,4.648721640135090871e-02,1.044295399360975152e+00,8.912943147149557932e-01,7.775008930371937188e-01,-5.138562745575584595e-02,1.716014605972725898e-02,-1.434816113287809891e+00
6.000000000000000000e+03,3.461901874060444029e-01,-1.539047997676217527e-01,-9.261612021916400261e-02,1.930439404164954187e-01,-1.327846423098611728e-01,1.576183284038365384e+00,0.000000000000000000e+00,0.000000000000000000e+00,6.526566186387027457e+00,0.000000000000000000e+00,1.653307992545532734e+00,3.405149498765540073e-01,2.151205050043915670e-02,5.610631986823862993e-01,3.244434002401797579e-01,3.641085238129741081e-02,-1.173988056173643990e+00,-1.272776165693988437e-01,4.648721640135090871e-02,1.044295399360975152e+00,8.900627121447673984e-01,7.775008930371937188e-01,-5.138562745575584595e-02,2.519608962634626095e-02,-1.434816113287809891e+00
6.100000000000000000e+03,3.461901874060444029e-01,-9.618359421606045845e-02,-9.301971317803263417e-02,2.778819435519320202e-01,-1.327846423098611728e-01,1.577002152259652679e+00,0.000000000000000000e+00,0.000000000000000000e+00,8.787745804565590291e+00,0.000000000000000000e+00,1.653307992545532734e+00,3.405149498765540073e-01,2.151205050043915670e-02,5.641622179205748600e-01,3.257246899206727719e-01,3.064406807036578612e-02,-1.162736129346538583e+00,-1.272776165693988437e-01,4.648721640135090871e-02,1.044295399360975152e+00,8.900627121447673984e-01,7.775008930371937188e-01,-5.124821391975936669e-02,2.515844508592671516e-02,-1.434816113287809891e+00
6.200000000000000000e+03,3.461901874060444029e-01,-9.952447452783998172e-02,-1.204057818538081942e-01,3.853114249431340288e-01,-1.327846423098611728e-01,1.576183284038365384e+00,0.000000000000000000e+00,0.000000000000000000e+00,8.787745804565590291e+00,0.000000000000000000e+00,1.653307992545532734e+00,3.405149498765540073e-01,2.151205050043915670e-02,5.873668485288602303e-01,3.257246899206727719e-01,3.068953688000879143e-02,-1.175207569625939863e+00,-1.272776165693988437e-01,2.955978693585664674e-02,1.044295399360975152e+00,8.900627121447673984e-01,7.778308879247990415e-01,-5.138562745575584595e-02,1.970577893680856146e-02,-1.434816113287809891e+00
6.300000000000000000e+03,3.461901874060444029e-01,-1.013357965429666496e-01,-1.204057818538081942e-01,3.987739007554197412e-01,-1.327846423098611728e-01,1.576183284038365384e+00,0.000000000000000000e+00,4.700558662767599129e-03,8.787745804565590291e+00,0.000000000000000000e+00,1.653307992545532734e+00,3.405149498765540073e-01,2.151205050043915670e-02,6.240551475291700179e-01,3.257246899206727719e-01,3.068953688000879143e-02,-1.176691363494321907e+00,-1.272776165693988437e-01,2.744385825266983450e-02,1.044295399360975152e+00,8.900627121447673984e-01,7.775008930371937188e-01,-5.138562745575584595e-02,3.166500742236573462e-02,-1.434816113287809891e+00
6.400000000000000000e+03,3.461901874060444029e-01,-1.013357965429666496e-01,-1.204057818538081942e-01,4.682628827282963035e-01,-1.327846423098611728e-01,1.576183284038365384e+00,2.075290707534427348e-03,0.000000000000000000e+00,8.787745804565590291e+00,0.000000000000000000e+00,1.653307992545532734e+00,3.405149498765540073e-01,2.151205050043915670e-02,6.240551475291700179e-01,3.257246899206727719e-01,3.068953688000879143e-02,-1.175207569625939863e+00,-1.272776165693988437e-01,2.744385825266983450e-02,1.046750220902858519e+00,8.900627121447673984e-01,7.743260264474376431e-01,-5.138562745575584595e-02,3.047593044221581088e-02,-1.434816113287809891e+00
6.500000000000000000e+03,3.161249619725170490e-01,-1.013357965429666496e-01,-1.204057818538081942e-01,4.682628827282963035e-01,-1.327846423098611728e-01,1.576183284038365384e+00,0.000000000000000000e+00,0.000000000000000000e+00,8.787745804565590291e+00,0.000000000000000000e+00,1.653307992545532734e+00,3.405149498765540073e-01,2.151205050043915670e-02,6.324087742455456462e-01,3.257246899206727719e-01,4.499903098076964147e-02,-1.169599683719045879e+00,-1.272776165693988437e-01,2.744385825266983450e-02,1.435387071040594265e+00,8.861572935466693890e-01,7.777179867040906469e-01,-5.132527674987220206e-02,3.035783722535611087e-02,-1.434816113287809891e+00
6.600000000000000000e+03,3.153490427880139557e-01,-9.839317873560898819e-02,-1.002607968827221030e-01,4.698629912735377556e-01,-1.327846423098611728e-01,1.576183284038365384e+00,0.000000000000000000e+00,0.000000000000000000e+00,8.787745804565590291e+00,0.000000000000000000e+00,1.653307992545532734e+00,3.405149498765539517e-01,2.156750765514102094e-02,6.229436951046815052e-01,3.257246899206727719e-01,4.499903098076964147e-02,-1.175207569625939863e+00,-1.178886914371494454e-01,2.744385825266983797e-02,1.428564629189043922e+00,8.900627121447673984e-01,7.775008930371936078e-01,-5.138562745575585289e-02,3.771351409215216444e-02,-1.435110249501513779e+00
6.700000000000000000e+03,3.055388187810739176e-01,-1.013357965429666496e-01,-9.521025751650574742e-02,4.668500771118806458e-01,-1.306897389927819952e-01,1.576183284038365384e+00,0.000000000000000000e+00,0.000000000000000000e+00,8.205485408056231833e+00,0.000000000000000000e+00,1.653307992545532734e+00,3.405149498765540073e-01,2.151205050043915670e-02,6.255243886018202470e-01,3.246530903028023718e-01,4.278425645973123886e-02,-1.175305341322203212e+00,-1.176347439010201057e-01,2.744385825266983450e-02,1.693490280706954065e+00,8.900627121447673984e-01,7.775008930371937188e-01,-5.138562745575584595e-02,3.718447959466016084e-02,-1.434816113287809891e+00
6.800000000000000000e+03,4.186147805319739845e-01,-1.013357965429666496e-01,-1.006670079421344705e-01,5.697614981311501792e-01,-1.327846423098611728e-01,1.576183284038365384e+00,0.000000000000000000e+00,0.000000000000000000e+00,8.787745804565590291e+00,0.000000000000000000e+00,1.653307992545532734e+00,3.405149498765540073e-01,2.151205050043915670e-02,6.240551475291700179e-01,3.257246899206727719e-01,4.484055617832938961e-02,-1.175207569625939863e+00,-1.173239538096937651e-01,2.191393193179042714e-02,1.729874761162730756e+00,8.900627121447673984e-01,7.742853773813752616e-01,-5.138562745575584595e-02,3.781949303510391547e-02,-1.434816113287809891e+00
6.900000000000000000e+03,4.166539781424141720e-01,-1.013357965429666496e-01,-1.005859311700793846e-01,5.697614981311501792e-01,-1.332295831432017963e-01,1.576183284038365384e+00,0.000000000000000000e+00,0.000000000000000000e+00,8.787745804565590291e+00,0.000000000000000000e+00,1.653307992545532734e+00,3.405149498765540073e-01,2.151205050043915670e-02,5.909336368849225085e-01,3.257246899206727719e-01,4.499903098076964147e-02,-1.169061675221731322e+00,-1.173239538096937651e-01,2.191393193179042714e-02,1.729874761162730756e+00,8.913270288568028166e-01,7.811753028368896290e-01,-5.134187481122626240e-02,4.663341710428543091e-02,-1.434816113287809891e+00
7.000000000000000000e+03,4.166539781424141720e-01,-1.013357965429666496e-01,-1.002607968827221030e-01,5.706114378286433197e-01,-1.327846423098611728e-01,1.576183284038365384e+00,0.000000000000000000e+00,4.095692858106418123e-03,8.787745804565590291e+00,0.000000000000000000e+00,1.653307992545532734e+00,3.405149498765539517e-01,2.151205050043915323e-02,6.061475250203640641e-01,3.254828338887182371e-01,4.499903098076964147e-02,-1.168293438421204922e+00,-1.175815491144180935e-01,2.191393193179042714e-02,1.729874761162730756e+00,8.900627121447673984e-01,7.775008930371936078e-01,-5.138562745575585289e-02,3.944773415791577587e-02,-1.434816113287809891e+00
7.100000000000000000e+03,4.166539781424141720e-01,-1.013357965429666496e-01,-1.002607968827221030e-01,5.697614981311501792e-01,-1.329965682841808827e-01,1.566727719338427471e+00,0.000000000000000000e+00,0.000000000000000000e+00,8.787745804565590291e+00,0.000000000000000000e+00,1.653307992545532734e+00,3.405149498765540073e-01,2.165756072268410284e-02,6.240551475291700179e-01,3.262608352594778549e-01,3.586575504395431158e-02,-1.168293438421204922e+00,-6.227004697223719604e-02,2.191393193179042714e-02,1.729874761162730756e+00,8.900627121447673984e-01,7.775008930371937188e-01,-5.154307049642677802e-02,3.932419061775319774e-02,-1.434816113287809891e+00
7.200000000000000000e+03,4.166539781424141720e-01,-1.013357965429666496e-01,-1.362019650542806992e-01,7.024084402336397970e-01,-1.327846423098611728e-01,1.566727719338427471e+00,0.000000000000000000e+00,0.000000000000000000e+00,8.787745804565590291e+00,0.000000000000000000e+00,1.653307992545532734e+00,3.405149498765540073e-01,2.165756072268410284e-02,5.416854429430861817e-01,3.262703838914214338e-01,3.416664588275478143e-02,-1.168293438421204922e+00,-5.929503471150921606e-02,2.191393193179042714e-02,1.729874761162730756e+00,8.900627121447673984e-01,7.775008930371937188e-01,-5.110352144332681174e-02,3.963100505245867322e-02,-1.432402974285805097e+00
7.300000000000000000e+03,4.166539781424141720e-01,-1.013357965429666496e-01,-1.406946110757254786e-01,7.024084402336397970e-01,-1.327846423098611728e-01,1.584631151281320482e+00,0.000000000000000000e+00,0.000000000000000000e+00,8.787745804565590291e+00,0.000000000000000000e+00,1.653307992545532734e+00,3.405149498765539517e-01,2.165756072268410284e-02,5.416854429430861817e-01,3.257246899206727719e-01,3.586575504395431158e-02,-1.168293438421204922e+00,-6.217056576703443999e-02,2.191393193179042714e-02,1.729874761162730756e+00,8.900627121447673984e-01,7.775008930371936078e-01,-5.110352144332681174e-02,3.960092202500344744e-02,-1.432402974285805319e+00
7.400000000000000000e+03,4.166539781424141720e-01,-1.013357965429666496e-01,-1.406946110757254786e-01,9.538396954581997988e-01,-1.327846423098611728e-01,1.563394122869598224e+00,0.000000000000000000e+00,0.000000000000000000e+00,8.787745804565590291e+00,0.000000000000000000e+00,1.653307992545532734e+00,3.405149498765540073e-01,2.165756072268410284e-02,5.430216733965783638e-01,3.257246899206727719e-01,3.586575504395431158e-02,-1.174158292018863792e+00,-4.737419258959110063e-02,2.191393193179042714e-02,1.729874761162730756e+00,8.900627121447673984e-01,7.798551443153346474e-01,-5.092976949546939441e-02,3.944773415791577587e-02,-1.432402974285805097e+00
7.500000000000000000e+03,4.166539781424141720e-01,-1.013357965429666496e-01,-1.413106021143936131e-01,7.637478051167646553e-01,-1.327846423098611728e-01,1.563394122869598224e+00,0.000000000000000000e+00,-1.070844636558676262e-03,8.818373839950250925e+00,-1.194885714450718769e-03,1.661427853624288131e+00,3.405149498765540073e-01,2.165756072268410284e-02,5.416854429430861817e-01,3.257246899206727719e-01,3.306808937447445335e-02,-6.571463080428672221e-01,-5.116378739642122447e-02,1.706385052419239975e-02,1.737758882647936209e+00,8.900627121447673984e-01,7.752208190386546960e-01,-5.092976949546939441e-02,3.944773415791577587e-02,-1.432402974285805097e+00
7.600000000000000000e+03,4.289594557834673916e-01,-1.013357965429666496e-01,-1.407667678892681740e-01,7.739361694504476308e-01,-1.327846423098611728e-01,1.563394122869598224e+00,0.000000000000000000e+00,0.000000000000000000e+00,8.787745804565590291e+00,0.000000000000000000e+00,1.653307992545532734e+00,3.405149498765540073e-01,2.165756072268410284e-02,5.112500804026732792e-01,3.257246899206727719e-01,3.090901608027359082e-02,-6.077525687675316979e-01,-5.116378739642122447e-02,1.706385052419239975e-02,1.429647227178144187e+00,8.900627121447673984e-01,7.775008930371937188e-01,-5.092976949546939441e-02,4.075229067124082338e-02,-1.432402974285805097e+00
7.700000000000000000e+03,3.996749501122628945e-01,-1.013357965429666496e-01,-1.406946110757254786e-01,7.637478051167646553e-01,-1.327508631382791904e-01,1.567338498704512473e+00,0.000000000000000000e+00,0.000000000000000000e+00,8.787067509280483080e+00,0.000000000000000000e+00,1.653307992545532734e+00,3.405149498765540073e-01,2.165756072268410284e-02,5.416854429430861817e-01,3.257246899206727719e-01,3.109639781985406443e-02,-6.015783513581145492e-01,-5.165896924550932023e-02,1.734854709159278779e-02,1.364323046635557368e+00,8.900627121447673984e-01,7.775008930371937188e-01,-5.092976949546939441e-02,3.944773415791577587e-02,-1.432402974285805097e+00
7.800000000000000000e+03,4.164554011170913395e-01,-1.013357965429666496e-01,-1.406946110757254786e-01,7.637478051167646553e-01,-1.323988460979699522e-01,1.563394122869598224e+00,0.000000000000000000e+00,0.000000000000000000e+00,8.787745804565590291e+00,0.000000000000000000e+00,1.653307992545532734e+00,3.405149498765540073e-01,2.167428571049006061e-02,5.485153047487903999e-01,3.257246899206727719e-01,1.934274625231478459e-02,-6.015783513581145492e-01,-7.220812513178850867e-02,1.757322044043824541e-02,1.408975676070102434e+00,8.900627121447673984e-01,7.775008930371937188e-01,-5.092976949546939441e-02,2.238402565763676633e-02,-1.432402974285805097e+00
7.900000000000000000e+03,4.164554011170913395e-01,-8.043122647901386479e-02,-1.406946110757254786e-01,9.457754256216993616e-01,-1.367542965343767902e-01,1.563394122869598224e+00,0.000000000000000000e+00,0.000000000000000000e+00,8.787745804565590291e+00,0.000000000000000000e+00,1.653307992545532734e+00,3.394388071471939328e-01,2.167428571049006061e-02,5.485153047487903999e-01,3.257246899206727719e-01,1.932614515859781834e-02,-6.015783513581145492e-01,-7.082492062638227892e-02,1.757322044043824541e-02,1.402449562590041721e+00,8.900627121447673984e-01,7.775008930371937188e-01,-5.092976949546939441e-02,2.230239725323817507e-02,-1.432402974285805097e+00
8.000000000000000000e+03,4.164554011170913395e-01,-9.777668517747147015e-02,-1.350280544076841172e-01,9.457754256216993616e-01,-1.367542965343767902e-01,1.563394122869598224e+00,0.000000000000000000e+00,0.000000000000000000e+00,8.787745804565590291e+00,0.000000000000000000e+00,1.653307992545532734e+00,3.405149498765540073e-01,2.167428571049006061e-02,3.350829198422705657e-01,3.257246899206727719e-01,1.878404181228101461e-02,-6.019861542374551622e-01,-6.812933366069322261e-02,1.757322044043824541e-02,1.337234712033863904e+00,8.900627121447673984e-01,7.775008930371937188e-01,-5.092976949546939441e-02,1.917606436541787612e-02,-1.431597380658707230e+00
8.100000000000000000e+03,4.175621922684649157e-01,-1.014860452113706402e-01,-1.406946110757254786e-01,9.867968422407070728e-01,-1.373928476798968457e-01,1.563654099427068678e+00,0.000000000000000000e+00,0.000000000000000000e+00,8.758372187732934577e+00,0.000000000000000000e+00,1.653307992545532734e+00,3.405149498765540073e-01,2.167428571049006061e-02,5.585057566342236379e-01,3.257246899206727719e-01,1.934274625231478459e-02,-6.015783513581145492e-01,-7.220812513178850867e-02,1.757322044043824541e-02,1.746385694903113794e+00,8.900627121447673984e-01,7.775008930371937188e-01,-5.092976949546939441e-02,2.244921764636580858e-02,-1.432402974285805097e+00
8.200000000000000000e+03,4.176168571993613132e-01,-1.393701264923097038e-01,-1.461416144964686747e-01,9.867968422407070728e-01,-1.367542965343767902e-01,1.563394122869598224e+00,0.000000000000000000e+00,0.000000000000000000e+00,8.553909966886553917e+00,0.000000000000000000e+00,1.653307992545532734e+00,3.405149498765540073e-01,2.169550331392569240e-02,5.583036865382259295e-01,3.257246899206727719e-01,1.934274625231478459e-02,-6.015783513581145492e-01,-7.600208893875481930e-02,1.757322044043824541e-02,1.744557879884382379e+00,8.900627121447673984e-01,7.775008930371937188e-01,-5.092976949546939441e-02,2.264260238217932417e-02,-1.432402974285805097e+00
8.300000000000000000e+03,4.164554011170913395e-01,-1.447795753817229525e-01,-1.680700730008747590e-01,9.867968422407070728e-01,-1.366784691096574467e-01,1.563394122869598224e+00,0.000000000000000000e+00,0.000000000000000000e+00,8.787745804565590291e+00,0.000000000000000000e+00,1.653307992545532734e+00,3.405149498765540073e-01,2.167428571049006061e-02,5.583036865382259295e-01,3.257246899206727719e-01,1.934490346447974296e-02,-6.012010028515968330e-01,-7.250833982389986998e-02,1.757322044043824541e-02,1.744557879884382379e+00,8.900627121447673984e-01,7.786580742100973618e-01,-5.092976949546939441e-02,2.248965217267829067e-02,-1.432402974285805097e+00
8.400000000000000000e+03,4.164554011170913395e-01,-1.447795753817229525e-01,-1.680700730008747590e-01,9.852128438551743805e-01,-1.367542965343767902e-01,1.563394122869598224e+00,0.000000000000000000e+00,0.000000000000000000e+00,8.479890297803349242e+00,0.000000000000000000e+00,1.653307992545532734e+00,3.405149498765540073e-01,2.167428571049006061e-02,7.614903209192731559e-01,3.257246899206727719e-01,1.934274625231478459e-02,-6.015783513581145492e-01,-1.015863638816607711e-01,1.762692257185539610e-02,1.744557879884382379e+00,8.900627121447673984e-01,7.775008930371937188e-01,-5.092976949546939441e-02,2.244921764636580858e-02,-1.432402974285805097e+00
8.500000000000000000e+03,4.734535124290127350e-01,-1.447795753817229525e-01,-1.680700730008747590e-01,1.006923996277251154e+00,-1.126426033719438169e-01,1.556345824595280813e+00,0.000000000000000000e+00,0.000000000000000000e+00,1.186134686619373646e+01,0.000000000000000000e+00,1.653307992545532734e+00,3.405149498765540073e-01,2.167428571049006061e-02,1.028777556586619513e+00,3.241788520909344995e-01,1.934274625231478459e-02,-6.015783513581145492e-01,-1.019293796508146110e-01,1.757322044043824541e-02,1.744557879884382379e+00,8.900627121447673984e-01,7.775008930371937188e-01,-5.092976949546939441e-02,2.248439571818878699e-02,-1.432402974285805097e+00
8.600000000000000000e+03,4.734535124290127350e-01,-1.455041042444036037e-01,-1.680700730008747590e-01,9.927540115595355763e-01,-1.149828857015741390e-01,1.562816076727964854e+00,0.000000000000000000e+00,7.828041945607452359e-04,1.360385099823177057e+01,0.000000000000000000e+00,1.653307992545532734e+00,3.405149498765540073e-01,2.175956154286353555e-02,1.028777556586619513e+00,3.268994153845222739e-01,1.934274625231478459e-02,-6.018896223227293563e-01,-1.019293796508146110e-01,2.530419197933757650e-02,1.744557879884382379e+00,8.900627121447673984e-01,7.775008930371937188e-01,-5.092976949546939441e-02,2.244921764636580858e-02,-1.430516239454055150e+00
8.700000000000000000e+03,4.711029445012914207e-01,-1.690538761561959646e-01,-1.680700730008747590e-01,9.863438779023248060e-01,-1.281727209135564982e-01,1.562816076727964854e+00,0.000000000000000000e+00,0.000000000000000000e+00,1.360385099823177057e+01,0.000000000000000000e+00,1.653307992545532734e+00,3.405149498765540073e-01,2.167428571049006061e-02,1.028777556586619513e+00,3.257246899206727719e-01,1.934274625231478459e-02,-6.336567837169507778e-01,-1.019293796508146110e-01,2.530419197933757650e-02,2.284605759715859108e+00,8.900627121447673984e-01,7.775008930371937188e-01,-5.092976949546939441e-02,2.262323722448758914e-02,-1.432402974285805097e+00
8.800000000000000000e+03,2.411193351862088996e-01,-1.690538761561959646e-01,-2.266344338772410816e-01,8.224969485425743798e-01,-1.126426033719438169e-01,1.562816076727964854e+00,0.000000000000000000e+00,0.000000000000000000e+00,1.360385099823177057e+01,0.000000000000000000e+00,1.653307992545532734e+00,3.405149498765540073e-01,2.167428571049006061e-02,1.028777556586619513e+00,3.257246899206727719e-01,1.934274625231478459e-02,-7.753998237509365232e-01,-6.691672845343704656e-02,2.530419197933757650e-02,1.737397978459211956e+00,8.900627121447673984e-01,7.775008930371937188e-01,-5.092976949546939441e-02,2.401539384946181632e-02,-1.432402974285805097e+00
8.900000000000000000e+03,2.843986045453311684e-01,-1.690538761561959646e-01,-2.339549789867871321e-01,5.609577380284732628e-01,-1.126426033719438169e-01,1.562816076727964854e+00,0.000000000000000000e+00,0.000000000000000000e+00,1.355950627732929092e+01,0.000000000000000000e+00,1.653307992545532734e+00,3.405149498765540073e-01,2.174754129488075047e-02,1.028777556586619513e+00,3.257246899206727719e-01,1.934274625231478459e-02,-5.511035797218418741e-01,-6.705710892287559954e-02,2.530419197933757650e-02,2.195819944190923856e+00,8.900627121447673984e-01,7.775008930371937188e-01,-5.092976949546939441e-02,2.401539384946181632e-02,-1.432402974285805097e+00
9.000000000000000000e+03,2.898085132152213306e-01,-1.345511442504125632e-01,-2.850078634580769932e-01,5.279557426110268459e-01,-1.126426033719438169e-01,1.566247488905951224e+00,0.000000000000000000e+00,0.000000000000000000e+00,1.360385099823177057e+01,0.000000000000000000e+00,1.653307992545532734e+00,3.405149498765540073e-01,2.167428571049006061e-02,1.003288672372865120e+00,3.257246899206727719e-01,1.168226177018209279e-02,-5.511035797218418741e-01,-5.467214667782735460e-02,2.517496728782383369e-02,2.195819944190923856e+00,8.900627121447673984e-01,7.775008930371937188e-01,-5.092976949546939441e-02,2.401539384946181632e-02,-1.432402974285805097e+00
9.100000000000000000e+03,2.898085132152213306e-01,-1.345222244975177728e-01,-2.865987556151048388e-01,5.279557426110268459e-01,-1.384076213418258539e-01,1.562816076727964854e+00,0.000000000000000000e+00,0.000000000000000000e+00,1.360385099823177057e+01,2.635792576627240397e-03,1.653307992545532734e+00,3.405149498765540073e-01,2.167428571049006061e-02,1.000944217492289789e+00,3.257246899206727719e-01,8.027312505153904806e-03,-7.641648634973196019e-01,-4.503900442433370760e-02,2.517496728782383369e-02,2.195819944190923856e+00,8.900627121447673984e-01,7.775008930371937188e-01,-5.092976949546939441e-02,2.401539384946181632e-02,-1.432402974285805097e+00
9.200000000000000000e+03,2.910439932488477210e-01,-1.378997830482554532e-01,-2.856694128227453278e-01,5.292140579153793434e-01,-1.420036702299042053e-01,1.562816076727964854e+00,0.000000000000000000e+00,0.000000000000000000e+00,1.358986796670772002e+01,0.000000000000000000e+00,1.653307992545532734e+00,3.405149498765540073e-01,2.167428571049006061e-02,1.000944217492289789e+00,3.257246899206727719e-01,8.027312505153904806e-03,-7.641648634973196019e-01,-4.500770047335941881e-02,2.517496728782383369e-02,2.195819944190923856e+00,8.900627121447673984e-01,7.762041447098407820e-01,-5.092976949546939441e-02,2.401539384946181632e-02,-1.432402974285805097e+00
9.300000000000000000e+03,2.898085132152213306e-01,-1.345511442504125632e-01,-2.856694128227453278e-01,7.088423082061739988e-01,-2.083323553500342484e-01,1.562816076727965076e+00,2.871327301658549609e-03,0.000000000000000000e+00,1.364141976925834143e+01,0.000000000000000000e+00,1.653307992545532734e+00,3.414165888707396124e-01,2.167428571049006408e-02,1.000944217492289789e+00,3.257246899206727719e-01,8.048824362002236776e-03,-7.641648634973197129e-01,-4.574105188456418364e-02,2.517496728782383023e-02,2.759771432173940831e+00,8.900627121447673984e-01,7.775008930371936078e-01,-5.092976949546940135e-02,2.495945789638603571e-02,-1.432402974285805319e+00
9.400000000000000000e+03,2.601791536859996423e-01,-1.342155824317157464e-01,-2.864449889411622707e-01,7.064256872768917006e-01,-2.083323553500342484e-01,1.562816076727965076e+00,0.000000000000000000e+00,0.000000000000000000e+00,1.344061012420565326e+01,1.536500987576505271e-03,1.653307992545532734e+00,3.405149498765539517e-01,2.167428571049006408e-02,9.875130226176468407e-01,3.257246899206727719e-01,7.947268526531171481e-03,-7.641648634973197129e-01,-2.856746947750198398e-02,2.517496728782383023e-02,2.759771432173940831e+00,8.900627121447673984e-01,7.775008930371936078e-01,-5.092976949546940135e-02,2.348314531946785536e-02,-1.432402974285805319e+00
9.500000000000000000e+03,2.144411247077988580e-01,-1.839959811062213957e-01,-2.856694128227453278e-01,7.088423082061738878e-01,-2.083323553500342484e-01,1.563331918555100675e+00,0.000000000000000000e+00,0.000000000000000000e+00,1.341973047752790293e+01,0.000000000000000000e+00,1.653307992545532734e+00,3.405149498765539517e-01,2.167428571049006408e-02,1.000944217492289789e+00,3.257953674601334892e-01,8.027312505153904806e-03,-3.852380044333443831e-01,-2.539361122168269994e-02,2.506445559645395504e-02,2.759771432173940831e+00,8.900627121447673984e-01,7.775008930371936078e-01,-5.082693604426978540e-02,2.348062855366912088e-02,-1.432402974285805319e+00
9.600000000000000000e+03,2.155021557240825170e-01,-1.839959811062213957e-01,-2.856694128227453278e-01,7.088423082061738878e-01,-2.083323553500342484e-01,1.562816076727964854e+00,0.000000000000000000e+00,0.000000000000000000e+00,1.337294276885127964e+01,0.000000000000000000e+00,1.653307992545532734e+00,3.405149498765539517e-01,2.167428571049006408e-02,9.903865267627414148e-01,3.264953827236847794e-01,7.726556243668539214e-03,-3.844397140273933533e-01,-2.545226180026980214e-02,2.517496728782383369e-02,2.753201468309522948e+00,8.900627121447673984e-01,7.775008930371936078e-01,-5.092976949546939441e-02,2.348062855366912088e-02,-1.432402974285805319e+00
9.700000000000000000e+03,3.034256971362862543e-01,-1.839959811062213957e-01,-2.856694128227453278e-01,7.118775182734253804e-01,-1.648217964414524506e-01,1.562816076727964854e+00,0.000000000000000000e+00,0.000000000000000000e+00,1.342020151870419831e+01,0.000000000000000000e+00,1.653307992545532734e+00,3.405149498765539517e-01,2.167428571049006408e-02,9.068847909926787132e-01,3.257246899206727719e-01,5.111883351896236334e-03,-3.637666697307051500e-01,-2.552649199385294276e-02,2.517496728782383369e-02,3.403290286914651741e+00,8.898420498080568120e-01,7.775008930371936078e-01,-5.092976949546939441e-02,2.219010082427162397e-02,-1.432402974285805319e+00
9.800000000000000000e+03,3.034256971362862543e-01,-1.839959811062213957e-01,-2.856694128227453278e-01,7.088423082061738878e-01,-1.593204614070341252e-01,1.562816076727964854e+00,0.000000000000000000e+00,0.000000000000000000e+00,1.271917051984711655e+01,0.000000000000000000e+00,1.653307992545532734e+00,3.405149498765539517e-01,2.167428571049006408e-02,5.847952400101057435e-01,3.256848294551576428e-01,3.263517414895411063e-03,-4.684992779220231163e-01,-2.553587742062780538e-02,1.810077138096183660e-02,4.954375738849051025e+00,8.891184580006368243e-01,7.775008930371936078e-01,-5.076936679040832540e-02,2.908165523437045499e-02,-1.432402974285805319e+00
9.900000000000000000e+03,3.022276963838120278e-01,-1.839959811062213957e-01,-2.856694128227453278e-01,6.498570978073054949e-01,-1.589297578601900074e-01,1.562816076727964854e+00,0.000000000000000000e+00,0.000000000000000000e+00,1.300167205964805994e+01,-1.357491098319735332e-03,1.653307992545532734e+00,3.405149498765540073e-01,2.167428571049006061e-02,5.833300774478075157e-01,3.257246899206727719e-01,3.096243330836052389e-03,-4.644315506132209448e-01,-2.913260127793186258e-02,1.810077138096183660e-02,5.028285490439761141e+00,8.891184580006368243e-01,7.724384141479219146e-01,-5.092976949546939441e-02,2.908165523437045499e-02,-1.432402974285805097e+00
