-1.000000000000000000e+00,2.227048513760368220e-01,-1.834910174967847585e-01,-1.960750460657148531e-01,6.498981706239278511e-01,-1.593204614070341252e-01,1.562816076727964854e+00,8.096520275309278258e-03,2.847659437744752119e-03,1.442280805827156165e+01,0.000000000000000000e+00,1.653307992545532734e+00,3.404379022627699314e-01,2.165386216703484371e-02,6.272507410680105977e-01,3.257246899206727719e-01,2.932060387322498948e-03,-4.831885447379845044e-01,-2.735434341857995513e-02,1.810077138096183660e-02,5.026190875463115049e+00,8.891184580006368243e-01,7.775008930371936078e-01,-5.092976949546939441e-02,2.908165523437045499e-02,-1.432402974285805319e+00
0.000000000000000000e+00,2.205449448403704604e-01,-1.839959811062213957e-01,-1.928752472529637885e-01,6.498981706239278511e-01,-1.593204614070341252e-01,1.565909521188012077e+00,0.000000000000000000e+00,0.000000000000000000e+00,1.419440484784937340e+01,0.000000000000000000e+00,1.653307992545532734e+00,3.419999176652583350e-01,2.167428571049006408e-02,6.333399337393744721e-01,3.257246899206727719e-01,2.932060387322498948e-03,-4.835826935869694254e-01,-2.730430252007993303e-02,1.810077138096183660e-02,5.026190875463115049e+00,8.891184580006368243e-01,7.775008930371936078e-01,-5.092976949546939441e-02,2.890521605401797853e-02,-1.432402974285805319e+00
1.000000000000000000e+02,2.128589470003470208e-01,-1.839959811062213957e-01,-1.811426516062096537e-01,6.523360300359773989e-01,-1.054594861897598240e-01,1.562816076727964854e+00,0.000000000000000000e+00,0.000000000000000000e+00,1.338738357808958135e+01,0.000000000000000000e+00,1.653307992545532734e+00,3.405149498765540073e-01,2.170137198278584284e-02,4.185070390467340862e-01,3.257246899206727719e-01,2.927828283878709976e-03,-4.831885447379845044e-01,-4.016574046990586955e-02,1.810077138096183660e-02,5.026190875463115049e+00,8.891184580006368243e-01,7.775008930371937188e-01,-5.092976949546939441e-02,2.908165523437045499e-02,-1.432402974285805097e+00
2.000000000000000000e+02,2.701340232811728082e-01,-1.839959811062213957e-01,-1.027600802815223785e-01,9.430824604766250285e-01,-9.872686428760051036e-02,1.562816076727964854e+00,0.000000000000000000e+00,0.000000000000000000e+00,7.002898862459987050e+00,0.000000000000000000e+00,1.653307992545532734e+00,3.405149498765540073e-01,2.167428571049006061e-02,4.198474123164084304e-01,3.257246899206727719e-01,2.943137120205413081e-03,-5.717660840035937442e-01,-5.710561087733016794e-02,1.810077138096183660e-02,5.026190875463115049e+00,8.931109532652538041e-01,7.775008930371937188e-01,-5.092976949546939441e-02,2.913994593932493771e-02,-1.432402974285805097e+00
3.000000000000000000e+02,2.712815901033346355e-01,-1.839959811062213957e-01,-1.027600802815223785e-01,9.417686222619795489e-01,-9.872686428760051036e-02,1.562816076727964854e+00,0.000000000000000000e+00,0.000000000000000000e+00,7.002898862459987050e+00,0.000000000000000000e+00,1.653307992545532734e+00,3.417350131906345956e-01,2.167428571049006061e-02,3.547832848607095357e-01,3.257246899206727719e-01,2.932060387322498948e-03,-7.809730221871584721e-01,-4.766423703367698300e-02,1.834128784213037711e-02,5.012721959329523358e+00,8.896132211672859169e-01,7.761665330559636145e-01,-5.092976949546939441e-02,2.931184326048563021e-02,-1.432402974285805097e+00
4.000000000000000000e+02,2.701340232811728082e-01,-1.839959811062213957e-01,-1.027600802815223785e-01,4.727591045799764968e-01,-9.894526032863733278e-02,1.562816076727964854e+00,0.000000000000000000e+00,0.000000000000000000e+00,5.716339188981335084e+00,0.000000000000000000e+00,1.653307992545532734e+00,3.405149498765539517e-01,2.167428571049006408e-02,3.470525756632095171e-01,3.247128224011563979e-01,2.925262460200704455e-03,-7.794640749500190147e-01,-4.766423703367698300e-02,2.286085063266037054e-02,5.026190875463115049e+00,8.891184580006368243e-01,7.775008930371936078e-01,-5.092976949546939441e-02,2.918884814691262083e-02,-1.432402974285805319e+00
5.000000000000000000e+02,2.780517972144882499e-01,-1.839959811062213957e-01,-1.027600802815223785e-01,4.727591045799764968e-01,-1.469854291433416449e-01,1.562816076727964854e+00,0.000000000000000000e+00,0.000000000000000000e+00,5.543346381834101777e+00,0.000000000000000000e+00,1.653307992545532734e+00,3.432427425805450460e-01,2.167428571049006061e-02,3.412820336146017985e-01,3.257246899206727719e-01,2.932060387322498948e-03,-7.794640749500190147e-01,-4.766423703367698300e-02,2.286085063266037054e-02,5.024407945741710790e+00,8.891184580006368243e-01,7.775008930371937188e-01,-5.092976949546939441e-02,2.810619935172388797e-02,-1.432402974285805097e+00
6.000000000000000000e+02,2.701340232811728082e-01,-2.131763170963185683e-01,-1.027600802815223785e-01,4.727591045799764968e-01,-1.469854291433416449e-01,1.562816076727964854e+00,0.000000000000000000e+00,2.548218969821160976e-03,3.268292312753375839e+00,0.000000000000000000e+00,1.653307992545532734e+00,3.405149498765540073e-01,2.167428571049006061e-02,3.470525756632095726e-01,3.257246899206727719e-01,2.932060387322498948e-03,-7.794640749500190147e-01,-4.766423703367698300e-02,2.286085063266037054e-02,5.026190875463115049e+00,8.891184580006368243e-01,7.775008930371937188e-01,-5.092976949546939441e-02,2.925899824123277121e-02,-1.432402974285805097e+00
7.000000000000000000e+02,4.046243888899468955e-01,-2.131763170963185683e-01,-1.027600802815223785e-01,5.285239430822622486e-01,-1.469854291433416449e-01,1.563104723781391314e+00,0.000000000000000000e+00,0.000000000000000000e+00,4.157130739482549409e+00,3.141321649646271110e-03,1.653307992545532734e+00,3.405149498765540073e-01,2.167428571049006061e-02,3.463611751681944795e-01,3.257246899206727719e-01,3.632367753714875729e-03,-7.804670973276756074e-01,-4.186475870303404956e-02,2.286085063266037054e-02,5.005224919119497073e+00,8.891184580006368243e-01,7.775008930371937188e-01,-5.092976949546939441e-02,2.936776622946113760e-02,-1.432402974285805097e+00
8.000000000000000000e+02,4.145719833598455195e-01,-1.781329974146605710e-01,-1.027600802815223785e-01,5.305949833831699047e-01,-1.469854291433416171e-01,1.562816076727964854e+00,0.000000000000000000e+00,4.534272953016860522e-03,4.133887749857557026e+00,0.000000000000000000e+00,1.653307992545532734e+00,3.405149498765539517e-01,2.167428571049006408e-02,3.162718624034877579e-01,3.257246899206727719e-01,3.631009757382084712e-03,-6.132147725536539751e-01,-3.293987836138257547e-02,2.286085063266037054e-02,4.433993555645610485e+00,8.862180450829920675e-01,7.791234192697717997e-01,-5.092976949546939441e-02,2.931184326048563021e-02,-1.429451464708705544e+00
9.000000000000000000e+02,4.046243888899468955e-01,-1.737022328572095098e-01,-1.027600802815223785e-01,5.285239430822622486e-01,-1.469854291433416449e-01,1.562816076727964854e+00,0.000000000000000000e+00,1.506000289584968378e-03,4.058041990841416258e+00,0.000000000000000000e+00,1.653307992545532734e+00,3.405149498765540073e-01,2.167428571049006061e-02,3.145480038580055759e-01,3.260940093296232356e-01,3.632367753714875729e-03,-6.501162170850534050e-01,-3.293987836138257547e-02,2.286085063266037054e-02,4.336778892820237985e+00,8.891184580006368243e-01,7.775008930371937188e-01,-5.092976949546939441e-02,2.931184326048563021e-02,-1.439269067459940876e+00
1.000000000000000000e+03,4.046243888899468955e-01,-1.737022328572095098e-01,-1.027600802815223785e-01,5.285239430822622486e-01,-1.464782976183542085e-01,1.559697490054895885e+00,3.049553071183660948e-03,0.000000000000000000e+00,4.961138349635462852e+00,0.000000000000000000e+00,1.653307992545532734e+00,3.405149498765540073e-01,2.167428571049006061e-02,3.156886064798813951e-01,3.257246899206727719e-01,3.630023392861789992e-03,-6.547522447069681339e-01,-3.293987836138257547e-02,2.286085063266037054e-02,4.336778892820237985e+00,8.890656490089107189e-01,7.775008930371937188e-01,-5.092976949546939441e-02,2.931184326048563021e-02,-1.432402974285805097e+00
1.100000000000000000e+03,4.046243888899468399e-01,-1.737022328572095098e-01,-1.027600802815223785e-01,5.285239430822622486e-01,-1.469854291433416171e-01,1.562816076727964854e+00,0.000000000000000000e+00,0.000000000000000000e+00,4.961138349635462852e+00,0.000000000000000000e+00,1.653307992545532734e+00,3.405149498765539517e-01,2.158216256416052581e-02,3.156886064798813951e-01,3.257246899206727719e-01,3.632367753714875296e-03,-6.533266651389677548e-01,-3.293987836138257547e-02,2.286085063266037054e-02,2.275119055120715217e+00,8.891184580006368243e-01,7.775008930371936078e-01,-5.092976949546939441e-02,3.145490989236465057e-02,-1.429218470283879272e+00
1.200000000000000000e+03,4.046243888899468955e-01,-1.737022328572095098e-01,-1.027600802815223785e-01,5.285239430822622486e-01,-1.469854291433416449e-01,1.565086973889439292e+00,0.000000000000000000e+00,0.000000000000000000e+00,4.961301070005186276e+00,0.000000000000000000e+00,1.652138699998537019e+00,3.406405599930918404e-01,2.167428571049006061e-02,2.806875570981536283e-01,3.257246899206727719e-01,3.621326768923968566e-03,-6.547522447069681339e-01,-3.293987836138257547e-02,2.286085063266037054e-02,2.281695845022035929e+00,8.859175753942678533e-01,7.775008930371937188e-01,-5.092976949546939441e-02,3.136913954980026509e-02,-1.432402974285805097e+00
1.300000000000000000e+03,4.046243888899467844e-01,-1.737022328572095098e-01,-1.027600802815223924e-01,5.307009374690572212e-01,-1.470601588207610388e-01,1.562816076727965076e+00,0.000000000000000000e+00,0.000000000000000000e+00,3.772916150934130908e+00,0.000000000000000000e+00,1.653307992545532734e+00,3.405149498765538962e-01,2.161052529758194715e-02,2.764228595190930116e-01,3.257246899206727719e-01,3.620461481154184803e-03,-6.547522447069681339e-01,-2.775012335591156912e-02,2.286085063266037054e-02,2.796079264140259202e+00,8.891184580006368243e-01,7.775008930371934968e-01,-5.092976949546940135e-02,2.997715013718399088e-02,-1.432402974285805541e+00
1.400000000000000000e+03,4.046243888899468955e-01,-1.737022328572095098e-01,-1.042029094365295727e-01,5.285239430822622486e-01,-1.469854291433416449e-01,1.562816076727964854e+00,0.000000000000000000e+00,0.000000000000000000e+00,3.729557105990865207e+00,0.000000000000000000e+00,1.651218135866800996e+00,3.405149498765540073e-01,2.167428571049006061e-02,2.806875570981536283e-01,3.257246899206727719e-01,3.632367753714875729e-03,-6.539337822615411966e-01,-2.605291270737875378e-02,2.283893889817394454e-02,2.796510240225720256e+00,8.891184580006368243e-01,7.775008930371937188e-01,-5.092976949546939441e-02,3.019905297044647718e-02,-1.432402974285805097e+00
1.500000000000000000e+03,4.046243888899468955e-01,-1.840078994499349530e-01,-1.043832630809054668e-01,5.533330872894209884e-01,-1.469854291433416449e-01,1.562816076727964854e+00,0.000000000000000000e+00,0.000000000000000000e+00,3.810398219946875553e+00,0.000000000000000000e+00,1.653307992545532734e+00,3.405149498765540073e-01,2.169223849519271580e-02,2.806875570981536283e-01,3.257246899206727719e-01,3.632367753714875729e-03,-6.682809258991730950e-01,-2.035796345786334421e-02,2.286085063266037054e-02,2.796510240225720256e+00,8.891184580006368243e-01,7.775008930371937188e-01,-5.092976949546939441e-02,3.019905297044647718e-02,-1.432402974285805097e+00
1.600000000000000000e+03,4.046243888899468955e-01,-1.847775413740195827e-01,-1.043832630809054668e-01,5.290351493486286083e-01,-1.469854291433416449e-01,1.562816076727964854e+00,0.000000000000000000e+00,0.000000000000000000e+00,3.810398219946875553e+00,0.000000000000000000e+00,1.653307992545532734e+00,3.405149498765540073e-01,2.167428571049006061e-02,2.806875570981536283e-01,3.257246899206727719e-01,5.370002221592992675e-03,-8.072495203379421724e-01,-1.960098635862727798e-02,2.286085063266037054e-02,3.548555991745656168e+00,8.891184580006368243e-01,7.775008930371937188e-01,-5.092976949546939441e-02,3.019905297044647718e-02,-1.428111115946898657e+00
1.700000000000000000e+03,4.046243888899468955e-01,-1.856026305797040254e-01,-1.043832630809054668e-01,5.285239430822622486e-01,-1.467427703519070536e-01,1.562816076727964854e+00,0.000000000000000000e+00,0.000000000000000000e+00,3.810398219946875553e+00,0.000000000000000000e+00,1.653307992545532734e+00,3.405149498765540073e-01,2.167428571049006061e-02,2.794002367082341620e-01,3.257246899206727719e-01,5.370002221592992675e-03,-8.300072493436418952e-01,-1.951304882622711956e-02,2.286085063266037054e-02,1.636032226318576255e+00,8.891184580006368243e-01,7.775008930371937188e-01,-5.092976949546939441e-02,3.019905297044647718e-02,-1.432402974285805097e+00
1.800000000000000000e+03,4.046243888899468399e-01,-1.847775413740195827e-01,-1.043832630809054807e-01,5.289437135526597888e-01,-1.469854291433416171e-01,1.562816076727964854e+00,0.000000000000000000e+00,0.000000000000000000e+00,2.246647965407150505e+00,0.000000000000000000e+00,1.653307992545532734e+00,3.407598782845269181e-01,2.167428571049006408e-02,2.806875570981536283e-01,3.257246899206727719e-01,5.384117886993808159e-03,-8.742554024315359884e-01,-1.148648191139814770e-02,2.286085063266037054e-02,2.880865971149448423e+00,8.891184580006368243e-01,7.775008930371936078e-01,-5.092976949546939441e-02,2.369612636431846220e-02,-1.430607663775381955e+00
1.900000000000000000e+03,4.059319540866972997e-01,-1.847775413740195827e-01,-1.043832630809054668e-01,5.285239430822622486e-01,-1.469854291433416449e-01,1.562816076727964854e+00,0.000000000000000000e+00,0.000000000000000000e+00,2.135897301584086083e+00,0.000000000000000000e+00,1.653307992545532734e+00,3.405149498765540073e-01,2.167428571049006061e-02,2.806875570981536283e-01,3.257041274450668822e-01,4.585816228297276420e-03,-1.140809327932540418e+00,-1.047162862331632409e-02,2.286085063266037054e-02,2.459868549131519533e+00,8.891184580006368243e-01,7.775008930371937188e-01,-5.094987383608023251e-02,2.354581298149957536e-02,-1.432402974285805097e+00
2.000000000000000000e+03,4.046243888899468955e-01,-1.847775413740195827e-01,-9.929632909143346065e-02,5.295892666972259466e-01,-1.469854291433416449e-01,1.557245221709441241e+00,0.000000000000000000e+00,0.000000000000000000e+00,2.135897301584086083e+00,3.762751926439210229e-04,1.653307992545532734e+00,3.405149498765540073e-01,2.175103068686017396e-02,2.863922361947688899e-01,3.257246899206727719e-01,4.595158247754162900e-03,-1.140809327932540418e+00,-1.047162862331632409e-02,2.286085063266037054e-02,2.399568011576957982e+00,8.891184580006368243e-01,7.777227344324767477e-01,-5.068312864061452067e-02,2.352116379523661385e-02,-1.432402974285805097e+00
2.100000000000000000e+03,4.046243888899468399e-01,-2.639819139795598901e-01,-1.044171450362782055e-01,5.288211711493121525e-01,-1.469854291433416171e-01,1.555881131826855945e+00,0.000000000000000000e+00,0.000000000000000000e+00,1.540608114865221756e+00,3.971570355650659752e-03,1.653307992545532734e+00,3.405149498765539517e-01,2.167428571049006408e-02,2.806875570981536283e-01,3.257246899206727719e-01,4.596799805699047781e-03,-1.138612765584074982e+00,-1.047162862331632235e-02,2.286085063266037054e-02,2.387569774837409842e+00,8.891184580006368243e-01,7.775008930371936078e-01,-5.106823712048853825e-02,2.352116379523661385e-02,-1.432402974285805319e+00
2.200000000000000000e+03,3.128468726513665144e-01,-2.666558901387027780e-01,-1.043832630809054668e-01,5.285239430822622486e-01,-1.469854291433416449e-01,1.569955001413678497e+00,0.000000000000000000e+00,0.000000000000000000e+00,1.540608114865221756e+00,0.000000000000000000e+00,1.653307992545532734e+00,3.392392922682573864e-01,2.167428571049006061e-02,3.074413435915246962e-01,3.257246899206727719e-01,4.585626062061437351e-03,-1.140809327932540418e+00,-1.050969204319726451e-02,2.286085063266037054e-02,2.378447368953977570e+00,8.891184580006368243e-01,7.775008930371937188e-01,-5.092976949546939441e-02,2.352116379523661385e-02,-1.432402974285805097e+00
2.300000000000000000e+03,3.128468726513665144e-01,-2.880476994118455480e-01,-1.039595343567880359e-01,7.416848450030623097e-01,-1.033016955833484241e-01,1.562816076727964854e+00,0.000000000000000000e+00,0.000000000000000000e+00,1.540608114865221756e+00,0.000000000000000000e+00,1.657041953248335142e+00,3.398560004823582004e-01,2.167428571049006061e-02,3.071016048208266569e-01,3.267946894774041433e-01,6.304614672316874967e-03,-1.140809327932540418e+00,-1.430660096408787989e-02,2.286085063266037054e-02,3.364247739442511875e+00,8.891184580006368243e-01,7.745787984525533965e-01,-5.092976949546939441e-02,2.352116379523661385e-02,-1.432402974285805097e+00
2.400000000000000000e+03,3.132674506812380133e-01,-2.880476994118455480e-01,-1.047428019334154248e-01,6.951451668804936590e-01,-9.784122888834918819e-02,1.562816076727964854e+00,0.000000000000000000e+00,0.000000000000000000e+00,1.540608114865221756e+00,0.000000000000000000e+00,1.653307992545532734e+00,3.405149498765540073e-01,2.167428571049006061e-02,3.074620128152180665e-01,3.257246899206727719e-01,6.299624349193855451e-03,-1.140809327932540418e+00,-1.423990719152941863e-02,2.286085063266037054e-02,3.067088911144915553e+00,8.891184580006368243e-01,7.775008930371937188e-01,-5.092976949546939441e-02,2.352116379523661385e-02,-1.427493603192772298e+00
2.500000000000000000e+03,3.142413757969093058e-01,-2.880476994118455480e-01,-1.043832630809054668e-01,4.393889779011168617e-01,-9.784122888834918819e-02,1.562794547805067547e+00,0.000000000000000000e+00,0.000000000000000000e+00,1.688885327926547220e+00,0.000000000000000000e+00,1.653307992545532734e+00,3.405149498765540073e-01,2.167428571049006061e-02,3.344694950072868989e-01,3.257246899206727719e-01,4.962144893613972679e-03,-7.905322931683769205e-01,-9.754068650550425448e-03,2.286085063266037054e-02,3.152226600196708084e+00,8.891184580006368243e-01,7.775008930371937188e-01,-5.092976949546939441e-02,3.426246100365469560e-02,-1.432402974285805097e+00
2.600000000000000000e+03,3.128468726513665144e-01,-2.880476994118455480e-01,-1.043832630809054668e-01,4.174839932828195432e-01,-9.784122888834918819e-02,1.562816076727964854e+00,0.000000000000000000e+00,0.000000000000000000e+00,1.777384408584828490e+00,0.000000000000000000e+00,1.653307992545532734e+00,3.405149498765540073e-01,2.173315141902120579e-02,3.344694950072868989e-01,3.257246899206727719e-01,4.847099304103259614e-03,-7.905322931683769205e-01,-9.754068650550425448e-03,2.286085063266037054e-02,2.995834656873422652e+00,8.891184580006368243e-01,7.775008930371937188e-01,-5.092976949546939441e-02,3.837914945337850964e-02,-1.432402974285805097e+00
2.700000000000000000e+03,3.129201979359846342e-01,-2.880476994118455480e-01,-1.043832630809054668e-01,4.162248347010573668e-01,-9.784122888834918819e-02,1.562816076727964854e+00,0.000000000000000000e+00,0.000000000000000000e+00,1.688885327926547220e+00,0.000000000000000000e+00,1.653999615056295003e+00,3.405149498765540073e-01,2.167428571049006061e-02,2.952916496140072233e-01,3.257246899206727719e-01,4.847099304103259614e-03,-7.905322931683769205e-01,-9.754068650550425448e-03,2.286085063266037054e-02,2.849702183470199213e+00,8.891184580006368243e-01,7.775008930371937188e-01,-5.089568338842906381e-02,3.828377553016212853e-02,-1.432402974285805097e+00
2.800000000000000000e+03,3.128468726513665144e-01,-2.880476994118455480e-01,-1.043832630809054668e-01,4.147821122907462410e-01,-9.784122888834918819e-02,1.562816076727964854e+00,0.000000000000000000e+00,0.000000000000000000e+00,1.688885327926547220e+00,0.000000000000000000e+00,1.658874348335513504e+00,3.405149498765540073e-01,2.167428571049006061e-02,2.903944189398472431e-01,3.263230477586909206e-01,4.847099304103259614e-03,-7.905322931683769205e-01,-5.874409234348370278e-03,2.286085063266037054e-02,2.980769951629444581e+00,8.891184580006368243e-01,7.775008930371937188e-01,-5.068647166801516779e-02,3.837914945337850964e-02,-1.438326868940517755e+00
2.900000000000000000e+03,3.120554980259698241e-01,-2.868935556992546765e-01,-1.043832630809054807e-01,2.540574586444110938e-01,-9.784122888834918819e-02,1.562816076727964854e+00,0.000000000000000000e+00,0.000000000000000000e+00,1.686729228491176125e+00,0.000000000000000000e+00,1.653307992545532734e+00,3.405149498765539517e-01,2.167428571049006408e-02,2.914040616002364636e-01,3.257246899206727719e-01,4.847099304103259614e-03,-7.905322931683769205e-01,-5.660289895296656028e-03,2.286085063266037054e-02,3.171502117342478222e+00,8.871046836773642807e-01,7.775008930371936078e-01,-5.092976949546939441e-02,3.331878129948506045e-02,-1.426524429019984996e+00
3.000000000000000000e+03,3.128468726513665144e-01,-1.688053050084597217e-01,-1.043832630809054668e-01,2.540574586444110938e-01,-9.784122888834918819e-02,1.562816076727964854e+00,0.000000000000000000e+00,0.000000000000000000e+00,1.693480537310612100e+00,0.000000000000000000e+00,1.653307992545532734e+00,3.389842042146028467e-01,2.167428571049006061e-02,3.408296664233894657e-01,3.257246899206727719e-01,4.879544573891108662e-03,-5.460040266765114891e-01,-5.660289895296656028e-03,2.286085063266037054e-02,3.257445731141787260e+00,8.871046836773642807e-01,7.775008930371937188e-01,-5.092976949546939441e-02,2.744512594810718728e-02,-1.432402974285805097e+00
3.100000000000000000e+03,2.446930553148939091e-01,-1.827606193369193388e-01,-1.163871904351783254e-01,2.540574586444110938e-01,-9.784122888834918819e-02,1.562816076727964854e+00,0.000000000000000000e+00,1.547065435415696365e-03,1.684819800545074298e+00,0.000000000000000000e+00,1.653307992545532734e+00,3.405149498765540073e-01,2.167428571049006061e-02,3.408296664233894657e-01,3.257246899206727719e-01,4.834532214851029221e-03,-5.453382943665167071e-01,-5.660289895296656028e-03,2.286085063266037054e-02,4.876015842570676995e+00,8.871046836773642807e-01,7.775008930371937188e-01,-5.092976949546939441e-02,2.539431628199822696e-02,-1.432402974285805097e+00
3.200000000000000000e+03,2.446930553148939091e-01,-1.827606193369193388e-01,-1.127941723292889969e-01,2.540574586444110938e-01,-9.784122888834918819e-02,1.562816076727964854e+00,0.000000000000000000e+00,0.000000000000000000e+00,1.688885327926547220e+00,0.000000000000000000e+00,1.653307992545532734e+00,3.405149498765540073e-01,2.167289382809552134e-02,3.565657231843268327e-01,3.257246899206727719e-01,4.868026835092238540e-03,-5.453382943665167071e-01,-5.787128388354003360e-03,2.286085063266037054e-02,4.774365569059633607e+00,8.871046836773642807e-01,7.775008930371937188e-01,-5.092976949546939441e-02,2.465863953936741487e-02,-1.430467803885641320e+00
3.300000000000000000e+03,2.446930553148939091e-01,-1.827606193369193388e-01,-1.169615452524355587e-01,2.540574586444110938e-01,-9.891261973169640509e-02,1.562816076727964854e+00,0.000000000000000000e+00,0.000000000000000000e+00,1.688885327926547220e+00,0.000000000000000000e+00,1.653307992545532734e+00,3.405149498765540073e-01,2.167428571049006061e-02,3.408296664233894657e-01,3.257246899206727719e-01,4.847099304103259614e-03,-3.730914691671353145e-01,-5.660289895296656028e-03,2.286085063266037054e-02,4.755927890547738457e+00,8.908084744635942354e-01,7.775008930371937188e-01,-5.092976949546939441e-02,2.214429492574026409e-02,-1.432402974285805097e+00
3.400000000000000000e+03,2.446930553148939091e-01,-1.827606193369193388e-01,-1.163871904351783254e-01,2.540574586444110938e-01,-9.784122888834918819e-02,1.569292898045108853e+00,0.000000000000000000e+00,0.000000000000000000e+00,1.688885327926547220e+00,0.000000000000000000e+00,1.653307992545532734e+00,3.405149498765540073e-01,2.164713148423771244e-02,3.344356546874747704e-01,3.272318164240914928e-01,4.861800627653930021e-03,-3.730914691671353145e-01,-5.652123611245780770e-03,2.286085063266037054e-02,4.755927890547738457e+00,8.871046836773642807e-01,7.775008930371937188e-01,-5.092976949546939441e-02,2.214429492574026409e-02,-1.432402974285805097e+00
3.500000000000000000e+03,2.446930553148939091e-01,-1.827606193369193388e-01,-6.681837026199226315e-02,2.540574586444110938e-01,-9.784122888834918819e-02,1.562816076727964854e+00,0.000000000000000000e+00,0.000000000000000000e+00,1.688885327926547220e+00,0.000000000000000000e+00,1.653307992545532734e+00,3.410202682882957914e-01,2.167428571049006408e-02,3.336364032204855445e-01,3.257246899206727719e-01,4.826889149827508045e-03,-2.119211915526733603e-01,-5.660289895296656028e-03,2.405304274410179771e-02,4.949585790842631283e+00,8.871046836773642807e-01,7.775008930371936078e-01,-5.092976949546939441e-02,2.333241884981027484e-02,-1.432402974285805319e+00
3.600000000000000000e+03,2.438085224951789809e-01,-1.820764443937851196e-01,-5.684080747193601124e-02,2.540574586444110938e-01,-9.784122888834918819e-02,1.569873179913239269e+00,0.000000000000000000e+00,3.746710442624584872e-03,1.688885327926547220e+00,0.000000000000000000e+00,1.653307992545532734e+00,3.405149498765540073e-01,2.167428571049006061e-02,3.336364032204856001e-01,3.257246899206727719e-01,2.704617691256780421e-03,-2.159520497185748733e-01,-5.660289895296656028e-03,2.286085063266037054e-02,4.755927890547738457e+00,8.898664433487548653e-01,7.775008930371937188e-01,-5.051070255506766304e-02,2.214429492574026409e-02,-1.432402974285805097e+00
3.700000000000000000e+03,2.446930553148939091e-01,-1.814266226404156468e-01,-5.684080747193601124e-02,2.540574586444110938e-01,-9.784122888834918819e-02,1.562816076727964854e+00,0.000000000000000000e+00,0.000000000000000000e+00,1.688885327926547220e+00,0.000000000000000000e+00,1.653307992545532734e+00,3.405149498765540073e-01,2.172370505347030398e-02,3.067202062196189294e-01,3.242216662209731481e-01,3.735174342502175452e-03,-2.144048320690110365e-01,-5.660289895296656028e-03,2.286085063266037054e-02,6.508947428146493408e+00,8.871046836773642807e-01,7.775008930371937188e-01,-5.092976949546939441e-02,2.214429492574026409e-02,-1.432402974285805097e+00
3.800000000000000000e+03,2.446930553148939091e-01,-1.814266226404156468e-01,-5.684080747193601124e-02,2.028434919285259375e-01,-1.011244987704229131e-01,1.562816076727964854e+00,0.000000000000000000e+00,0.000000000000000000e+00,1.668613950673366375e+00,0.000000000000000000e+00,1.653307992545532734e+00,3.417440542981844409e-01,2.167428571049006061e-02,3.325851752756058821e-01,3.257246899206727719e-01,3.590013385468603189e-03,-3.056462691972564594e-01,-5.660289895296656028e-03,2.286085063266037054e-02,3.708208855053706898e+00,8.837091882519354513e-01,7.775008930371937188e-01,-5.092976949546939441e-02,2.160231166356912924e-02,-1.432402974285805097e+00
3.900000000000000000e+03,2.446930553148939091e-01,-1.814266226404156468e-01,-5.684080747193601124e-02,1.923361787458966743e-01,-1.047670418312881130e-01,1.562816076727964854e+00,0.000000000000000000e+00,0.000000000000000000e+00,9.255025503669759290e-01,0.000000000000000000e+00,1.653307992545532734e+00,3.405149498765540073e-01,2.167428571049006061e-02,4.717008817072920190e-01,3.257246899206727719e-01,3.433542972787601705e-03,-3.142710490215355756e-01,-5.660289895296656028e-03,2.286085063266037054e-02,3.687668963523006660e+00,8.871046836773642807e-01,7.790230101892656744e-01,-5.092976949546939441e-02,2.214429492574026409e-02,-1.432402974285805097e+00
4.000000000000000000e+03,2.951243672022353381e-01,-1.814266226404156468e-01,-5.700120099839150328e-02,1.930788762893026478e-01,-5.562738385318776596e-02,1.562816076727964854e+00,0.000000000000000000e+00,0.000000000000000000e+00,9.753043831954212317e-01,0.000000000000000000e+00,1.653307992545532734e+00,3.405149498765540073e-01,2.161705460423820127e-02,4.640965557268758590e-01,3.257246899206727719e-01,3.590013385468603189e-03,-3.182888030721962580e-01,-5.660289895296656028e-03,2.286085063266037054e-02,5.815891973978283502e+00,8.871046836773642807e-01,7.779090264450754244e-01,-5.092976949546939441e-02,2.214429492574026409e-02,-1.432402974285805097e+00
4.100000000000000000e+03,2.954061932347969432e-01,-1.814266226404156468e-01,-6.613582996396451252e-02,1.924232167924029291e-01,-5.583609524620517656e-02,1.562816076727964854e+00,0.000000000000000000e+00,0.000000000000000000e+00,1.231589931965571649e+00,2.061944134328729580e-03,1.653307992545532734e+00,3.405149498765540073e-01,2.159810925144201380e-02,4.647081638311335028e-01,3.247891024584867448e-01,3.590013385468603189e-03,-3.380172715825163765e-01,-5.769415210221008096e-03,2.286085063266037054e-02,5.815891973978283502e+00,8.871046836773642807e-01,7.775008930371937188e-01,-5.092976949546939441e-02,2.214429492574026409e-02,-1.432402974285805097e+00
4.200000000000000000e+03,2.943876792577899693e-01,-1.814266226404156468e-01,-9.089753650280245345e-02,2.443978173923267161e-01,-5.562738385318776596e-02,1.562816076727964854e+00,0.000000000000000000e+00,0.000000000000000000e+00,1.236116246523992324e+00,0.000000000000000000e+00,1.653307992545532734e+00,3.405149498765540073e-01,2.167428571049006061e-02,5.642406850608167046e-01,3.257246899206727719e-01,3.590013385468603189e-03,-3.225588739961232077e-01,-5.660289895296656028e-03,2.286085063266037054e-02,5.791463815679216864e+00,8.871046836773642807e-01,7.775008930371937188e-01,-5.092976949546939441e-02,2.214429492574026409e-02,-1.432402974285805097e+00
4.300000000000000000e+03,2.954061932347969432e-01,-1.814266226404156468e-01,-9.089753650280245345e-02,3.024720388217206901e-01,-5.543738378673152695e-02,1.562816076727964854e+00,0.000000000000000000e+00,0.000000000000000000e+00,1.236116246523992324e+00,0.000000000000000000e+00,1.653307992545532734e+00,3.405149498765540073e-01,2.167428571049006061e-02,5.624001861736404040e-01,3.257246899206727719e-01,3.590013385468603189e-03,-3.225588739961232077e-01,-5.660289895296656028e-03,1.994928639399798712e-02,5.947361130254471995e+00,8.871046836773642807e-01,7.775008930371937188e-01,-5.092976949546939441e-02,1.037068944745220614e-02,-1.439337743861502483e+00
4.400000000000000000e+03,2.954061932347969432e-01,-1.476764000418886724e-01,-9.089753650280243957e-02,3.024216250604254141e-01,-5.562738385318776596e-02,1.565050199011029486e+00,0.000000000000000000e+00,0.000000000000000000e+00,1.129028274799334985e+00,0.000000000000000000e+00,1.653307992545532734e+00,3.421371775018132722e-01,2.167428571049006408e-02,2.978862522058562390e-01,3.257246899206727719e-01,3.590013385468603189e-03,-3.225588739961232077e-01,-5.660289895296656028e-03,1.876532242925282173e-02,5.834514746391142204e+00,8.839303713145643115e-01,7.775008930371936078e-01,-5.092976949546939441e-02,1.071014887938533458e-02,-1.432402974285805319e+00
4.500000000000000000e+03,2.885395112602143208e-01,-1.476764000418886724e-01,-9.089753650280243957e-02,3.024216250604254141e-01,-5.562738385318776596e-02,1.562816076727964854e+00,0.000000000000000000e+00,0.000000000000000000e+00,6.358819766298560161e-01,0.000000000000000000e+00,1.653307992545532734e+00,3.405149498765539517e-01,2.167428571049006408e-02,2.961672673946153522e-01,3.242382056013146663e-01,9.028651570843761534e-03,-3.225588739961232077e-01,-5.777293367098672826e-03,1.876532242925282173e-02,5.768771679655885443e+00,8.871046836773642807e-01,7.775008930371936078e-01,-5.092976949546939441e-02,1.345183405468248876e-02,-1.432402974285805319e+00
4.600000000000000000e+03,1.545929364541795970e-01,-1.476764000418886724e-01,-9.089753650280245345e-02,3.012380238231645024e-01,-5.442045418173493965e-02,1.567311748005438155e+00,0.000000000000000000e+00,0.000000000000000000e+00,5.735717548065147886e-01,0.000000000000000000e+00,1.653307992545532734e+00,3.391102455217270273e-01,2.167428571049006061e-02,2.867359202936344276e-01,3.257246899206727719e-01,9.283376404729737005e-03,-3.225588739961232077e-01,-5.660289895296656028e-03,1.871887978768168800e-02,5.815891973978283502e+00,8.871046836773642807e-01,7.775008930371937188e-01,-5.092976949546939441e-02,1.204533646539404299e-02,-1.432402974285805097e+00
4.700000000000000000e+03,1.545929364541795970e-01,-1.548852378107152539e-01,-9.089753650280245345e-02,3.024216250604254141e-01,-5.562738385318776596e-02,1.562816076727964854e+00,0.000000000000000000e+00,0.000000000000000000e+00,3.699230066297500841e-01,0.000000000000000000e+00,1.653307992545532734e+00,3.405149498765540073e-01,2.167428571049006061e-02,2.988179588994367419e-01,3.254411399315645381e-01,9.283376404729737005e-03,-3.225588739961232077e-01,-8.001010317239508340e-03,1.876532242925282173e-02,5.815891973978283502e+00,8.871046836773642807e-01,7.775008930371937188e-01,-5.092976949546939441e-02,1.207101109328762023e-02,-1.432402974285805097e+00
4.800000000000000000e+03,1.545929364541795970e-01,-1.548852378107152539e-01,-9.089753650280245345e-02,3.024216250604254141e-01,-5.562738385318776596e-02,1.564212154245658626e+00,0.000000000000000000e+00,-1.147260515569393130e-04,3.687649163873068514e-01,0.000000000000000000e+00,1.653307992545532734e+00,3.406837622257740117e-01,2.167428571049006061e-02,2.978862522058562390e-01,3.257246899206727719e-01,1.103619901362845948e-02,-3.225588739961232077e-01,-1.067179403109127893e-02,1.876532242925282173e-02,5.788770384151109560e+00,8.871046836773642807e-01,7.775008930371937188e-01,-5.092976949546939441e-02,1.197767686015590270e-02,-1.432402974285805097e+00
4.900000000000000000e+03,1.545929364541795970e-01,-1.548852378107152539e-01,-1.157713026299033859e-01,1.517046673129098244e-01,-5.562738385318776596e-02,1.562816076727964854e+00,0.000000000000000000e+00,0.000000000000000000e+00,3.687649163873068514e-01,4.675252017440115725e-04,1.653307992545532734e+00,3.405149498765540073e-01,2.167428571049006061e-02,1.913641613617402815e-01,3.257246899206727719e-01,1.102505484337145542e-02,-2.678602628015246956e-01,-9.423473393623933714e-03,1.876532242925282173e-02,5.796907043642749002e+00,8.871046836773642807e-01,7.775008930371937188e-01,-5.092976949546939441e-02,1.202274993691965395e-02,-1.430969011307287708e+00
5.000000000000000000e+03,1.550699394380964380e-01,-1.548852378107152539e-01,-1.157713026299033859e-01,2.141999132489777469e-01,-5.562738385318776596e-02,1.562816076727964854e+00,0.000000000000000000e+00,0.000000000000000000e+00,3.611860210064155030e-01,0.000000000000000000e+00,1.646181624253979292e+00,3.422242362524275938e-01,2.167428571049006061e-02,1.840682073488205117e-01,3.257246899206727719e-01,1.098029328183315438e-02,-2.508245380191604923e-01,-8.778714846096966756e-03,1.876532242925282173e-02,6.025626265765670730e+00,8.871046836773642807e-01,7.775008930371937188e-01,-5.092976949546939441e-02,1.202274993691965395e-02,-1.432402974285805097e+00
5.100000000000000000e+03,1.545929364541795970e-01,-1.556366220732404992e-01,-1.157713026299033859e-01,4.416976362670445022e-01,-5.562738385318776596e-02,1.562816076727964854e+00,0.000000000000000000e+00,0.000000000000000000e+00,3.687649163873068514e-01,3.589593798446503656e-03,1.653307992545532734e+00,3.405149498765539517e-01,2.167428571049006408e-02,1.901884506235193006e-01,3.257246899206727719e-01,1.102505484337145542e-02,-2.508245380191604923e-01,-8.759920586385827948e-03,1.876532242925282173e-02,5.846197823734227583e+00,8.871046836773642807e-01,7.809621280708507474e-01,-5.092976949546939441e-02,1.202274993691965395e-02,-1.432402974285805319e+00
5.200000000000000000e+03,1.545929364541795970e-01,-1.548852378107152539e-01,-1.157713026299033859e-01,4.435328378830311613e-01,-5.562738385318776596e-02,1.556701664690519404e+00,0.000000000000000000e+00,0.000000000000000000e+00,3.687649163873068514e-01,0.000000000000000000e+00,1.653307992545532734e+00,3.405149498765540073e-01,2.167428571049006061e-02,2.816113464668579258e-01,3.257246899206727719e-01,1.102505484337145542e-02,-2.507201482327166553e-01,-6.840783534708297191e-03,1.876532242925282173e-02,6.820165518483009670e+00,8.886542627880228418e-01,7.775008930371937188e-01,-5.092976949546939441e-02,1.202274993691965395e-02,-1.432402974285805097e+00
5.300000000000000000e+03,1.545929364541795970e-01,-1.548852378107152539e-01,-1.390363886253647707e-01,4.416976362670445022e-01,-3.808563439105760312e-02,1.562816076727964854e+00,0.000000000000000000e+00,0.000000000000000000e+00,3.231021004516909656e-01,0.000000000000000000e+00,1.653307992545532734e+00,3.405149498765540073e-01,2.167428571049006061e-02,3.685869775936068821e-02,3.257246899206727719e-01,1.166906899800136330e-02,-2.828121519825762542e-01,-9.482455630798188734e-03,1.876532242925282173e-02,6.820165518483009670e+00,8.871046836773642807e-01,7.775008930371937188e-01,-5.092976949546939441e-02,1.200191588838827803e-02,-1.432402974285805097e+00
5.400000000000000000e+03,1.545929364541795970e-01,-1.548852378107152539e-01,-1.114384482693821649e-01,4.416976362670445022e-01,-3.808563439105760312e-02,1.562541809832037387e+00,0.000000000000000000e+00,0.000000000000000000e+00,3.173942484597390146e-01,0.000000000000000000e+00,1.653307992545532734e+00,3.405149498765540073e-01,2.167428571049006061e-02,3.685869775936068821e-02,3.257246899206727719e-01,1.174957076733009788e-02,-3.252960700957495677e-01,-9.752219641287246735e-03,1.876532242925282173e-02,8.119111864262627876e+00,8.871046836773642807e-01,7.775008930371937188e-01,-5.092976949546939441e-02,1.202274993691965395e-02,-1.432402974285805097e+00
5.500000000000000000e+03,1.545929364541795970e-01,-1.548852378107152539e-01,-1.119780810450011072e-01,4.416976362670445022e-01,-3.808563439105760312e-02,1.562816076727964854e+00,0.000000000000000000e+00,0.000000000000000000e+00,3.173942484597390146e-01,0.000000000000000000e+00,1.653307992545532734e+00,3.405149498765540073e-01,2.167428571049006061e-02,3.685869775936068821e-02,3.257246899206727719e-01,1.174957076733009788e-02,-2.816110666308233035e-01,-7.193787568631395540e-03,1.876532242925282173e-02,8.119111864262627876e+00,8.871046836773642807e-01,7.775008930371937188e-01,-5.092976949546939441e-02,1.204121844833353806e-02,-1.432402974285805097e+00
5.600000000000000000e+03,1.545929364541795970e-01,-1.548852378107152539e-01,-1.103434781454801505e-01,4.416976362670445022e-01,-3.808563439105760312e-02,1.562816076727964854e+00,0.000000000000000000e+00,0.000000000000000000e+00,3.173942484597390146e-01,0.000000000000000000e+00,1.653307992545532734e+00,3.405149498765540073e-01,2.167428571049006061e-02,3.685869775936068821e-02,3.257246899206727719e-01,1.341419345107681786e-02,-2.739665095940521655e-01,-3.711000320412053983e-03,1.948486887688367225e-02,8.119111864262627876e+00,8.871046836773642807e-01,7.777844358068237707e-01,-5.092976949546939441e-02,1.712341164234038732e-02,-1.432402974285805097e+00
5.700000000000000000e+03,1.545929364541795970e-01,-1.548852378107152539e-01,-1.116642073389477741e-01,5.450528236650488134e-01,-3.819343827898019628e-02,1.562816076727964854e+00,3.141590633872365281e-03,0.000000000000000000e+00,2.391939314930411620e-01,0.000000000000000000e+00,1.653307992545532734e+00,3.405149498765539517e-01,2.167428571049006408e-02,3.685869775936068821e-02,3.257246899206727719e-01,1.362227128654516957e-02,-2.128100532998827843e-01,-3.711000320412053983e-03,1.946032251695652138e-02,8.119111864262627876e+00,8.871046836773642807e-01,7.775008930371936078e-01,-5.092976949546939441e-02,1.776099435551797487e-02,-1.432402974285805319e+00
5.800000000000000000e+03,1.545929364541795970e-01,-1.548852378107152539e-01,-1.119780810450011072e-01,5.449290520661881354e-01,-3.808563439105760312e-02,1.562816076727964854e+00,0.000000000000000000e+00,0.000000000000000000e+00,2.828082451783981988e-01,0.000000000000000000e+00,1.653307992545532734e+00,3.405149498765540073e-01,2.172231264686464575e-02,3.670973010554862137e-02,3.257246899206727719e-01,1.362227128654516957e-02,-2.002073412767316207e-01,-3.711000320412053983e-03,1.946032251695652138e-02,8.129674277871636434e+00,8.871046836773642807e-01,7.775008930371937188e-01,-5.067459170796662776e-02,2.021851070129645350e-02,-1.427201855671250907e+00
5.900000000000000000e+03,1.545929364541795970e-01,-1.548852378107152539e-01,-1.119780810450011072e-01,5.449290520661881354e-01,-3.808563439105760312e-02,1.562816076727964854e+00,0.000000000000000000e+00,0.000000000000000000e+00,2.127196587062145372e-01,0.000000000000000000e+00,1.653307992545532734e+00,3.405149498765539517e-01,2.167428571049006408e-02,3.687640110836919172e-02,3.257246899206727719e-01,1.362227128654516957e-02,-1.986320022738375657e-01,-2.535514450693972157e-03,1.946032251695652138e-02,8.119111864262627876e+00,8.871046836773642807e-01,7.775008930371936078e-01,-5.092976949546939441e-02,1.383924794809747796e-02,-1.432402974285805319e+00
6.000000000000000000e+03,1.329407151003159093e-01,-1.548852378107152539e-01,-9.959751058713446625e-02,5.432120439732397443e-01,-3.852349905656071716e-02,1.562816076727964854e+00,0.000000000000000000e+00,0.000000000000000000e+00,2.128440344522863903e-01,0.000000000000000000e+00,1.653307992545532734e+00,3.405149498765539517e-01,2.167428571049006408e-02,3.669110914882213470e-02,3.257246899206727719e-01,1.938148701997664813e-02,-1.981345668601890431e-01,-2.045461370062397980e-03,1.946032251695652138e-02,1.025012895995485174e+01,8.871046836773642807e-01,7.775008930371936078e-01,-5.070100281413525423e-02,1.383924794809747796e-02,-1.432402974285805319e+00
6.100000000000000000e+03,1.329407151003159093e-01,-1.548852378107152539e-01,-9.959751058713446625e-02,5.440685438464679669e-01,-2.311224496271711837e-02,1.562816076727964854e+00,0.000000000000000000e+00,0.000000000000000000e+00,2.128440344522863903e-01,0.000000000000000000e+00,1.653307992545532734e+00,3.405149498765540073e-01,2.167428571049006061e-02,3.669110914882213470e-02,3.257246899206727719e-01,1.938148701997664813e-02,-1.994219165694540996e-01,-2.045461370062397980e-03,1.946032251695652138e-02,1.019253251702142116e+01,8.875705693946676078e-01,7.775008930371937188e-01,-5.092976949546939441e-02,1.383924794809747970e-02,-1.432402974285805097e+00
6.200000000000000000e+03,1.388268472681960797e-01,-1.548852378107152539e-01,-9.959751058713446625e-02,5.429359409158713845e-01,-1.278370518220619569e-02,1.562816076727964854e+00,0.000000000000000000e+00,0.000000000000000000e+00,2.128440344522863903e-01,4.040528684848506726e-03,1.653307992545532734e+00,3.422081876986703963e-01,2.157793260976456975e-02,3.655330076483975787e-02,3.257246899206727719e-01,1.928497161224188711e-02,-1.243151891785950758e-01,-2.095323799460229418e-03,1.946032251695652138e-02,1.025012895995485174e+01,8.871046836773642807e-01,7.775008930371937188e-01,-5.092976949546939441e-02,1.390956783552041442e-02,-1.435409870607465832e+00
6.300000000000000000e+03,1.329407151003159093e-01,-1.548852378107152539e-01,-9.959751058713446625e-02,5.445628952442096438e-01,-1.278639910772132009e-02,1.562816076727964854e+00,0.000000000000000000e+00,0.000000000000000000e+00,1.371312078304019189e-01,0.000000000000000000e+00,1.653307992545532734e+00,3.405149498765540073e-01,2.167428571049006061e-02,3.669110914882213470e-02,3.257246899206727719e-01,2.028541423311875508e-02,-1.390251027296187936e-01,-2.045461370062397980e-03,1.946032251695652138e-02,1.025012895995485174e+01,8.871046836773642807e-01,7.775008930371937188e-01,-5.092976949546939441e-02,1.381456024718554117e-02,-1.432402974285805097e+00
6.400000000000000000e+03,1.329407151003159093e-01,-1.548852378107152539e-01,-6.589411191509217391e-02,5.449290520661881354e-01,-1.278370518220619569e-02,1.569067926479725816e+00,0.000000000000000000e+00,0.000000000000000000e+00,9.848306181353444488e-02,0.000000000000000000e+00,1.653307992545532734e+00,3.405149498765540073e-01,2.167428571049006061e-02,1.886633400125847446e-02,3.257246899206727719e-01,1.932518614946403604e-02,-1.400448941991738194e-01,-2.045461370062397980e-03,1.946032251695652138e-02,1.025012895995485174e+01,8.825664082208865002e-01,7.775008930371937188e-01,-5.092976949546939441e-02,1.360901033283843861e-02,-1.432402974285805097e+00
6.500000000000000000e+03,1.329407151003159093e-01,-1.548852378107152539e-01,-6.589411191509217391e-02,7.002581682795161466e-01,-1.725691980587450158e-02,1.562816076727964854e+00,0.000000000000000000e+00,0.000000000000000000e+00,9.855493281160777885e-02,3.786026837555588314e-03,1.659698223346661949e+00,3.405149498765540073e-01,2.167428571049006061e-02,1.894119695261215278e-02,3.257246899206727719e-01,1.932849220915043228e-02,-1.352017161272440204e-01,-2.045461370062397980e-03,1.409239288590852755e-02,1.025012895995485174e+01,8.871046836773642807e-01,7.775008930371937188e-01,-5.092976949546939441e-02,1.400171770739029077e-02,-1.432402974285805097e+00
6.600000000000000000e+03,1.329407151003159093e-01,-1.548852378107152539e-01,-6.589411191509217391e-02,7.192958680053722631e-01,-2.291284770686966010e-02,1.562816076727964854e+00,0.000000000000000000e+00,0.000000000000000000e+00,8.471187912322976354e-02,0.000000000000000000e+00,1.653307992545532734e+00,3.405149498765539517e-01,2.167428571049006408e-02,1.939652713174815774e-02,3.257246899206727719e-01,1.938148701997664813e-02,-1.390251027296187936e-01,-1.996764137363297217e-03,1.409239288590852755e-02,1.023024239352111309e+01,8.841307652453640475e-01,7.775008930371936078e-01,-5.092976949546939441e-02,2.591600705010987590e-02,-1.432402974285805319e+00
6.700000000000000000e+03,1.330922362668328363e-01,-1.569755563624515848e-01,-7.807035196478673278e-02,8.751575672866375166e-01,-2.291284770686966010e-02,1.562816076727964854e+00,0.000000000000000000e+00,0.000000000000000000e+00,8.471187912322976354e-02,0.000000000000000000e+00,1.653307992545532734e+00,3.405149498765540073e-01,2.167428571049006061e-02,3.061744547460222218e-02,3.249886026631612634e-01,1.938148701997664813e-02,-1.939702250976754472e-01,-1.996764137363297217e-03,1.409239288590852755e-02,1.023827155675149569e+01,8.871046836773642807e-01,7.775008930371937188e-01,-5.090577827403261479e-02,3.517031498809876366e-02,-1.430115360467292485e+00
6.800000000000000000e+03,1.329407151003159093e-01,-1.548852378107152539e-01,-7.959238197099854917e-02,8.517938916695457774e-01,-2.291284770686966010e-02,1.562816076727964854e+00,0.000000000000000000e+00,0.000000000000000000e+00,8.484792432079420188e-02,0.000000000000000000e+00,1.655678366903158727e+00,3.405149498765539517e-01,2.167428571049006408e-02,4.090918990591892179e-02,3.257246899206727719e-01,1.838067113366863986e-02,-1.939702250976754472e-01,-1.673418719570522175e-03,1.409239288590852755e-02,1.425830853140951859e+01,8.848957218309091433e-01,7.775008930371936078e-01,-5.092976949546939441e-02,3.089815538810590165e-02,-1.432220463740565553e+00
6.900000000000000000e+03,1.329407151003159093e-01,-9.223730479390647441e-02,-7.959238197099853529e-02,8.743383432366286234e-01,-2.291284770686965663e-02,1.562816076727965076e+00,4.142333185498221597e-03,0.000000000000000000e+00,8.471187912322976354e-02,0.000000000000000000e+00,1.653307992545532734e+00,3.405149498765539517e-01,2.167428571049006408e-02,4.217507727152555730e-02,3.257246899206727719e-01,1.357060657963768228e-02,-1.936758429796068826e-01,-1.522760003100381235e-03,1.409239288590852929e-02,1.470899611327756951e+01,8.871046836773642807e-01,7.756376836551908127e-01,-5.092976949546940135e-02,3.095696021047359206e-02,-1.432402974285805319e+00
7.000000000000000000e+03,1.316604565262652626e-01,-8.422419708245419689e-02,-7.202804680407590143e-02,1.113893121063323388e+00,-3.120869116021357526e-02,1.556179930429543168e+00,0.000000000000000000e+00,0.000000000000000000e+00,8.466235732748710052e-02,0.000000000000000000e+00,1.653307992545532734e+00,3.405149498765539517e-01,2.167428571049006408e-02,2.561508081104810555e-02,3.257246899206727719e-01,1.361528154534340056e-02,-2.713235013944769181e-01,-1.525329961257194467e-03,1.409239288590852755e-02,1.470899611327756951e+01,8.871046836773642807e-01,7.775008930371936078e-01,-5.092976949546939441e-02,3.111171850453185381e-02,-1.429233133671189426e+00
7.100000000000000000e+03,1.329407151003159093e-01,-8.431790565591609776e-02,-7.202804680407590143e-02,1.182336362801744922e+00,-3.219290348757444103e-02,1.562816076727964854e+00,0.000000000000000000e+00,0.000000000000000000e+00,8.471187912322976354e-02,0.000000000000000000e+00,1.653307992545532734e+00,3.405149498765540073e-01,2.167428571049006061e-02,1.665072953760799931e-02,3.257246899206727719e-01,1.361528154534340056e-02,-4.047443573151092155e-01,-1.522760003100381452e-03,1.409239288590852755e-02,1.470899611327757128e+01,8.871046836773642807e-01,7.775008930371937188e-01,-5.077823870856080363e-02,5.454182616327293148e-02,-1.426215965658255591e+00
7.200000000000000000e+03,1.329655331532151596e-01,-8.422419708245419689e-02,-7.202804680407590143e-02,1.666672675603999343e+00,-3.219290348757444103e-02,1.562816076727964854e+00,0.000000000000000000e+00,0.000000000000000000e+00,1.174249842639204094e-01,0.000000000000000000e+00,1.653307992545532734e+00,3.405149498765539517e-01,2.167428571049006408e-02,1.666671736263071815e-02,3.257246899206727719e-01,1.361528154534340056e-02,-4.315562060645684039e-01,-1.497917514938670999e-03,1.409239288590852755e-02,1.442442200787971274e+01,8.871046836773642807e-01,7.775008930371936078e-01,-5.112467965419500993e-02,5.295870408044602712e-02,-1.432402974285805319e+00
7.300000000000000000e+03,1.329407151003159093e-01,-5.129772303434572411e-02,-7.202804680407590143e-02,1.737312132406821918e+00,-3.219290348757444103e-02,1.562816076727964854e+00,-2.758081260258664455e-04,0.000000000000000000e+00,1.137619364028336771e-01,0.000000000000000000e+00,1.653307992545532734e+00,3.405149498765539517e-01,2.157323677227090258e-02,1.646207616710683441e-02,3.257246899206727719e-01,1.474819862859379910e-02,-5.247451052474165767e-01,-1.494776510688337282e-03,1.409239288590852755e-02,1.884374736737197864e+01,8.871046836773642807e-01,7.775008930371936078e-01,-5.092976949546939441e-02,5.278035954818258157e-02,-1.432402974285805319e+00
7.400000000000000000e+03,1.329407151003159093e-01,-4.713460562596420711e-02,-7.202804680407590143e-02,1.657036473226934481e+00,-2.269070865143922588e-02,1.562816076727964854e+00,0.000000000000000000e+00,-3.100504832871398280e-04,1.135835874956256514e-01,0.000000000000000000e+00,1.653307992545532734e+00,3.405149498765540073e-01,2.167428571049006061e-02,1.666671736263071815e-02,3.256922135961488052e-01,1.481199548912302474e-02,-5.300794661395986651e-01,-2.084220903016901182e-03,1.409239288590852755e-02,1.892730342933139909e+01,8.871046836773642807e-01,7.775008930371937188e-01,-5.104827148405864656e-02,5.264476217702804273e-02,-1.432402974285805097e+00
7.500000000000000000e+03,1.329407151003159093e-01,-4.713460562596420711e-02,-7.236014423917573601e-02,1.657036473226934481e+00,-2.416231348864998629e-02,1.562816076727964854e+00,0.000000000000000000e+00,0.000000000000000000e+00,1.123621190954765259e-01,0.000000000000000000e+00,1.659037695903531340e+00,3.405149498765539517e-01,2.159411296794348789e-02,1.673306309301842570e-02,3.257246899206727719e-01,1.218316153627341247e-02,-7.179866936641146058e-01,-2.047588027049148870e-03,1.409239288590852755e-02,1.884405323329633930e+01,8.871046836773642807e-01,7.775008930371936078e-01,-5.092976949546939441e-02,5.264476217702804273e-02,-1.432402974285805319e+00
7.600000000000000000e+03,1.329407151003159093e-01,-2.851973119587979805e-02,-7.202804680407590143e-02,1.285555659303606157e+00,-2.416231348864998629e-02,1.562816076727964854e+00,0.000000000000000000e+00,0.000000000000000000e+00,1.132748339499459606e-01,0.000000000000000000e+00,1.648829317480500434e+00,3.405149498765540073e-01,2.167428571049006061e-02,1.801234868182357424e-02,3.257246899206727719e-01,1.179512757515782662e-02,-7.365618054388802793e-01,-2.425698343964532641e-03,1.409239288590852755e-02,1.884405323329633930e+01,8.871046836773642807e-01,7.775008930371937188e-01,-5.092976949546939441e-02,5.264476217702804273e-02,-1.432402974285805097e+00
7.700000000000000000e+03,1.329407151003159093e-01,-2.619287189211925299e-02,-7.054649056692281761e-02,8.374783889745076593e-01,-2.416231348864998629e-02,1.562816076727964854e+00,0.000000000000000000e+00,0.000000000000000000e+00,1.128023509316111866e-01,0.000000000000000000e+00,1.654131926760055604e+00,3.405149498765539517e-01,2.165136313670572299e-02,2.410294634405649172e-02,3.272433041479855254e-01,1.185078023189012515e-02,-7.179866936641146058e-01,-2.075656660188884405e-03,1.409239288590852755e-02,1.884405323329633930e+01,8.871046836773642807e-01,7.775008930371936078e-01,-5.092976949546939441e-02,5.911128145087296559e-02,-1.432402974285805319e+00
7.800000000000000000e+03,1.325819711174532067e-01,-2.619287189211925299e-02,-5.680416198136099132e-02,6.402705713211019889e-01,-2.416231348864998629e-02,1.562816076727964854e+00,0.000000000000000000e+00,0.000000000000000000e+00,1.688058423141143016e-01,0.000000000000000000e+00,1.653307992545532734e+00,3.405149498765539517e-01,2.167428571049006408e-02,2.485175474889179947e-02,3.257246899206727719e-01,6.470872768459067989e-03,-7.165377394652234777e-01,-2.084220903016901182e-03,1.409239288590852755e-02,1.884405323329633930e+01,8.871046836773642807e-01,7.775008930371936078e-01,-5.092976949546939441e-02,5.913382650138802876e-02,-1.436309515618016786e+00
7.900000000000000000e+03,1.329407151003159093e-01,-2.619287189211925299e-02,-5.680416198136099132e-02,3.436815553832166525e-01,-2.418189002828845593e-02,1.562816076727964854e+00,0.000000000000000000e+00,0.000000000000000000e+00,1.688058423141143016e-01,0.000000000000000000e+00,1.656380961292771348e+00,3.405149498765539517e-01,2.167428571049006408e-02,2.485175474889179947e-02,3.257246899206727719e-01,6.470872768459067989e-03,-8.836250449141676011e-01,-2.084220903016901182e-03,1.409239288590852755e-02,1.884405323329633930e+01,8.842519831585431422e-01,7.775008930371936078e-01,-5.089673569989604240e-02,5.913382650138802876e-02,-1.432402974285805319e+00
8.000000000000000000e+03,7.455678435141802063e-02,-2.619287189211925646e-02,-5.680416198136099132e-02,4.905851153560103484e-01,-2.416231348864998629e-02,1.555213395590058223e+00,0.000000000000000000e+00,3.355255859951601811e-03,2.170745618562159862e-01,0.000000000000000000e+00,1.654268822638743863e+00,3.405149498765540073e-01,2.167428571049006061e-02,2.485175474889179947e-02,3.263540024711373277e-01,6.470872768459067122e-03,-8.835733700133235891e-01,-2.084220903016901182e-03,1.409239288590852755e-02,2.791656333807214807e+01,8.871046836773642807e-01,7.775008930371937188e-01,-5.092976949546939441e-02,5.913382650138803570e-02,-1.432402974285805097e+00
8.100000000000000000e+03,6.725879300780583658e-02,-2.619287189211925646e-02,-5.680416198136099132e-02,4.685553502851770302e-01,-2.415000055969203016e-02,1.562816076727964854e+00,0.000000000000000000e+00,0.000000000000000000e+00,2.237679631936324576e-01,0.000000000000000000e+00,1.653307992545532734e+00,3.405149498765540073e-01,2.167428571049006061e-02,2.485175474889179947e-02,3.257246899206727719e-01,8.044304782879714566e-03,-8.785092297306094089e-01,-2.078015331133047094e-03,1.414380558501538050e-02,2.915814720524772596e+01,8.871046836773642807e-01,7.775008930371937188e-01,-5.092976949546939441e-02,5.921516647792862686e-02,-1.432402974285805097e+00
8.200000000000000000e+03,6.725879300780583658e-02,-2.622968398953229308e-02,-5.680416198136099132e-02,4.685553502851770302e-01,-2.416231348864998629e-02,1.562816076727964854e+00,0.000000000000000000e+00,0.000000000000000000e+00,2.936022880439642102e-01,0.000000000000000000e+00,1.653307992545532734e+00,3.405149498765540073e-01,2.167428571049006061e-02,2.485175474889179947e-02,3.257246899206727719e-01,8.266129562345415557e-03,-6.361350448270228775e-01,-1.879301750246697772e-03,1.409239288590852755e-02,1.840783659996719024e+01,8.871046836773642807e-01,7.775008930371937188e-01,-5.092976949546939441e-02,4.683537544731997126e-02,-1.432402974285805097e+00
8.300000000000000000e+03,9.533167349082365127e-02,-3.675898636142772846e-02,-5.659131999069736546e-02,6.811830282343332987e-01,-2.420411693192097563e-02,1.562816076727964854e+00,0.000000000000000000e+00,0.000000000000000000e+00,2.951691321124174650e-01,0.000000000000000000e+00,1.653307992545532734e+00,3.405149498765540073e-01,2.167428571049006061e-02,2.485175474889179947e-02,3.258507362792292250e-01,8.240983784682300375e-03,-6.346459715462032802e-01,-9.650359980788310007e-04,1.389926939972094440e-02,2.304789323576389393e+01,8.871046836773642807e-01,7.775008930371937188e-01,-5.092976949546939441e-02,4.668040729450052828e-02,-1.435778770634495549e+00
8.400000000000000000e+03,1.144852761002338043e-01,-3.668112399138880042e-02,-5.680416198136099132e-02,6.689312142816957740e-01,-2.374767817862126484e-02,1.562816076727964854e+00,4.989060366443702661e-03,0.000000000000000000e+00,2.951691321124174650e-01,0.000000000000000000e+00,1.653307992545532734e+00,3.405149498765540073e-01,2.167428571049006061e-02,2.493546306108596761e-02,3.257246899206727719e-01,8.240983784682300375e-03,-8.123115879125395455e-01,-7.644217548986227163e-04,1.489531086636070381e-02,3.142604020447990720e+01,8.871046836773642807e-01,7.775008930371937188e-01,-5.092976949546939441e-02,4.848984067537367298e-02,-1.432402974285805097e+00
8.500000000000000000e+03,1.147376860173881519e-01,-4.531307136905430438e-02,-7.523350315767209084e-02,6.700983596386167473e-01,-2.416231348864998629e-02,1.561772816061991920e+00,0.000000000000000000e+00,0.000000000000000000e+00,2.951691321124174650e-01,0.000000000000000000e+00,1.653515859421208267e+00,3.405149498765540073e-01,2.167428571049006061e-02,3.467877982616425492e-02,3.255715553855232369e-01,7.838401969215581105e-03,-7.972152738241988779e-01,-7.644217548986227163e-04,1.494238369329486948e-02,3.105501933072206455e+01,8.840439447626792235e-01,7.775008930371937188e-01,-5.092976949546939441e-02,3.257021098045787683e-02,-1.432402974285805097e+00
8.600000000000000000e+03,1.144852761002338043e-01,-4.531307136905430438e-02,-7.523350315767209084e-02,6.288824474416984112e-01,-2.416231348864998629e-02,1.561772816061991920e+00,0.000000000000000000e+00,0.000000000000000000e+00,2.943527693791593847e-01,0.000000000000000000e+00,1.653307992545532734e+00,3.415939172005495461e-01,2.167428571049006061e-02,3.590715796082332573e-02,3.273579619096323445e-01,8.317581545121622427e-03,-7.972152738241988779e-01,-7.619968989446750194e-04,1.494238369329486948e-02,3.105501933072206455e+01,8.871046836773642807e-01,7.775008930371937188e-01,-5.092976949546939441e-02,3.011502880871886126e-02,-1.432402974285805097e+00
8.700000000000000000e+03,1.144852761002338043e-01,-4.293956659313180602e-02,-7.523350315767209084e-02,6.089825944886069209e-01,-3.327343843975924531e-02,1.561772816061991920e+00,0.000000000000000000e+00,0.000000000000000000e+00,2.949656276400008381e-01,0.000000000000000000e+00,1.653307992545532734e+00,3.405965790201517795e-01,2.167428571049006061e-02,3.538299516592786909e-02,3.246947393007290628e-01,7.313501368901588126e-03,-7.972152738241988779e-01,-5.333516846778757524e-04,1.494238369329486948e-02,3.105501933072206455e+01,8.871046836773642807e-01,7.775008930371937188e-01,-5.092976949546939441e-02,3.011502880871886126e-02,-1.432402974285805097e+00
8.800000000000000000e+03,1.149432929384347213e-01,-4.536702106765889975e-02,-7.523350315767209084e-02,6.237304584170839661e-01,-3.453026671840358358e-02,1.567197497260629069e+00,0.000000000000000000e+00,1.035516478513272840e-03,2.594983860382589214e-01,0.000000000000000000e+00,1.653307992545532734e+00,3.405149498765540073e-01,2.167428571049006061e-02,3.590715796082332573e-02,3.257246899206727719e-01,6.775640408371906044e-03,-7.972152738241988779e-01,-5.148763876883274537e-04,1.494238369329486948e-02,3.116533099793256767e+01,8.871046836773642807e-01,7.775008930371937188e-01,-5.092976949546939441e-02,3.011502880871886126e-02,-1.432402974285805097e+00
8.900000000000000000e+03,1.144852761002338043e-01,-4.544362003723050047e-02,-7.523350315767209084e-02,3.667053067059965477e-01,-3.441232905864789748e-02,1.555936213002449442e+00,5.091579824787722652e-04,0.000000000000000000e+00,2.595204101726749646e-01,0.000000000000000000e+00,1.653307992545532734e+00,3.405149498765539517e-01,2.167428571049006408e-02,3.487642842098988977e-02,3.243986716559394412e-01,6.775640408371906911e-03,-7.972152738241988779e-01,-5.443536306119306457e-04,1.497270346633144088e-02,3.113412226977515118e+01,8.870907356776261965e-01,7.800128759619942009e-01,-5.092976949546939441e-02,3.011502880871886126e-02,-1.432402974285805319e+00
9.000000000000000000e+03,1.139241830625745550e-01,-4.531307136905430438e-02,-5.955628669521232516e-02,3.342078737310314462e-01,-3.441232905864789748e-02,1.561772816061991920e+00,0.000000000000000000e+00,0.000000000000000000e+00,2.588579105716201645e-01,0.000000000000000000e+00,1.653307992545532734e+00,3.405149498765540073e-01,2.167428571049006061e-02,2.150038141264440372e-02,3.251981887690188477e-01,6.775640408371906044e-03,-7.972152738241988779e-01,-5.166607579995205219e-04,1.492787880945588633e-02,3.130363471520514551e+01,8.856808839574198400e-01,7.775008930371937188e-01,-5.092976949546939441e-02,2.998708940644337351e-02,-1.432402974285805097e+00
9.100000000000000000e+03,1.144852761002338043e-01,-4.719768807784592568e-02,-5.956487461489600593e-02,3.316162359656704139e-01,-3.441232905864789748e-02,1.561772816061991920e+00,0.000000000000000000e+00,0.000000000000000000e+00,2.594983860382589214e-01,0.000000000000000000e+00,1.658585643562472622e+00,3.405149498765540073e-01,2.167428571049006061e-02,1.972246777197851283e-02,3.257246899206727719e-01,6.440737468176532463e-03,-7.972152738241988779e-01,-3.042199506614486461e-04,1.494238369329486948e-02,3.086023017644250288e+01,8.898288266723072271e-01,7.802302074819876809e-01,-5.092976949546939441e-02,2.992805529346289489e-02,-1.432402974285805097e+00
9.200000000000000000e+03,1.144852761002338043e-01,-6.227462174817927770e-02,-4.607125883939468258e-02,3.342078737310314462e-01,-3.441232905864789748e-02,1.561772816061991920e+00,0.000000000000000000e+00,0.000000000000000000e+00,2.603409892542448145e-01,0.000000000000000000e+00,1.653307992545532734e+00,3.405149498765540073e-01,2.167428571049006061e-02,1.980124482324405188e-02,3.257246899206727719e-01,6.507748692650789854e-03,-1.075171621248746323e+00,-2.775762546744983141e-04,1.494238369329486948e-02,3.086023017644250288e+01,8.856808839574198400e-01,7.775008930371937188e-01,-5.084970860162282835e-02,2.997951981086514547e-02,-1.432402974285805097e+00
9.300000000000000000e+03,1.144852761002338043e-01,-6.227462174817927770e-02,-4.607125883939468258e-02,3.342029426266532877e-01,-3.441232905864789748e-02,1.561772816061991920e+00,0.000000000000000000e+00,0.000000000000000000e+00,2.594983860382589214e-01,0.000000000000000000e+00,1.653307992545532734e+00,3.405149498765540073e-01,2.174049154939349318e-02,1.972246777197851283e-02,3.257246899206727719e-01,4.155631404805890973e-03,-8.327173973877340929e-01,-3.328941497209850957e-04,1.494238369329486948e-02,3.086023017644250288e+01,8.856808839574198400e-01,7.775008930371937188e-01,-5.092976949546939441e-02,3.007805660231656700e-02,-1.432402974285805097e+00
9.400000000000000000e+03,1.144852761002338043e-01,-6.227462174817927770e-02,-4.607125883939468258e-02,3.332944185209961163e-01,-3.441232905864789748e-02,1.561772816061991920e+00,0.000000000000000000e+00,-5.856052940370682410e-04,2.594983860382589214e-01,0.000000000000000000e+00,1.653307992545532734e+00,3.405149498765540073e-01,2.167428571049006061e-02,1.972246777197851283e-02,3.257246899206727719e-01,4.397292867365136873e-03,-6.972140822363640522e-01,-3.328941497209850957e-04,1.494238369329486948e-02,3.083446233393499014e+01,8.856808839574198400e-01,7.775008930371937188e-01,-5.092976949546939441e-02,2.997951981086514547e-02,-1.432402974285805097e+00
9.500000000000000000e+03,1.144004578034487490e-01,-6.227462174817927770e-02,-4.628671978264965736e-02,3.332391344534134658e-01,-3.441232905864789748e-02,1.561772816061991920e+00,0.000000000000000000e+00,1.701769318906916611e-03,2.594983860382589214e-01,0.000000000000000000e+00,1.653307992545532734e+00,3.405149498765540073e-01,2.167428571049006061e-02,1.976187209791050586e-02,3.257246899206727719e-01,5.796391204641195179e-03,-6.961787978523453768e-01,-3.328941497209850957e-04,1.494238369329486948e-02,3.086023017644250288e+01,8.856808839574198400e-01,7.775008930371937188e-01,-5.094892825083821575e-02,3.004153675495532111e-02,-1.436542077868415923e+00
9.600000000000000000e+03,1.144852761002338043e-01,-6.227462174817927770e-02,-4.354696506164190684e-02,3.342078737310314462e-01,-3.441232905864789748e-02,1.561772816061991920e+00,0.000000000000000000e+00,0.000000000000000000e+00,1.392882296012060983e-01,0.000000000000000000e+00,1.653307992545532734e+00,3.405149498765540073e-01,2.167428571049006061e-02,1.981797168706632764e-02,3.254592223199364587e-01,6.083870007786975828e-03,-6.961787978523453768e-01,-3.328941497209850957e-04,1.494238369329486948e-02,3.097715112812701577e+01,8.864490749473622477e-01,7.775008930371937188e-01,-5.092976949546939441e-02,2.997951981086514547e-02,-1.432800019264505842e+00
9.700000000000000000e+03,1.144852761002337904e-01,-6.227462174817927076e-02,-5.852817767347263944e-02,1.535935376790476814e-01,-3.441232905864789055e-02,1.564266580811773943e+00,2.237320075028107098e-03,0.000000000000000000e+00,1.438758907680306176e-01,0.000000000000000000e+00,1.653307992545532734e+00,3.405149498765539517e-01,2.167428571049006408e-02,1.762631980162535431e-02,3.272187472374113448e-01,6.102858295934814048e-03,-6.964507169897887762e-01,-3.328941497209850415e-04,1.658070385849758077e-02,3.086023017644249933e+01,8.856808839574198400e-01,7.775008930371936078e-01,-5.093369830745229920e-02,2.997951981086514894e-02,-1.432800019264505842e+00
9.800000000000000000e+03,1.143052018887329158e-01,-6.227462174817927770e-02,-6.044437928661378079e-02,1.161873810494083448e-01,-3.441232905864789748e-02,1.561772816061991920e+00,0.000000000000000000e+00,0.000000000000000000e+00,1.715065723945703446e-01,0.000000000000000000e+00,1.653307992545532734e+00,3.405149498765540073e-01,2.167428571049006061e-02,1.763291862729541790e-02,3.272119611887373547e-01,6.092469161360053453e-03,-9.953725117918768017e-01,-3.331934252908673216e-04,1.794081871262814473e-02,3.081798259980231336e+01,8.856808839574198400e-01,7.775008930371937188e-01,-5.092976949546939441e-02,2.997951981086514547e-02,-1.434092147948200058e+00
9.900000000000000000e+03,1.144852761002337904e-01,-6.227462174817927076e-02,-7.105421369265198239e-02,1.161873810494083309e-01,-3.441232905864789055e-02,1.561772816061991920e+00,0.000000000000000000e+00,0.000000000000000000e+00,2.200897479623371289e-01,0.000000000000000000e+00,1.653307992545532734e+00,3.405149498765539517e-01,2.167428571049006408e-02,1.763291862729541790e-02,3.257246899206727719e-01,6.083870007786974961e-03,-1.032737736142138152e+00,-3.334590973827545094e-04,1.843428064942593050e-02,3.086023017644249933e+01,8.856808839574198400e-01,7.767652499494741569e-01,-5.092976949546940135e-02,1.464125091754412376e-02,-1.432800019264505842e+00
