-1.000000000000000000e+00,2.183850383047040433e-01,-1.839959811062213957e-01,-1.896754484402125296e-01,6.507444048548194360e-01,-1.593204614070341252e-01,1.568685216497499590e+00,0.000000000000000000e+00,0.000000000000000000e+00,1.399291766652428137e+01,0.000000000000000000e+00,1.655880837749824419e+00,3.405149498765539517e-01,2.167428571049006408e-02,6.295280128697902100e-01,3.257246899206727719e-01,2.932060387322498948e-03,-4.831885447379845044e-01,-2.731657610342820564e-02,1.807553368120799753e-02,5.026190875463115049e+00,8.891184580006368243e-01,7.777329125076675176e-01,-5.092976949546939441e-02,2.908165523437045499e-02,-1.430236105096287957e+00
0.000000000000000000e+00,2.204649483020123535e-01,-1.839959811062213957e-01,-1.927567361858247008e-01,6.498981706239278511e-01,-1.593204614070341252e-01,1.562816076727964854e+00,0.000000000000000000e+00,3.888241572026432478e-03,1.426196898524418799e+01,0.000000000000000000e+00,1.653307992545532734e+00,3.405149498765540073e-01,2.167428571049006061e-02,6.333559060257143436e-01,3.257246899206727719e-01,2.932060387322498948e-03,-4.831885447379845044e-01,-2.735434341857995513e-02,1.782596087253113595e-02,5.026190875463115049e+00,8.891184580006368243e-01,7.734286333262810897e-01,-5.092976949546939441e-02,2.908165523437045499e-02,-1.432402974285805097e+00
1.000000000000000000e+02,2.376689202420969871e-01,-1.839959811062213957e-01,-1.811426516062096537e-01,6.498981706239278511e-01,-1.593204614070341252e-01,1.562816076727964854e+00,0.000000000000000000e+00,0.000000000000000000e+00,1.341973047752790471e+01,0.000000000000000000e+00,1.646062836708615418e+00,3.405855841934148365e-01,2.167428571049006061e-02,8.853521133465226400e-01,3.257246899206727719e-01,2.929877959089896480e-03,-4.822513841169794868e-01,-1.150527513404604046e-02,1.810077138096183660e-02,5.026190875463115049e+00,8.891184580006368243e-01,7.812129068712309055e-01,-5.116499655980064759e-02,2.963626349183294886e-02,-1.432402974285805097e+00
2.000000000000000000e+02,2.126252875429270606e-01,-1.835094616154023806e-01,-1.468270264368559674e-01,6.498981706239278511e-01,-1.593204614070341252e-01,1.562816076727964854e+00,0.000000000000000000e+00,0.000000000000000000e+00,1.341973047752790471e+01,0.000000000000000000e+00,1.653307992545532734e+00,3.405149498765540073e-01,2.167428571049006061e-02,8.806210144940183060e-01,3.257246899206727719e-01,2.932060387322498948e-03,-4.839010481303350208e-01,-8.610297073246040572e-03,1.801966699289273693e-02,4.922083062456594327e+00,8.891184580006368243e-01,7.775008930371937188e-01,-5.073015350734413897e-02,2.908165523437045499e-02,-1.432402974285805097e+00
3.000000000000000000e+02,2.126252875429270606e-01,-1.839959811062213957e-01,-1.326562171215571462e-01,6.513173040616487830e-01,-1.593204614070341252e-01,1.562816076727964854e+00,0.000000000000000000e+00,0.000000000000000000e+00,1.341973047752790471e+01,0.000000000000000000e+00,1.659665264306046550e+00,3.405149498765540073e-01,2.167428571049006061e-02,8.853521133465226400e-01,3.257246899206727719e-01,2.848589253315482201e-03,-4.831885447379845044e-01,-1.138745308331214415e-02,1.810077138096183660e-02,5.502306740447105327e+00,8.891184580006368243e-01,7.754283701540687357e-01,-5.092976949546939441e-02,2.788638558057447356e-02,-1.432402974285805097e+00
4.000000000000000000e+02,2.120338670645580958e-01,-1.839959811062213957e-01,-1.328811192384423412e-01,6.498981706239278511e-01,-1.593204614070341252e-01,1.562816076727965076e+00,0.000000000000000000e+00,0.000000000000000000e+00,1.341973047752790116e+01,0.000000000000000000e+00,1.653307992545532734e+00,3.405149498765538962e-01,2.167428571049006755e-02,8.853521133465225290e-01,3.257246899206727719e-01,2.932060387322498515e-03,-4.834287023721981491e-01,-1.488246833581796484e-02,1.810077138096183660e-02,3.429141737594608941e+00,8.891184580006368243e-01,7.775008930371934968e-01,-5.092976949546940135e-02,2.898445644868548679e-02,-1.432402974285805541e+00
5.000000000000000000e+02,2.126252875429270606e-01,-1.619510099570557748e-01,-1.328811192384423412e-01,3.363482057738600983e-01,-1.593204614070341252e-01,1.562816076727964854e+00,0.000000000000000000e+00,0.000000000000000000e+00,1.341973047752790471e+01,0.000000000000000000e+00,1.653307992545532734e+00,3.405149498765540073e-01,2.167428571049006061e-02,8.853521133465226400e-01,3.257246899206727719e-01,2.932060387322498948e-03,-5.958773277052807904e-01,-1.488246833581796484e-02,1.810077138096183660e-02,3.494410911657114482e+00,8.891184580006368243e-01,7.775008930371937188e-01,-5.092976949546939441e-02,2.908165523437045499e-02,-1.432402974285805097e+00
6.000000000000000000e+02,2.656164431641565016e-01,-1.619510099570557748e-01,-1.328811192384423412e-01,2.891285260237003163e-01,-1.593204614070341252e-01,1.562816076727964854e+00,0.000000000000000000e+00,0.000000000000000000e+00,1.491975653080817210e+01,0.000000000000000000e+00,1.659219037672636121e+00,3.405149498765540073e-01,2.167428571049006061e-02,8.853521133465226400e-01,3.257246899206727719e-01,2.932060387322498948e-03,-6.070757472962492463e-01,-2.780624592122037109e-02,1.810077138096183660e-02,3.481766596253976775e+00,8.891184580006368243e-01,7.775008930371937188e-01,-5.092976949546939441e-02,2.908165523437045499e-02,-1.428622750077800818e+00
7.000000000000000000e+02,2.662273136124986284e-01,-8.869556725200888891e-02,-1.328811192384423412e-01,2.832260660549303366e-01,-1.596480440984244520e-01,1.562816076727965076e+00,0.000000000000000000e+00,0.000000000000000000e+00,1.491975653080817210e+01,0.000000000000000000e+00,1.653307992545532734e+00,3.405149498765539517e-01,2.178529551012075086e-02,8.853521133465225290e-01,3.257246899206727719e-01,2.403832943253532417e-03,-6.062766530465530934e-01,-3.071560182851363133e-02,1.810077138096183660e-02,3.494410911657114926e+00,8.891184580006368243e-01,7.775008930371936078e-01,-5.092976949546940135e-02,3.053069659879358022e-02,-1.432402974285805319e+00
8.000000000000000000e+02,2.648991414513793829e-01,-8.483007462386482622e-02,-1.328811192384423412e-01,2.832260660549303366e-01,-1.593204614070341252e-01,1.560440845456092074e+00,0.000000000000000000e+00,0.000000000000000000e+00,1.491975653080817210e+01,0.000000000000000000e+00,1.653307992545532734e+00,3.405149498765540073e-01,2.167428571049006061e-02,9.142653588352324112e-01,3.257246899206727719e-01,2.403832943253532417e-03,-5.958773277052807904e-01,-3.201965011446767512e-02,1.817737112747834158e-02,3.494410911657114482e+00,8.891184580006368243e-01,7.775008930371937188e-01,-5.092976949546939441e-02,2.908165523437045499e-02,-1.432402974285805097e+00
9.000000000000000000e+02,2.656164431641565016e-01,-8.483007462386482622e-02,-1.328811192384423412e-01,2.832260660549303366e-01,-1.677640192845639977e-01,1.562816076727964854e+00,1.313911551787904780e-05,0.000000000000000000e+00,1.491921224076922314e+01,0.000000000000000000e+00,1.653307992545532734e+00,3.399511814643426666e-01,2.167428571049006061e-02,9.142653588352324112e-01,3.257246899206727719e-01,2.403832943253532417e-03,-5.946453329259181464e-01,-3.071560182851362786e-02,1.810077138096183660e-02,3.494410911657114482e+00,8.891184580006368243e-01,7.775008930371937188e-01,-5.092976949546939441e-02,2.908165523437045499e-02,-1.432402974285805097e+00
1.000000000000000000e+03,2.565225639040853434e-01,-8.500137483181664788e-02,-1.328811192384423412e-01,3.443197181617979052e-01,-9.554098364362138829e-02,1.562816076727964854e+00,0.000000000000000000e+00,0.000000000000000000e+00,1.487313292383038998e+01,0.000000000000000000e+00,1.653307992545532734e+00,3.405149498765540073e-01,2.167428571049006061e-02,9.185955963959552273e-01,3.257246899206727719e-01,2.403832943253532417e-03,-5.958773277052807904e-01,-3.071560182851362786e-02,1.810077138096183660e-02,3.495607663071333526e+00,8.901481741369595690e-01,7.775008930371937188e-01,-5.092976949546939441e-02,2.902637229067862173e-02,-1.432402974285805097e+00
1.100000000000000000e+03,1.835578260670885087e-01,-1.017887952110961280e-01,-1.328811192384423412e-01,3.459736212905294428e-01,-9.537117576943517083e-02,1.562816076727964854e+00,0.000000000000000000e+00,0.000000000000000000e+00,1.491975653080817210e+01,0.000000000000000000e+00,1.653307992545532734e+00,3.391854887629351945e-01,2.167428571049006061e-02,1.207177760495640628e+00,3.257246899206727719e-01,2.403832943253532417e-03,-5.958773277052807904e-01,-3.071560182851362786e-02,1.810077138096183660e-02,3.494410911657114482e+00,8.891184580006368243e-01,7.775008930371937188e-01,-5.092976949546939441e-02,1.750995638980091043e-02,-1.432402974285805097e+00
1.200000000000000000e+03,1.837715298235164108e-01,-1.017887952110961280e-01,-1.328811192384423412e-01,3.459736212905294428e-01,-9.554098364362138829e-02,1.562816076727964854e+00,0.000000000000000000e+00,0.000000000000000000e+00,1.488892737409837785e+01,0.000000000000000000e+00,1.651270220195249827e+00,3.405149498765540073e-01,2.164171846297297669e-02,1.207177760495640628e+00,3.257246899206727719e-01,2.491176771494920360e-03,-5.958773277052807904e-01,-3.071560182851362786e-02,1.810077138096183660e-02,3.494410911657114482e+00,8.891184580006368243e-01,7.775008930371937188e-01,-5.092976949546939441e-02,1.771752412242728197e-02,-1.432402974285805097e+00
1.300000000000000000e+03,1.837715298235164108e-01,-1.017887952110961280e-01,-1.328811192384423412e-01,3.459736212905294428e-01,-9.554098364362138829e-02,1.562816076727964854e+00,0.000000000000000000e+00,0.000000000000000000e+00,1.167694566048284166e+01,0.000000000000000000e+00,1.653307992545532734e+00,3.405149498765540073e-01,2.167428571049006061e-02,1.152680115997555044e+00,3.257246899206727719e-01,2.403832943253532417e-03,-5.986036944966559581e-01,-3.080544779054118776e-02,1.810077138096183660e-02,3.497196603580683405e+00,8.891184580006368243e-01,7.813003868246226613e-01,-5.092976949546939441e-02,1.755281519810765814e-02,-1.432402974285805097e+00
1.400000000000000000e+03,1.838418040584463287e-01,-1.081463319935475481e-01,-1.328811192384423412e-01,2.419599415996626368e-01,-9.554098364362138829e-02,1.567825336157068650e+00,0.000000000000000000e+00,0.000000000000000000e+00,1.167694566048284166e+01,0.000000000000000000e+00,1.653307992545532734e+00,3.405149498765540073e-01,2.167432775191123137e-02,6.373282717801372899e-01,3.257246899206727719e-01,2.403832943253532417e-03,-5.958773277052807904e-01,-3.071560182851362786e-02,1.803594109272390819e-02,3.494410911657114482e+00,8.891184580006368243e-01,7.775008930371937188e-01,-5.092976949546939441e-02,1.755063822444078922e-02,-1.432402974285805097e+00
1.500000000000000000e+03,1.314003824920694230e-01,-1.077227618564771533e-01,-1.319155491631157362e-01,1.187861263841641229e-01,-9.554098364362138829e-02,1.562816076727964854e+00,1.048680873495942646e-03,0.000000000000000000e+00,1.574626089375699678e+01,0.000000000000000000e+00,1.653307992545532734e+00,3.405149498765540073e-01,2.167428571049006061e-02,6.146638707508267352e-01,3.257246899206727719e-01,2.428556409110087504e-03,-5.958773277052807904e-01,-3.071560182851362786e-02,1.810077138096183660e-02,3.507487675196922172e+00,8.891184580006368243e-01,7.775008930371937188e-01,-5.092976949546939441e-02,1.750995638980091043e-02,-1.432402974285805097e+00
1.600000000000000000e+03,1.441716775472309253e-01,-9.104712058157560239e-02,-1.328811192384423412e-01,1.132452278683999392e-01,-9.554098364362138829e-02,1.562816076727964854e+00,0.000000000000000000e+00,3.365090526052896824e-03,1.544165425589296170e+01,0.000000000000000000e+00,1.653307992545532734e+00,3.405149498765540073e-01,2.167428571049006061e-02,6.174450536933783207e-01,3.257246899206727719e-01,1.273040940626637149e-03,-3.358753567893943970e-01,-2.277510043995734437e-02,1.813922845997802472e-02,3.494410911657114482e+00,8.891184580006368243e-01,7.775008930371937188e-01,-5.092976949546939441e-02,1.750995638980091043e-02,-1.432402974285805097e+00
1.700000000000000000e+03,1.441716775472309253e-01,-9.226243458714045165e-02,-1.328811192384423412e-01,1.223512981320034193e-01,-9.562501271247782209e-02,1.562816076727964854e+00,0.000000000000000000e+00,0.000000000000000000e+00,1.544165425589296170e+01,0.000000000000000000e+00,1.653307992545532734e+00,3.402513787729843364e-01,2.167428571049006061e-02,6.152566983220988384e-01,3.257246899206727719e-01,1.243315330187720310e-03,-4.521833102125379367e-01,-2.178253776638781891e-02,1.810077138096183660e-02,3.494410911657114482e+00,8.891184580006368243e-01,7.775008930371937188e-01,-5.092976949546939441e-02,1.744640775370507810e-02,-1.432402974285805097e+00
1.800000000000000000e+03,1.416317822620426492e-01,-9.210732712813508860e-02,-1.328811192384423412e-01,1.187740174916527280e-01,-9.554098364362138829e-02,1.562816076727964854e+00,0.000000000000000000e+00,0.000000000000000000e+00,1.543357345925344326e+01,0.000000000000000000e+00,1.653307992545532734e+00,3.405149498765539517e-01,2.167428571049006408e-02,6.152566983220988384e-01,3.257246899206727719e-01,1.780405473056965440e-03,-4.330879432993301470e-01,-2.177321758457384168e-02,1.810077138096183660e-02,3.494410911657114926e+00,8.891184580006368243e-01,7.775008930371936078e-01,-5.092976949546939441e-02,1.750995638980091043e-02,-1.432402974285805319e+00
1.900000000000000000e+03,1.441716775472309253e-01,-9.226243458714045165e-02,-1.328811192384423412e-01,1.187861263841641229e-01,-9.554098364362138829e-02,1.562816076727964854e+00,0.000000000000000000e+00,0.000000000000000000e+00,1.544165425589296170e+01,0.000000000000000000e+00,1.653307992545532734e+00,3.405149498765540073e-01,2.167428571049006061e-02,7.251578337994759593e-01,3.257246899206727719e-01,1.780405473056965440e-03,-4.521833102125379367e-01,-2.461169715249070244e-02,1.810077138096183660e-02,3.494410911657114482e+00,8.921985533710936611e-01,7.775008930371937188e-01,-5.092976949546939441e-02,1.234054664240973043e-02,-1.432402974285805097e+00
2.000000000000000000e+03,1.441716775472309253e-01,-9.226243458714045165e-02,-1.328811192384423412e-01,1.187861263841641229e-01,-9.092924016804881937e-02,1.562816076727964854e+00,0.000000000000000000e+00,0.000000000000000000e+00,1.544165425589296170e+01,0.000000000000000000e+00,1.653990022211764943e+00,3.405149498765539517e-01,2.167428571049006408e-02,7.388954757341485990e-01,3.257246899206727719e-01,1.780405473056965440e-03,-4.521833102125379367e-01,-2.507947612828365785e-02,2.320043387282479455e-02,2.874327734027133818e+00,8.891184580006368243e-01,7.775008930371936078e-01,-5.092976949546939441e-02,1.234054664240973043e-02,-1.432402974285805319e+00
2.100000000000000000e+03,1.441716775472309253e-01,-9.226243458714045165e-02,-1.328811192384423412e-01,1.187861263841641229e-01,-1.136959409559210737e-01,1.562816076727964854e+00,0.000000000000000000e+00,2.537956052280685272e-04,1.547129878442197715e+01,1.456913497012986541e-03,1.653307992545532734e+00,3.405149498765540073e-01,2.167428571049006061e-02,7.238383674128051615e-01,3.257246899206727719e-01,1.780405473056965440e-03,-4.521833102125379367e-01,-2.496534207575354380e-02,2.384521878558905697e-02,1.554755365083069441e+00,8.891184580006368243e-01,7.769735690687160634e-01,-5.092976949546939441e-02,1.234054664240973043e-02,-1.432402974285805097e+00
2.200000000000000000e+03,1.441716775472309253e-01,-9.226243458714045165e-02,-1.323455128089905120e-01,1.188958438293151454e-01,-1.136959409559210737e-01,1.562816076727964854e+00,0.000000000000000000e+00,0.000000000000000000e+00,8.269577501437121114e+00,7.869552656890767403e-04,1.660454629632187595e+00,3.408255476463780687e-01,2.167428571049006061e-02,7.388954757341487101e-01,3.257246899206727719e-01,1.863808239910721932e-03,-3.337363333478805538e-01,-2.497383499815112803e-02,2.333592821297928582e-02,1.472557020191433974e+00,8.891184580006368243e-01,7.775008930371937188e-01,-5.092976949546939441e-02,1.234054664240973043e-02,-1.432402974285805097e+00
2.300000000000000000e+03,1.441716775472309253e-01,-7.271778732679680390e-02,-1.330553033594041867e-01,9.582077175431071014e-02,-1.136959409559210737e-01,1.562816076727964854e+00,0.000000000000000000e+00,0.000000000000000000e+00,9.638082652659621274e+00,0.000000000000000000e+00,1.653307992545532734e+00,3.405149498765540073e-01,2.167428571049006061e-02,7.388954757341487101e-01,3.257246899206727719e-01,1.773311576125444515e-03,-3.338875668786759343e-01,-2.496534207575354380e-02,2.369999312109047698e-02,1.472557020191433974e+00,8.878450585011929963e-01,7.775008930371937188e-01,-5.092976949546939441e-02,1.233113412280767429e-02,-1.432402974285805097e+00
2.400000000000000000e+03,1.441716775472309253e-01,-7.271778732679681778e-02,-1.328811192384423412e-01,9.289641667917537815e-02,-1.136959409559210737e-01,1.562816076727964854e+00,0.000000000000000000e+00,4.481189516260406175e-04,4.734869223447690345e+00,0.000000000000000000e+00,1.653307992545532734e+00,3.405149498765539517e-01,2.167428571049006408e-02,7.388954757341485990e-01,3.257246899206727719e-01,1.780405473056965440e-03,-3.324384186841274347e-01,-3.675363749095504617e-02,2.384521878558906044e-02,1.472557020191433974e+00,8.891184580006368243e-01,7.775008930371936078e-01,-5.089239570218504621e-02,1.234054664240973043e-02,-1.432402974285805319e+00
2.500000000000000000e+03,1.441716775472309253e-01,-4.833122757658773333e-02,-1.328811192384423412e-01,9.289641667917539203e-02,-1.136959409559210737e-01,1.562816076727964854e+00,0.000000000000000000e+00,0.000000000000000000e+00,2.835262512722119155e+00,0.000000000000000000e+00,1.652229502373969927e+00,3.405149498765540073e-01,2.167428571049006061e-02,1.181409229873193301e+00,3.257246899206727719e-01,1.155567744315161944e-03,-3.324790013347251327e-01,-3.701974801688218131e-02,2.384521878558905697e-02,1.475802321089717983e+00,8.891184580006368243e-01,7.761533152227306775e-01,-5.108800527178906231e-02,1.228790531130266594e-02,-1.432402974285805097e+00
2.600000000000000000e+03,1.439710363790186742e-01,-4.851873831538028314e-02,-1.330357668921739733e-01,9.289641667917539203e-02,-1.136959409559210737e-01,1.562816076727964854e+00,0.000000000000000000e+00,0.000000000000000000e+00,2.835262512722119155e+00,0.000000000000000000e+00,1.653307992545532734e+00,3.405149498765540073e-01,2.167428571049006061e-02,7.262590105191241152e-01,3.257246899206727719e-01,1.151787606644624979e-03,-3.338875668786759343e-01,-3.675363749095505311e-02,2.384521878558905697e-02,1.478635874956129692e+00,8.880300326789964949e-01,7.775008930371937188e-01,-5.092976949546939441e-02,1.234054664240973043e-02,-1.432402974285805097e+00
2.700000000000000000e+03,1.440823625589324197e-01,-4.851873831538028314e-02,-1.328811192384423412e-01,7.838511812803704293e-02,-1.136959409559210737e-01,1.562816076727964854e+00,0.000000000000000000e+00,0.000000000000000000e+00,1.962037351849806210e+00,0.000000000000000000e+00,1.653307992545532734e+00,3.408963888672021381e-01,2.167428571049006408e-02,7.262590105191241152e-01,3.257246899206727719e-01,1.243547447627292015e-03,-3.338875668786759898e-01,-3.675363749095504617e-02,2.384521878558906044e-02,1.472557020191433974e+00,8.880300326789964949e-01,7.775008930371936078e-01,-5.092976949546939441e-02,1.748996740823567653e-02,-1.432402974285805319e+00
2.800000000000000000e+03,1.440684380203952619e-01,-4.874073941009700317e-02,-1.802436477019891958e-01,9.382260174799596231e-02,-8.421238776107312085e-02,1.558288516542341906e+00,0.000000000000000000e+00,0.000000000000000000e+00,1.350714854646490659e+00,0.000000000000000000e+00,1.653307992545532734e+00,3.405149498765539517e-01,2.167428571049006408e-02,7.262590105191241152e-01,3.257246899206727719e-01,9.855583666954490559e-04,-3.338875668786759898e-01,-3.675363749095504617e-02,2.384521878558906044e-02,1.468898293554361523e+00,8.880300326789964949e-01,7.775008930371936078e-01,-5.097311093650948310e-02,1.748996740823567653e-02,-1.434193983518492921e+00
2.900000000000000000e+03,1.441716775472309253e-01,-4.851873831538028314e-02,-1.862320133697940028e-01,9.587689048233202782e-02,-8.048458218471304937e-02,1.562816076727964854e+00,0.000000000000000000e+00,0.000000000000000000e+00,1.271294526740778252e+00,2.007954682364461972e-03,1.653307992545532734e+00,3.405149498765540073e-01,2.174327292045046336e-02,9.771779822060708831e-01,3.243584400523857880e-01,1.063626929463656673e-03,-3.348747444948984020e-01,-4.738994309505565466e-02,2.507213098037297874e-02,1.472557020191433974e+00,8.880300326789964949e-01,7.775008930371937188e-01,-5.092976949546939441e-02,1.721611231148883689e-02,-1.432402974285805097e+00
3.000000000000000000e+03,1.441716775472309253e-01,-4.851873831538028314e-02,-1.863206833801533679e-01,9.600644888090491269e-02,-8.048458218471304937e-02,1.562816076727964854e+00,0.000000000000000000e+00,0.000000000000000000e+00,1.271294526740778252e+00,0.000000000000000000e+00,1.653307992545532734e+00,3.405149498765540073e-01,2.172706053371487728e-02,1.008542853666938521e+00,3.257246899206727719e-01,9.855583666954490559e-04,-3.338875668786759343e-01,-4.635737673537399656e-02,2.494608819555850510e-02,1.472557020191433974e+00,8.842406801684866702e-01,7.775008930371937188e-01,-5.092976949546939441e-02,1.723112432181352072e-02,-1.432402974285805097e+00
3.100000000000000000e+03,1.434746752277026582e-01,-6.777433375601857324e-02,-2.150805433456012550e-01,9.600644888090491269e-02,-8.048458218471304937e-02,1.562390766482453675e+00,0.000000000000000000e+00,0.000000000000000000e+00,9.817546457019213912e-01,0.000000000000000000e+00,1.653307992545532734e+00,3.420307536730612941e-01,2.167428571049006061e-02,1.008542853666938521e+00,3.254054744848740022e-01,9.855583666954490559e-04,-3.338875668786759343e-01,-4.631467557718208644e-02,2.507213098037297874e-02,1.399185818480608079e+00,8.873784828229726029e-01,7.775008930371937188e-01,-5.092976949546939441e-02,1.715682677030328299e-02,-1.430993679074205938e+00
3.200000000000000000e+03,1.441716775472309253e-01,-7.018128318609838379e-02,-2.150805433456012827e-01,1.340020270173889194e-01,-8.048458218471304937e-02,1.562816076727964854e+00,0.000000000000000000e+00,0.000000000000000000e+00,9.659907624424719508e-01,0.000000000000000000e+00,1.653307992545532734e+00,3.405149498765539517e-01,2.167428571049006408e-02,1.003449221536374170e+00,3.257246899206727719e-01,1.308173369919468469e-03,-3.213434043676164364e-01,-4.635737673537399656e-02,3.299042401748638470e-02,1.503449928776439792e+00,8.873784828229726029e-01,7.775008930371936078e-01,-5.092976949546939441e-02,1.715682677030328299e-02,-1.432402974285805319e+00
3.300000000000000000e+03,1.441716775472309253e-01,-7.018128318609838379e-02,-2.150805433456012550e-01,1.377910496141588059e-01,-7.375208371518193751e-02,1.562816076727964854e+00,0.000000000000000000e+00,0.000000000000000000e+00,9.799604114609895555e-01,0.000000000000000000e+00,1.655493827623314207e+00,3.405149498765540073e-01,2.167428571049006061e-02,1.008542853666938521e+00,3.257246899206727719e-01,2.801360565935137863e-03,-3.338875668786759343e-01,-4.659136254610041911e-02,2.638057618518806213e-02,1.717061688320888235e+00,8.873784828229726029e-01,7.775008930371937188e-01,-5.092976949546939441e-02,1.273541068174195538e-02,-1.427611408481175070e+00
3.400000000000000000e+03,1.441716775472309253e-01,-1.030321756111612919e-01,-1.302667134441009289e-01,1.371111491976172159e-01,-7.405374166085378074e-02,1.562816076727964854e+00,0.000000000000000000e+00,0.000000000000000000e+00,9.699451427506833312e-01,0.000000000000000000e+00,1.660549735637117053e+00,3.405149498765539517e-01,2.167428571049006408e-02,1.008542853666938521e+00,3.257246899206727719e-01,2.790179905508533009e-03,-3.338875668786759898e-01,-3.080331429039388780e-02,2.638057618518806213e-02,2.477967051455386649e+00,8.873784828229726029e-01,7.775008930371936078e-01,-5.092976949546939441e-02,1.266867953047432979e-02,-1.432402974285805319e+00
3.500000000000000000e+03,1.441716775472309253e-01,-1.437437013860398127e-01,-1.302667134441009289e-01,1.374151561351412421e-01,-7.394038685744423745e-02,1.562816076727964854e+00,0.000000000000000000e+00,0.000000000000000000e+00,9.700463070810905197e-01,0.000000000000000000e+00,1.653307992545532734e+00,3.405149498765540073e-01,2.167428571049006061e-02,1.003617574835635073e+00,3.257246899206727719e-01,3.918846735633023382e-03,-3.258859705404359430e-01,-3.094368899619726748e-02,2.686608902236611515e-02,2.478434308163461441e+00,8.842508856933439798e-01,7.775008930371937188e-01,-5.097310600872131253e-02,1.273541068174195538e-02,-1.432402974285805097e+00
3.600000000000000000e+03,9.990842293418701614e-02,-1.486477186951610796e-01,-1.298518400236134407e-01,1.374151561351412421e-01,-7.405374166085378074e-02,1.562816076727964854e+00,0.000000000000000000e+00,0.000000000000000000e+00,9.703644855247729462e-01,0.000000000000000000e+00,1.653307992545532734e+00,3.405149498765540073e-01,2.167428571049006061e-02,1.008542853666938521e+00,3.270651301510385522e-01,4.194944295603365500e-03,-2.372714078125744974e-01,-3.094368899619726748e-02,2.638057618518806213e-02,2.477922678318517313e+00,8.873784828229726029e-01,7.786000285816333522e-01,-5.092976949546939441e-02,1.274654112087228106e-02,-1.432402974285805097e+00
3.700000000000000000e+03,9.990842293418704390e-02,-1.486477186951610796e-01,-1.302667134441009289e-01,1.374151561351412421e-01,-7.405374166085378074e-02,1.562816076727965076e+00,0.000000000000000000e+00,0.000000000000000000e+00,9.310882748609689008e-01,0.000000000000000000e+00,1.653307992545532734e+00,3.405149498765538962e-01,2.167428571049006755e-02,7.990377956476396593e-01,3.257246899206727719e-01,2.584858356599300643e-03,-2.374157949302070636e-01,-3.094368899619727095e-02,2.638057618518806213e-02,2.484019036397022262e+00,8.873784828229727140e-01,7.775008930371934968e-01,-5.092976949546940135e-02,1.273541068174195712e-02,-1.432402974285805541e+00
3.800000000000000000e+03,9.990842293418701614e-02,-1.486477186951610796e-01,-1.302667134441009289e-01,1.374151561351412421e-01,-8.251919134916610443e-02,1.562816076727964854e+00,0.000000000000000000e+00,0.000000000000000000e+00,9.310882748609689008e-01,0.000000000000000000e+00,1.655988474828848922e+00,3.405149498765540073e-01,2.167428571049006061e-02,7.236059270791747045e-01,3.257246899206727719e-01,2.580901299902964470e-03,-2.374157949302070914e-01,-3.094368899619726748e-02,2.638057618518806213e-02,2.971614649330211577e+00,8.900453811993859210e-01,7.775008930371937188e-01,-5.073134169353363948e-02,1.274167029454252240e-02,-1.432402974285805097e+00
3.900000000000000000e+03,9.990842293418703002e-02,-1.485764966988474267e-01,-1.302667134441009289e-01,1.386701141000042659e-01,-8.251919134916611831e-02,1.561895145049388089e+00,0.000000000000000000e+00,0.000000000000000000e+00,9.310882748609689008e-01,0.000000000000000000e+00,1.657180445243227718e+00,3.405149498765539517e-01,2.163795224594517244e-02,7.280258395832283069e-01,3.266793760140965230e-01,2.584858356599300643e-03,-2.368334179937330308e-01,-3.109995312843992499e-02,2.638057618518806213e-02,2.958565221032798842e+00,8.905879309627656726e-01,7.775008930371936078e-01,-5.092976949546939441e-02,1.290524686204483698e-02,-1.432402974285805319e+00
4.000000000000000000e+03,9.990842293418701614e-02,-1.486477186951610796e-01,-1.302667134441009289e-01,1.393612016012776844e-01,-8.251919134916610443e-02,1.561895145049388089e+00,0.000000000000000000e+00,0.000000000000000000e+00,9.307342039073911444e-01,0.000000000000000000e+00,1.653307992545532734e+00,3.405149498765540073e-01,2.167428571049006061e-02,7.176974685648734864e-01,3.257246899206727719e-01,2.573896142049848009e-03,-2.374157949302070914e-01,-3.094368899619726748e-02,2.638057618518806213e-02,1.687469628338581940e+00,8.873784828229726029e-01,7.775008930371937188e-01,-5.092976949546939441e-02,1.290524686204483525e-02,-1.425896192341005841e+00
4.100000000000000000e+03,9.990842293418701614e-02,-1.486477186951610796e-01,-1.302667134441009289e-01,1.155837366412825612e-01,-8.528351220843299885e-02,1.561895145049388089e+00,4.507048423487705451e-03,0.000000000000000000e+00,8.086965416736356937e-01,0.000000000000000000e+00,1.653307992545532734e+00,3.405149498765540073e-01,2.165489642216206906e-02,7.180927507262330201e-01,3.257246899206727719e-01,2.699689627497488774e-03,-2.372355857565298098e-01,-3.089922461605979290e-02,2.638057618518806213e-02,2.390410646828568630e+00,8.873784828229726029e-01,7.775008930371937188e-01,-5.092976949546939441e-02,1.022244948464168940e-02,-1.432402974285805097e+00
4.200000000000000000e+03,9.990842293418701614e-02,-1.481781083741859351e-01,-1.302667134441009289e-01,1.124462967866304841e-01,-8.562905231584140575e-02,1.561895145049388089e+00,0.000000000000000000e+00,0.000000000000000000e+00,7.937504836726243518e-01,0.000000000000000000e+00,1.646150917161903537e+00,3.405149498765540073e-01,2.167428571049006061e-02,7.164469787366282150e-01,3.257246899206727719e-01,2.454302532464366221e-03,-2.362987786092483888e-01,-3.094368899619726748e-02,2.771612008900983457e-02,2.390410646828568630e+00,8.873784828229726029e-01,7.741661545499408659e-01,-5.092976949546939441e-02,7.041688641299397207e-03,-1.432402974285805097e+00
4.300000000000000000e+03,9.990842293418701614e-02,-1.738181443101862733e-01,-1.302667134441009289e-01,1.124462967866304841e-01,-8.548654713957914986e-02,1.561895145049388089e+00,0.000000000000000000e+00,0.000000000000000000e+00,7.941287153656946263e-01,0.000000000000000000e+00,1.653307992545532734e+00,3.405149498765540073e-01,2.159588400956686388e-02,7.128592468426360185e-01,3.257246899206727719e-01,2.584858356599300210e-03,-3.551604791189693633e-01,-3.094368899619726748e-02,2.638057618518806213e-02,2.390410646828568630e+00,8.873784828229726029e-01,7.775008930371937188e-01,-5.092976949546939441e-02,6.603354695539843250e-03,-1.432402974285805097e+00
4.400000000000000000e+03,6.061122951472762421e-02,-1.760062006919326794e-01,-1.324003593578388649e-01,1.122342617022692723e-01,-8.582108359435029754e-02,1.561895145049388089e+00,0.000000000000000000e+00,0.000000000000000000e+00,7.893715443502722362e-01,3.857525589549175207e-03,1.653307992545532734e+00,3.405149498765540073e-01,2.167428571049006061e-02,7.215541990971707786e-01,3.257246899206727719e-01,2.584858356599300210e-03,-3.692414391007506347e-01,-1.781030415060530156e-02,2.645994199241858899e-02,2.390410646828568630e+00,8.874394980825474066e-01,7.778861107991706936e-01,-5.092976949546939441e-02,6.603354695539843250e-03,-1.432402974285805097e+00
4.500000000000000000e+03,6.061122951472762421e-02,-1.769644475120641935e-01,-1.249658010628777877e-01,7.434831150783875742e-02,-5.936616462520501181e-02,1.561895145049388089e+00,0.000000000000000000e+00,0.000000000000000000e+00,8.446460976908749529e-01,3.147679821163240285e-03,1.653307992545532734e+00,3.405149498765540073e-01,2.167428571049006061e-02,6.870152731353424969e-01,3.257246899206727719e-01,2.584858356599300210e-03,-2.607410387893305814e-01,-1.539376249750852056e-02,2.638057618518806213e-02,2.381586101288551305e+00,8.873784828229726029e-01,7.775008930371937188e-01,-5.092976949546939441e-02,7.370910504875491723e-03,-1.432402974285805097e+00
4.600000000000000000e+03,9.079638000106346474e-02,-1.769644475120641935e-01,-1.249658010628777877e-01,7.726621625885067568e-02,-7.890437881501366491e-02,1.561994984984768742e+00,0.000000000000000000e+00,0.000000000000000000e+00,8.446460976908749529e-01,4.529646394964313878e-03,1.653307992545532734e+00,3.405149498765540073e-01,2.167428571049006061e-02,6.885882920045636180e-01,3.257246899206727719e-01,2.584858356599300210e-03,-2.605925437832103397e-01,-1.655013241745998537e-02,2.628412815146894538e-02,3.005149173421618691e+00,8.873784828229726029e-01,7.775008930371937188e-01,-5.092976949546939441e-02,7.336319217090884331e-03,-1.432402974285805097e+00
4.700000000000000000e+03,9.425608176858606135e-02,-1.080925082825973799e-01,-1.107183557334827512e-01,1.131652934528215998e-01,-7.890437881501366491e-02,1.561895145049388089e+00,0.000000000000000000e+00,0.000000000000000000e+00,8.698335988072226632e-01,0.000000000000000000e+00,1.653307992545532734e+00,3.405149498765540073e-01,2.172678764845840590e-02,6.870152731353424969e-01,3.260268932215912296e-01,2.584858356599300210e-03,-1.798623558466906358e-01,-1.677206486615644143e-02,2.638057618518806213e-02,3.144710167273455870e+00,8.873784828229726029e-01,7.775008930371937188e-01,-5.092976949546939441e-02,4.729767047117985901e-03,-1.432402974285805097e+00
4.800000000000000000e+03,9.425608176858606135e-02,-1.080925082825973799e-01,-1.110064008889625059e-01,1.131652934528215998e-01,-7.890437881501366491e-02,1.561895145049388089e+00,0.000000000000000000e+00,0.000000000000000000e+00,8.686221558504937379e-01,3.591468357730147592e-03,1.655624152673294436e+00,3.405149498765540073e-01,2.167428571049006061e-02,6.870152731353424969e-01,3.257246899206727719e-01,2.584858356599300210e-03,-1.697525204788606079e-01,-1.317548042610748940e-02,2.638057618518806213e-02,3.005149173421618691e+00,8.871575791771665331e-01,7.775008930371937188e-01,-5.092976949546939441e-02,4.729767047117985901e-03,-1.432402974285805097e+00
4.900000000000000000e+03,9.425608176858606135e-02,-1.076250482685830595e-01,-7.635290814948868243e-02,1.135507147625553909e-01,-1.140318784961007470e-01,1.568029272470529145e+00,0.000000000000000000e+00,0.000000000000000000e+00,9.655322406574797789e-01,0.000000000000000000e+00,1.653307992545532734e+00,3.405149498765539517e-01,2.167428571049006408e-02,6.510478884174066838e-01,3.257246899206727719e-01,2.391453717982550565e-03,-1.694663548997811520e-01,-9.671897546306505722e-03,2.638057618518806213e-02,3.058915039384094037e+00,8.873784828229726029e-01,7.775008930371936078e-01,-5.092976949546939441e-02,2.768749089676538801e-03,-1.432402974285805319e+00
5.000000000000000000e+03,9.403199591420385861e-02,-9.579547814480163237e-02,-7.635290814948868243e-02,1.131652934528215998e-01,-1.136287488513676586e-01,1.557248757066064027e+00,0.000000000000000000e+00,0.000000000000000000e+00,5.547486849047854607e-01,2.493547162950152975e-03,1.653307992545532734e+00,3.405149498765540073e-01,2.167428571049006061e-02,6.870152731353424969e-01,3.257246899206727719e-01,2.391453717982550565e-03,-1.697525204788606079e-01,-9.389456661860711220e-03,2.638057618518806213e-02,3.005149173421618691e+00,8.873784828229726029e-01,7.775008930371937188e-01,-5.092308782776528570e-02,2.515739436165058841e-03,-1.432402974285805097e+00
5.100000000000000000e+03,9.425608176858606135e-02,-8.476312035279315316e-02,-7.635290814948868243e-02,1.127108628771844451e-01,-6.571542235792728059e-02,1.561895145049388089e+00,0.000000000000000000e+00,0.000000000000000000e+00,5.547486849047854607e-01,0.000000000000000000e+00,1.653307992545532734e+00,3.405149498765540073e-01,2.167428571049006061e-02,6.820731819914498395e-01,3.257246899206727719e-01,2.391453717982550565e-03,-1.697525204788606079e-01,-9.013910743505805512e-03,2.638057618518806213e-02,3.005149173421618691e+00,8.873784828229726029e-01,7.775008930371937188e-01,-5.092308782776528570e-02,2.423056765040441842e-03,-1.432402974285805097e+00
5.200000000000000000e+03,9.425608176858606135e-02,-8.476312035279315316e-02,-7.635290814948868243e-02,1.131207216963982520e-01,-6.571542235792728059e-02,1.561895145049388089e+00,0.000000000000000000e+00,4.772044540663072064e-03,5.547486849047854607e-01,0.000000000000000000e+00,1.653307992545532734e+00,3.405149498765540073e-01,2.167428571049006061e-02,6.870152731353424969e-01,3.253336052575572790e-01,2.731285002222325151e-03,-1.692402221825191622e-01,-9.434972683733175783e-03,2.638057618518806213e-02,4.488742730369385647e+00,8.873784828229726029e-01,7.775008930371937188e-01,-5.092308782776528570e-02,2.515739436165058841e-03,-1.432175742984890698e+00
5.300000000000000000e+03,4.451249989861407602e-02,-8.476312035279315316e-02,-7.921900594479880375e-02,1.131652934528215998e-01,-6.571542235792728059e-02,1.561895145049388089e+00,0.000000000000000000e+00,0.000000000000000000e+00,5.547486849047854607e-01,0.000000000000000000e+00,1.653307992545532734e+00,3.405149498765539517e-01,2.167428571049006408e-02,7.058350054429838316e-01,3.257246899206727719e-01,2.731285002222325585e-03,-1.701237015116555396e-01,-9.399927178593153049e-03,2.642310185387899621e-02,4.488742730369385647e+00,8.873784828229726029e-01,7.775008930371936078e-01,-5.092308782776528570e-02,2.515739436165058841e-03,-1.432402974285805319e+00
5.400000000000000000e+03,6.296429187548660544e-02,-8.117955292037705439e-02,-7.635290814948868243e-02,1.185203450661274360e-01,-6.552561649871789518e-02,1.561895145049388089e+00,0.000000000000000000e+00,0.000000000000000000e+00,5.547486849047854607e-01,0.000000000000000000e+00,1.653307992545532734e+00,3.405149498765539517e-01,2.167428571049006408e-02,6.879622967377051479e-01,3.257246899206727719e-01,1.892312186729525232e-03,-1.854876528192190566e-01,-9.984462989623049678e-03,2.638057618518806213e-02,4.488742730369385647e+00,8.873784828229726029e-01,7.741015821771967120e-01,-5.092308782776528570e-02,3.384983722256627598e-03,-1.429290005771208127e+00
5.500000000000000000e+03,5.103873676399323794e-02,-8.476312035279315316e-02,-7.635290814948868243e-02,1.251268051578464657e-01,-6.571542235792728059e-02,1.561895145049388089e+00,3.728747329580478064e-03,0.000000000000000000e+00,3.322315846601497369e-01,0.000000000000000000e+00,1.653307992545532734e+00,3.405149498765540073e-01,2.167428571049006061e-02,9.041405505948901800e-01,3.257246899206727719e-01,1.632116549570302973e-03,-1.309896523100957388e-01,-5.415359135212295151e-03,2.638057618518806213e-02,4.548675212908105614e+00,8.873784828229726029e-01,7.775008930371937188e-01,-5.092308782776528570e-02,4.629954975869724799e-03,-1.432402974285805097e+00
5.600000000000000000e+03,5.122689646432687649e-02,-8.476312035279315316e-02,-7.635290814948868243e-02,1.266219941209745237e-01,-6.571542235792728059e-02,1.561895145049388089e+00,0.000000000000000000e+00,0.000000000000000000e+00,3.322315846601497369e-01,0.000000000000000000e+00,1.660703799368917544e+00,3.407585650980865521e-01,2.167428571049006061e-02,9.039421022631463076e-01,3.246792559042470105e-01,1.677558848975067114e-03,-1.261442937890001337e-01,-6.401813938476816346e-03,2.229577014622100700e-02,1.360021169513458084e+00,8.832578842177244427e-01,7.824448697226195071e-01,-5.092308782776528570e-02,4.629954975869724799e-03,-1.432402974285805097e+00
5.700000000000000000e+03,5.122689646432687649e-02,-8.476312035279315316e-02,-7.635290814948868243e-02,1.199993626496618088e-01,-5.216066606578653037e-02,1.561895145049388089e+00,4.911788247104905379e-03,0.000000000000000000e+00,3.149713566704887557e-01,0.000000000000000000e+00,1.653307992545532734e+00,3.405149498765540073e-01,2.161011319644382325e-02,8.890885913901176441e-01,3.257246899206727719e-01,1.584622915555609999e-03,-1.264102568862880138e-01,-6.244171552364942597e-03,2.229577014622100700e-02,1.360021169513458084e+00,8.873784828229726029e-01,7.739867379464605568e-01,-5.092308782776528570e-02,4.559911990133430799e-03,-1.432402974285805097e+00
5.800000000000000000e+03,3.912406706370198661e-02,-8.476312035279315316e-02,-7.635290814948868243e-02,1.250003698328978896e-01,-5.179811836064231179e-02,1.561895145049388089e+00,0.000000000000000000e+00,0.000000000000000000e+00,3.322315846601497369e-01,0.000000000000000000e+00,1.653307992545532734e+00,3.405149498765539517e-01,2.178383746781406907e-02,6.579479472904224968e-01,3.257246899206727719e-01,1.497487080209106971e-03,-1.263309744421342307e-01,-6.250902036108352440e-03,2.279004292096172002e-02,1.360021169513458084e+00,8.873784828229726029e-01,7.775008930371936078e-01,-5.092308782776528570e-02,4.886526093767132491e-03,-1.432402974285805319e+00
5.900000000000000000e+03,3.854305651828979912e-02,-8.476312035279315316e-02,-7.597985385405783831e-02,1.275905345299958304e-01,-5.179811836064231179e-02,1.561895145049388089e+00,0.000000000000000000e+00,0.000000000000000000e+00,3.319481560665882292e-01,0.000000000000000000e+00,1.653307992545532734e+00,3.405149498765539517e-01,2.167428571049006408e-02,6.759082701186386322e-01,3.257246899206727719e-01,1.572521730641912542e-03,-1.261442937890001337e-01,-6.234534778223652096e-03,2.231964481839923686e-02,9.891592667111704928e-01,8.873784828229726029e-01,7.775008930371936078e-01,-5.092308782776528570e-02,4.629954975869724799e-03,-1.432402974285805319e+00
6.000000000000000000e+03,5.261392673656361402e-02,-1.044808817596737105e-01,-7.624531794381515792e-02,1.268336996406229378e-01,-5.185995771598379822e-02,1.565833857763728520e+00,0.000000000000000000e+00,0.000000000000000000e+00,3.322315846601497369e-01,0.000000000000000000e+00,1.653307992545532734e+00,3.405149498765540073e-01,2.167428571049006061e-02,6.782895723564968948e-01,3.257246899206727719e-01,1.572521730641912325e-03,-1.261442937890001337e-01,-6.250902036108352440e-03,2.229577014622100700e-02,9.846105462183961654e-01,8.873784828229726029e-01,7.775008930371937188e-01,-5.092308782776528570e-02,5.130327360001078058e-03,-1.432402974285805097e+00
6.100000000000000000e+03,5.261392673656360708e-02,-1.044808817596737105e-01,-1.095400420568269501e-01,1.266219941209745237e-01,-5.179811836064231179e-02,1.561895145049388089e+00,0.000000000000000000e+00,0.000000000000000000e+00,3.332690008814568339e-01,0.000000000000000000e+00,1.653307992545532734e+00,3.405149498765539517e-01,2.167428571049006408e-02,7.802692694663718731e-01,3.254618218510807459e-01,1.572521730641912542e-03,-8.079993627618579921e-02,-6.250902036108352440e-03,2.229577014622100353e-02,9.891592667111704928e-01,8.873784828229726029e-01,7.775008930371936078e-01,-5.092308782776528570e-02,4.564863614835133927e-03,-1.432402974285805319e+00
6.200000000000000000e+03,4.321907675847867086e-02,-1.044808817596737105e-01,-1.095400420568269362e-01,1.224351590175256771e-01,-5.179811836064230485e-02,1.561895145049388089e+00,0.000000000000000000e+00,0.000000000000000000e+00,2.714666191343697577e-01,0.000000000000000000e+00,1.653307992545532734e+00,3.405091298445655501e-01,2.167428571049006061e-02,7.802692694663718731e-01,3.257246899206727719e-01,1.572521730641912325e-03,-8.109900740174875999e-02,-6.250902036108352440e-03,2.229577014622100700e-02,1.159182267591854165e+00,8.873784828229726029e-01,7.775008930371937188e-01,-5.092308782776528570e-02,4.493368198779669129e-03,-1.432402974285805097e+00
6.300000000000000000e+03,4.321907675847867086e-02,-1.044808817596737105e-01,-1.095400420568269362e-01,1.229808104137334740e-01,-5.195963021435825308e-02,1.561895145049388089e+00,0.000000000000000000e+00,0.000000000000000000e+00,1.495827650568606892e-01,0.000000000000000000e+00,1.646679273298916391e+00,3.405149498765540073e-01,2.167428571049006061e-02,7.802692694663718731e-01,3.257246899206727719e-01,1.572635100454877451e-03,-8.089360037869691711e-02,-6.250902036108352440e-03,2.229577014622100700e-02,1.157808973052002255e+00,8.873784828229726029e-01,7.772389579571340468e-01,-5.092308782776528570e-02,3.724219751040497989e-03,-1.426501888184444233e+00
6.400000000000000000e+03,4.321907675847867086e-02,-1.044808817596737105e-01,-1.100631056340426739e-01,1.244050863540545199e-01,-5.617843226406024626e-02,1.555136944873463101e+00,0.000000000000000000e+00,0.000000000000000000e+00,1.498403612749437674e-01,0.000000000000000000e+00,1.653307992545532734e+00,3.405149498765540073e-01,2.167428571049006061e-02,7.802692694663718731e-01,3.257246899206727719e-01,1.572521730641912325e-03,-8.109900740174875999e-02,-5.972462281631001069e-03,2.229577014622100700e-02,1.173058509616990319e+00,8.873784828229726029e-01,7.775008930371937188e-01,-5.092308782776528570e-02,5.113700518423611868e-03,-1.432402974285805097e+00
6.500000000000000000e+03,4.413531912255880263e-02,-1.044808817596737105e-01,-1.095400420568269362e-01,1.246513272711206183e-01,-5.672597150198752103e-02,1.561895145049388089e+00,0.000000000000000000e+00,0.000000000000000000e+00,9.180152973233662861e-02,0.000000000000000000e+00,1.647933412929021291e+00,3.405149498765540073e-01,2.167428571049006061e-02,7.812160821928960663e-01,3.257246899206727719e-01,1.488246118591106480e-03,-8.109900740174875999e-02,-6.240044511359277117e-03,2.234193783138003694e-02,1.174964701687614133e+00,8.873784828229726029e-01,7.775008930371937188e-01,-5.092308782776528570e-02,5.213435305644381103e-03,-1.432402974285805097e+00
6.600000000000000000e+03,2.308139360289236316e-02,-1.044808817596737105e-01,-1.095400420568269501e-01,1.246513272711206183e-01,-5.672597150198752103e-02,1.561895145049388089e+00,0.000000000000000000e+00,0.000000000000000000e+00,9.180152973233662861e-02,0.000000000000000000e+00,1.653307992545532734e+00,3.405149498765539517e-01,2.167428571049006408e-02,8.065390829932302941e-01,3.257246899206727719e-01,1.574816471559874415e-03,-8.109900740174874612e-02,-6.250902036108352440e-03,2.229577014622100353e-02,1.174964701687614133e+00,8.873784828229726029e-01,7.762398851418348400e-01,-5.092308782776528570e-02,3.587658147171030650e-03,-1.432402974285805319e+00
6.700000000000000000e+03,2.314952438540827939e-02,-1.044808817596737105e-01,-1.095400420568269501e-01,9.159098467498043294e-02,-5.672597150198752103e-02,1.561895145049388089e+00,-3.233937438907568806e-04,0.000000000000000000e+00,9.169555187798435203e-02,0.000000000000000000e+00,1.659915099992828269e+00,3.405149498765539517e-01,2.167428571049006408e-02,1.420198981469067423e+00,3.257246899206727719e-01,1.572521730641912542e-03,-7.846732646737591965e-02,-6.250902036108352440e-03,2.229577014622100353e-02,1.174964701687614133e+00,8.881914122039741288e-01,7.762314000262249269e-01,-5.092308782776528570e-02,3.587658147171030650e-03,-1.432402974285805319e+00
6.800000000000000000e+03,2.308139360289236316e-02,-1.245146276494338983e-01,-1.095400420568269362e-01,6.265326552125059789e-02,-5.672597150198752103e-02,1.561895145049388089e+00,0.000000000000000000e+00,0.000000000000000000e+00,9.180152973233662861e-02,0.000000000000000000e+00,1.650165376761992153e+00,3.405149498765540073e-01,2.167428571049006061e-02,1.420198981469067423e+00,3.257246899206727719e-01,1.564986774475945813e-03,-1.000119375243890690e-01,-6.250902036108352440e-03,2.229577014622100700e-02,1.174964701687614133e+00,8.873784828229726029e-01,7.775008930371937188e-01,-5.092308782776528570e-02,4.894466318672398460e-03,-1.432402974285805097e+00
6.900000000000000000e+03,2.308139360289236316e-02,-1.044808817596737105e-01,-1.095400420568269362e-01,5.926836900835375649e-02,-5.672597150198752103e-02,1.561895145049388089e+00,0.000000000000000000e+00,-5.657596565552985065e-04,9.180152973233662861e-02,0.000000000000000000e+00,1.653307992545532734e+00,3.405149498765540073e-01,2.167428571049006061e-02,1.420198981469067423e+00,3.257246899206727719e-01,1.574044830728674139e-03,-1.114869948601311944e-01,-3.218778698275560467e-03,2.229577014622100700e-02,1.174964701687614133e+00,8.873784828229726029e-01,7.775008930371937188e-01,-5.117576364778224363e-02,5.059668532784690302e-03,-1.432402974285805097e+00
7.000000000000000000e+03,2.308139360289236316e-02,-1.044808817596737105e-01,-1.095400420568269362e-01,5.923491742910192565e-02,-5.672597150198752103e-02,1.561895145049388089e+00,0.000000000000000000e+00,0.000000000000000000e+00,9.180152973233662861e-02,0.000000000000000000e+00,1.659484580532172293e+00,3.405149498765540073e-01,2.169083307020163928e-02,1.420198981469067423e+00,3.246885157258743160e-01,1.494749078857288398e-03,-1.112154377462356430e-01,-2.995459861613334728e-03,2.229577014622100700e-02,1.174964701687614133e+00,8.870573262404574111e-01,7.775008930371937188e-01,-5.104047273582600769e-02,4.611741265265863893e-03,-1.432337153190974544e+00
7.100000000000000000e+03,2.313014334766567981e-02,-1.041232816158024488e-01,-1.095400420568269362e-01,5.921406630081507000e-02,-5.672597150198752103e-02,1.566595198535307709e+00,0.000000000000000000e+00,0.000000000000000000e+00,1.194155989860390399e-01,-4.175186782264861721e-04,1.653307992545532734e+00,3.405149498765540073e-01,2.167428571049006061e-02,1.420198981469067423e+00,3.257246899206727719e-01,1.571304372677074243e-03,-1.239321993247061438e-01,-2.967545007030554342e-03,2.229577014622100700e-02,1.174964701687614133e+00,8.895102492755996293e-01,7.775008930371937188e-01,-5.092308782776528570e-02,4.555981755910335808e-03,-1.432402974285805097e+00
7.200000000000000000e+03,2.801858105818734804e-02,-1.044808817596737105e-01,-1.095400420568269362e-01,3.363222371598682814e-02,-5.672597150198752103e-02,1.561895145049388089e+00,0.000000000000000000e+00,0.000000000000000000e+00,1.194155989860390399e-01,0.000000000000000000e+00,1.653307992545532734e+00,3.405149498765540073e-01,2.175223887414736573e-02,1.424013433644914839e+00,3.257246899206727719e-01,1.568858272371863143e-03,-1.239321993247061438e-01,-2.976789178988916221e-03,3.136872938285253931e-02,1.178324274245820869e+00,8.871655787419671091e-01,7.775008930371937188e-01,-5.092308782776528570e-02,4.896516872834719494e-03,-1.432402974285805097e+00
7.300000000000000000e+03,2.797867487603599226e-02,-1.044808817596737105e-01,-1.100634518642708837e-01,3.363222371598682814e-02,-5.646182586967707362e-02,1.561895145049388089e+00,1.869119912483374482e-03,0.000000000000000000e+00,1.195081488103655193e-01,0.000000000000000000e+00,1.653307992545532734e+00,3.419183248852858403e-01,2.167428571049006061e-02,1.420198981469067423e+00,3.257246899206727719e-01,1.572521730641912325e-03,-1.239321993247061438e-01,-2.967545007030554342e-03,3.136872938285253931e-02,1.174964701687614133e+00,8.871655787419671091e-01,7.775008930371937188e-01,-5.092308782776528570e-02,4.877836690010180914e-03,-1.432402974285805097e+00
7.400000000000000000e+03,2.790761833545073525e-02,-1.044808817596737105e-01,-1.095400420568269362e-01,2.111806353268013900e-02,-5.694240021500957677e-02,1.560686586217580940e+00,0.000000000000000000e+00,0.000000000000000000e+00,1.194155989860390399e-01,0.000000000000000000e+00,1.653307992545532734e+00,3.405149498765540073e-01,2.167428571049006061e-02,1.420198981469067423e+00,3.257246899206727719e-01,1.572521730641912325e-03,-1.158840469294331182e-01,-2.967451052696971642e-03,3.136872938285253931e-02,1.174964701687614133e+00,8.874218445968264923e-01,7.775008930371937188e-01,-5.092308782776528570e-02,4.497028120800839954e-03,-1.432402974285805097e+00
7.500000000000000000e+03,2.797529448950827891e-02,-1.046540976488477548e-01,-1.095400420568269362e-01,2.102362632792857330e-02,-5.672597150198752103e-02,1.561895145049388089e+00,0.000000000000000000e+00,0.000000000000000000e+00,1.197706328668544373e-01,0.000000000000000000e+00,1.645031329570775247e+00,3.405149498765540073e-01,2.167428571049006061e-02,1.420198981469067423e+00,3.245637823674107358e-01,1.572521730641912325e-03,-1.148780278800240612e-01,-2.967545007030554342e-03,3.136872938285253931e-02,1.178267735541536521e+00,8.871655787419671091e-01,7.786162549023053492e-01,-5.092308782776528570e-02,4.497028120800839954e-03,-1.432402974285805097e+00
7.600000000000000000e+03,2.784353708977762090e-02,-1.044808817596737105e-01,-1.095400420568269362e-01,2.111806353268013900e-02,-5.672597150198752103e-02,1.561895145049388089e+00,0.000000000000000000e+00,0.000000000000000000e+00,1.128001190477763427e-01,0.000000000000000000e+00,1.653307992545532734e+00,3.405149498765540073e-01,2.167428571049006061e-02,1.651338807918146578e+00,3.257246899206727719e-01,1.575124327053926705e-03,-1.146175603383569191e-01,-2.960695044392466866e-03,3.136872938285253931e-02,1.174964701687614133e+00,8.871655787419671091e-01,7.775008930371937188e-01,-5.092308782776528570e-02,4.285316710451921203e-03,-1.432402974285805097e+00
7.700000000000000000e+03,2.790761833545073525e-02,-1.044808817596737105e-01,-1.095400420568269362e-01,2.998397824858766575e-02,-5.694668663588346030e-02,1.561895145049388089e+00,0.000000000000000000e+00,0.000000000000000000e+00,1.194155989860390399e-01,0.000000000000000000e+00,1.656973015015512196e+00,3.405149498765540073e-01,2.167428571049006061e-02,1.420198981469067423e+00,3.257246899206727719e-01,2.156383463897395322e-03,-1.148780278800240612e-01,-2.967545007030554342e-03,3.201190294691331345e-02,1.226488433303655867e+00,8.871655787419671091e-01,7.775008930371937188e-01,-5.114695882761338686e-02,4.497028120800839954e-03,-1.432402974285805097e+00
7.800000000000000000e+03,2.790761833545073525e-02,-1.044808817596737105e-01,-1.095400420568269501e-01,3.097487762734535410e-02,-5.672597150198752103e-02,1.556998479983565442e+00,0.000000000000000000e+00,0.000000000000000000e+00,1.194155989860390260e-01,0.000000000000000000e+00,1.653307992545532734e+00,3.398907545221478421e-01,2.167428571049006408e-02,1.517390894214914132e+00,3.257246899206727719e-01,3.097415054438759120e-03,-6.616607172651106650e-02,-2.019295807603754649e-03,3.136872938285253931e-02,1.177830123534981288e+00,8.871655787419669981e-01,7.775008930371936078e-01,-5.092308782776528570e-02,4.569536144192071388e-03,-1.432402974285805319e+00
7.900000000000000000e+03,2.790761833545073525e-02,-1.044808817596737105e-01,-1.095400420568269362e-01,3.122716907997185806e-02,-5.672597150198752103e-02,1.561895145049388089e+00,0.000000000000000000e+00,0.000000000000000000e+00,1.194155989860390399e-01,-1.265740718333378898e-03,1.653307992545532734e+00,3.405149498765540073e-01,2.160618702524613396e-02,1.466657225907151085e+00,3.257246899206727719e-01,3.200405246303007420e-03,-4.212649694309029275e-02,-2.025861208297091275e-03,3.129154932985047516e-02,1.174964701687614133e+00,8.871655787419671091e-01,7.775008930371937188e-01,-5.092308782776528570e-02,4.695030832558274268e-03,-1.431054375739074347e+00
8.000000000000000000e+03,2.790761833545073525e-02,-1.044808817596737105e-01,-1.099887353605750601e-01,3.109221758807612437e-02,-5.878418486293146561e-02,1.561895145049388089e+00,7.650854062978636096e-04,0.000000000000000000e+00,1.211135982921177356e-01,3.984954989030604564e-03,1.653307992545532734e+00,3.405149498765539517e-01,2.167428571049006408e-02,1.407025818286566032e+00,3.257246899206727719e-01,3.207168360332189258e-03,-4.212649694309029275e-02,-2.130746523605240098e-03,3.136872938285253931e-02,1.045765870832871869e+00,8.871655787419669981e-01,7.775008930371936078e-01,-5.092308782776528570e-02,4.695030832558274268e-03,-1.432402974285805319e+00
8.100000000000000000e+03,2.790761833545073525e-02,-1.044808817596737105e-01,-1.095400420568269362e-01,3.109221758807612437e-02,-5.369625954271304430e-02,1.561895145049388089e+00,0.000000000000000000e+00,0.000000000000000000e+00,1.199962895194894713e-01,0.000000000000000000e+00,1.657454702620983600e+00,3.405149498765540073e-01,2.169749851821959827e-02,1.400245665738755640e+00,3.262583265735939375e-01,2.844496692793271712e-03,-4.145016057617308125e-02,-2.025861208297091275e-03,3.136872938285253931e-02,7.935793824389018036e-01,8.871655787419671091e-01,7.742765353056783040e-01,-5.092308782776528570e-02,4.695030832558274268e-03,-1.432402974285805097e+00
8.200000000000000000e+03,2.802161736171611753e-02,-1.044808817596737105e-01,-1.095400420568269362e-01,3.109221758807612437e-02,-5.672597150198752103e-02,1.561895145049388089e+00,0.000000000000000000e+00,8.037960965704325994e-04,1.194155989860390399e-01,0.000000000000000000e+00,1.653307992545532734e+00,3.405149498765540073e-01,2.167428571049006061e-02,1.399486215024192903e+00,3.257246899206727719e-01,2.810840000301067978e-03,-4.212649694309029275e-02,-2.025861208297091275e-03,3.136872938285253931e-02,7.792932821949657418e-01,8.871655787419671091e-01,7.754352114218322489e-01,-5.092308782776528570e-02,4.675257672920300582e-03,-1.432402974285805097e+00
8.300000000000000000e+03,3.565778318888537107e-02,-1.420011018309605411e-01,-1.095400420568269362e-01,3.109221758807612437e-02,-5.777311189369618155e-02,1.561895145049388089e+00,0.000000000000000000e+00,0.000000000000000000e+00,1.194155989860390399e-01,0.000000000000000000e+00,1.653307992545532734e+00,3.405149498765540073e-01,2.167428571049006061e-02,1.344436856554581228e+00,3.257246899206727719e-01,2.799162734350904309e-03,-6.212032036281368852e-02,-2.025861208297091275e-03,3.136872938285253931e-02,7.792932821949657418e-01,8.871655787419671091e-01,7.775008930371937188e-01,-5.066739067485219461e-02,6.777754718665000323e-03,-1.432402974285805097e+00
8.400000000000000000e+03,3.565778318888537107e-02,-1.493150896051527732e-01,-1.095400420568269362e-01,3.109221758807612437e-02,-4.981890371897210179e-02,1.561895145049388089e+00,0.000000000000000000e+00,0.000000000000000000e+00,1.188454510428793298e-01,0.000000000000000000e+00,1.653307992545532734e+00,3.405149498765540073e-01,2.159847021270545203e-02,1.552454418868710606e+00,3.257246899206727719e-01,2.724539703741617712e-03,-6.741316247033073139e-02,-2.025861208297091275e-03,3.136872938285253931e-02,7.841725770195102641e-01,8.871655787419671091e-01,7.775008930371937188e-01,-5.092308782776528570e-02,6.777754718665000323e-03,-1.432402974285805097e+00
8.500000000000000000e+03,3.570526770184816179e-02,-1.493150896051527732e-01,-1.095400420568269362e-01,3.109221758807612437e-02,-4.800938375091443056e-02,1.561895145049388089e+00,0.000000000000000000e+00,0.000000000000000000e+00,1.194155989860390399e-01,0.000000000000000000e+00,1.653307992545532734e+00,3.405149498765540073e-01,2.167428571049006061e-02,1.583752832935110710e+00,3.257246899206727719e-01,3.102983561476292240e-03,-6.099772264616992040e-02,-2.025861208297091275e-03,3.136872938285253931e-02,7.792932821949657418e-01,8.871655787419671091e-01,7.775008930371937188e-01,-5.086057041176302723e-02,6.777754718665000323e-03,-1.432402974285805097e+00
8.600000000000000000e+03,3.728249107451239025e-02,-1.493150896051527732e-01,-1.095400420568269362e-01,3.198369875961819264e-02,-4.800938375091443056e-02,1.561895145049388089e+00,0.000000000000000000e+00,0.000000000000000000e+00,1.194155989860390399e-01,0.000000000000000000e+00,1.653307992545532734e+00,3.405149498765540073e-01,2.167428571049006061e-02,1.586271861052094945e+00,3.257246899206727719e-01,3.115498445943753244e-03,-4.999520036463294542e-02,-2.018888690087665763e-03,3.136872938285253931e-02,7.792932821949657418e-01,8.871655787419671091e-01,7.775008930371937188e-01,-5.092308782776528570e-02,6.186374919553436560e-03,-1.428645149452221430e+00
8.700000000000000000e+03,3.728249107451239025e-02,-1.493150896051527732e-01,-1.094127097322419445e-01,2.661763599364237384e-02,-4.800938375091443056e-02,1.561895145049388089e+00,4.205868010405167806e-03,0.000000000000000000e+00,1.199090953268339421e-01,0.000000000000000000e+00,1.653307992545532734e+00,3.405149498765540073e-01,2.176025101376242304e-02,1.042164307595794037e+00,3.257246899206727719e-01,3.102983561476292240e-03,-3.599378200546889117e-02,-2.025861208297091275e-03,3.016527363457362915e-02,7.769448411303655488e-01,8.871655787419671091e-01,7.775008930371937188e-01,-5.092308782776528570e-02,6.186374919553436560e-03,-1.432402974285805097e+00
8.800000000000000000e+03,3.728249107451239025e-02,-1.493150896051527732e-01,-1.094374415554786178e-01,2.595949744522573974e-02,-4.800938375091443056e-02,1.561101115806325268e+00,0.000000000000000000e+00,0.000000000000000000e+00,1.369874539931051904e-01,0.000000000000000000e+00,1.654742990090171118e+00,3.392439853017151230e-01,2.167428571049006061e-02,1.042164307595794037e+00,3.257246899206727719e-01,3.118206043664219045e-03,-3.617136883460009972e-02,-2.025861208297091275e-03,3.136872938285253931e-02,7.787663208271320414e-01,8.871655787419671091e-01,7.775008930371937188e-01,-5.092308782776528570e-02,6.182968563905425451e-03,-1.433294533821030114e+00
8.900000000000000000e+03,3.728249107451239025e-02,-1.493150896051527732e-01,-1.091306733621606045e-01,2.595949744522573974e-02,-4.800899798121487094e-02,1.561895145049388089e+00,-2.404521789848548721e-04,0.000000000000000000e+00,1.428243616945563677e-01,0.000000000000000000e+00,1.653307992545532734e+00,3.405149498765540073e-01,2.167428571049006061e-02,1.042164307595794037e+00,3.257246899206727719e-01,3.115563516548807213e-03,-3.599378200546889117e-02,-2.738126795356283019e-03,3.136872938285253931e-02,7.792932821949657418e-01,8.871655787419671091e-01,7.762662701165543577e-01,-5.092308782776528570e-02,6.186374919553436560e-03,-1.432402974285805097e+00
9.000000000000000000e+03,3.728249107451239025e-02,-1.493150896051527732e-01,-1.095400420568269501e-01,2.595949744522573974e-02,-4.800938375091443056e-02,1.561895145049388089e+00,0.000000000000000000e+00,0.000000000000000000e+00,1.988209937230188962e-01,0.000000000000000000e+00,1.653307992545532734e+00,3.405149498765539517e-01,2.175664157714140082e-02,1.042164307595794037e+00,3.257246899206727719e-01,3.102983561476291806e-03,-4.940549157036876887e-02,-2.738126795356283019e-03,2.991742887684483918e-02,7.758789249855221337e-01,8.871655787419669981e-01,7.775008930371936078e-01,-5.071379457377286903e-02,6.186374919553436560e-03,-1.432402974285805319e+00
9.100000000000000000e+03,3.728249107451239025e-02,-1.316738057655911787e-01,-1.041156927881147637e-01,2.595949744522573974e-02,-4.800938375091443056e-02,1.561895145049388089e+00,0.000000000000000000e+00,0.000000000000000000e+00,2.060358689695433732e-01,0.000000000000000000e+00,1.653307992545532734e+00,3.405149498765540073e-01,2.167428571049006061e-02,1.042164307595794037e+00,3.257246899206727719e-01,3.282874176118450414e-03,-5.287135946833567551e-02,-2.738126795356283019e-03,3.136872938285253931e-02,7.792932821949657418e-01,8.862074304146383419e-01,7.775008930371937188e-01,-5.092308782776528570e-02,6.160360760496466290e-03,-1.432402974285805097e+00
9.200000000000000000e+03,3.726385616848403026e-02,-1.492729476420095458e-01,-1.095400420568269362e-01,2.595949744522573974e-02,-4.800938375091443056e-02,1.561895145049388089e+00,0.000000000000000000e+00,0.000000000000000000e+00,2.068792643893483940e-01,0.000000000000000000e+00,1.653307992545532734e+00,3.398439249853446587e-01,2.167428571049006061e-02,1.042164307595794037e+00,3.257246899206727719e-01,3.276461100151485673e-03,-5.289271470685572712e-02,-2.738126795356283019e-03,3.136872938285253931e-02,5.052264169069768940e-01,8.862074304146383419e-01,7.775008930371937188e-01,-5.092308782776528570e-02,6.186374919553436560e-03,-1.432402974285805097e+00
9.300000000000000000e+03,3.728249107451239025e-02,-1.493150896051527454e-01,-1.095400420568269501e-01,2.595949744522573974e-02,-4.814079028332811372e-02,1.566045538812671944e+00,0.000000000000000000e+00,0.000000000000000000e+00,1.387199362889570131e-01,0.000000000000000000e+00,1.653307992545532734e+00,3.405149498765539517e-01,2.167428571049006408e-02,1.042164307595794037e+00,3.257246899206727719e-01,3.280916681435375615e-03,-4.784215578196357455e-02,-2.738126795356283019e-03,3.136872938285253931e-02,5.052264169069768940e-01,8.862074304146382309e-01,7.775008930371936078e-01,-5.092308782776527876e-02,6.186374919553437428e-03,-1.432402974285805319e+00
9.400000000000000000e+03,3.728249107451239025e-02,-1.546468385773616672e-01,-1.095400420568269501e-01,2.563659870280706951e-02,-4.800938375091443056e-02,1.561895145049388089e+00,0.000000000000000000e+00,0.000000000000000000e+00,1.387199362889570131e-01,0.000000000000000000e+00,1.653307992545532734e+00,3.405149498765539517e-01,2.167428571049006408e-02,1.050407332036981112e+00,3.257246899206727719e-01,3.289906884427812664e-03,-4.784215578196357455e-02,-2.747174712226325890e-03,3.136872938285253931e-02,5.033787900790939185e-01,8.862074304146383419e-01,7.775008930371936078e-01,-5.092308782776528570e-02,6.164549477675861609e-03,-1.432402974285805319e+00
9.500000000000000000e+03,3.728249107451239025e-02,-1.567286188341416031e-01,-1.099918387725278140e-01,1.814361283466483371e-02,-4.800938375091443056e-02,1.561895145049388089e+00,0.000000000000000000e+00,3.089351650191147179e-03,1.387199362889570409e-01,0.000000000000000000e+00,1.653307992545532734e+00,3.405149498765540073e-01,2.167428571049006061e-02,1.047845850029105685e+00,3.257246899206727719e-01,5.308739771228850567e-03,-6.612639211493397118e-02,-2.478650863007187191e-03,2.420981429210936065e-02,5.052264169069768940e-01,8.862074304146383419e-01,7.775008930371937188e-01,-5.092308782776528570e-02,3.118508143305333182e-03,-1.432402974285805097e+00
9.600000000000000000e+03,3.546322595878757811e-02,-1.493150896051527732e-01,-1.095400420568269362e-01,1.815530260948488780e-02,-4.800938375091443056e-02,1.561895145049388089e+00,0.000000000000000000e+00,0.000000000000000000e+00,1.387199362889570409e-01,1.482749281151134711e-03,1.653307992545532734e+00,3.405149498765540073e-01,2.167428571049006061e-02,8.829852731354218554e-01,3.257246899206727719e-01,5.450847123901215660e-03,-6.612639211493397118e-02,-2.479249262582896175e-03,2.420981429210936065e-02,5.052264169069768940e-01,8.862074304146383419e-01,7.775008930371937188e-01,-5.106958464351202959e-02,3.013079875240931051e-03,-1.432402974285805097e+00
9.700000000000000000e+03,3.742635112241635142e-02,-1.346354525315702211e-01,-1.095400420568269362e-01,1.815530260948488780e-02,-4.812450239275054692e-02,1.561895145049388089e+00,0.000000000000000000e+00,0.000000000000000000e+00,1.390211822899715954e-01,-6.127249836086131078e-04,1.653307992545532734e+00,3.405149498765540073e-01,2.167428571049006061e-02,8.829852731354218554e-01,3.257246899206727719e-01,5.430022691434773646e-03,-8.258671351704749419e-02,-2.478650863007187191e-03,2.420981429210936065e-02,3.130320036032696041e-01,8.862074304146383419e-01,7.775008930371937188e-01,-5.092308782776528570e-02,3.013079875240931051e-03,-1.432402974285805097e+00
9.800000000000000000e+03,3.728249107451239025e-02,-1.465480939482793621e-01,-1.095400420568269362e-01,1.815530260948488780e-02,-4.800938375091443056e-02,1.555691704759851524e+00,-3.166182838020909418e-04,0.000000000000000000e+00,1.387199362889570409e-01,-1.648953857835523847e-03,1.653307992545532734e+00,3.405149498765540073e-01,2.167428571049006061e-02,8.829852731354218554e-01,3.247349579919214246e-01,5.450847123901215660e-03,-8.258671351704749419e-02,-2.489507131775432324e-03,2.420981429210936065e-02,3.044364091996411559e-01,8.862074304146383419e-01,7.775008930371937188e-01,-5.092403403090824121e-02,2.999784361509519066e-03,-1.432402974285805097e+00
9.900000000000000000e+03,3.878189415873442569e-02,-1.463867614655159632e-01,-6.912697893911640135e-02,1.816272286031579003e-02,-4.903770019815447551e-02,1.561895145049388089e+00,5.158128699345737459e-04,0.000000000000000000e+00,2.298298022009866992e-01,0.000000000000000000e+00,1.647698131043979997e+00,3.405149498765540073e-01,2.165192664581417140e-02,8.445632845092008179e-01,3.257246899206727719e-01,5.450847123901215660e-03,-8.258671351704749419e-02,-2.478650863007187191e-03,2.415707437651885489e-02,4.293970243789644869e-01,8.862074304146383419e-01,7.759113290637214000e-01,-5.092308782776528570e-02,3.007460355820006266e-03,-1.436299384359842612e+00
