-1.000000000000000000e+00,-1.114007797516133547e+00,-2.375692091480499646e-01,3.145294732581842279e-02,-4.230873393170495045e-02,2.083620170626505202e-02,1.739223103817191252e+00,6.142309597296512907e-03,-3.882754030119471844e-01,2.745488052897935849e-01,0.000000000000000000e+00,1.589845458153491542e+00,-3.249318147398412848e-01,2.625838205922329666e-02,2.296919407124864074e-02,4.336364204710228820e-02,8.012418262952403225e-03,-3.683169625695292826e-02,6.950887087890034871e-03,3.513499013061931464e-01,8.353379229579472806e-03,2.663886539339956894e+00,1.285735409059711065e+00,-1.515130325651343386e-10,-6.462227345448991189e-02,1.565159468384268140e-07
0.000000000000000000e+00,-1.114007797516133547e+00,-2.375692091480499368e-01,3.171968691749321029e-02,-4.230873393170495045e-02,2.083620170626505202e-02,1.739223103817191252e+00,6.142309597296512907e-03,-3.866424652324790823e-01,2.745488052897935849e-01,0.000000000000000000e+00,1.597592267762944829e+00,-3.249318147398412848e-01,2.625838205922329666e-02,2.296919407124864074e-02,4.336364204710228126e-02,8.023993190660681785e-03,-3.677886406850321838e-02,6.978228292827578540e-03,3.513499013061931464e-01,8.325968395520357349e-03,2.651835196954833052e+00,1.285735409059711065e+00,-1.507540699855104905e-10,-6.445835766474410089e-02,1.570076628550530955e-07
1.000000000000000000e+02,-1.114007797516133547e+00,-2.375165171730111713e-01,3.159491418851022998e-02,-3.287106439219431020e-02,2.083620170626505202e-02,1.739223103817191252e+00,6.142309597296512907e-03,-3.866424652324790823e-01,2.745488052897935849e-01,0.000000000000000000e+00,1.589845458153491542e+00,-3.932281356856843213e-01,3.294711932065488152e-02,2.296919407124864074e-02,4.308476132497291583e-02,7.229439756702537266e-03,-3.678446070927424844e-02,6.978228292827578540e-03,3.513499013061931464e-01,6.225976516844236065e-03,2.651835196954833052e+00,1.285735409059711065e+00,-2.053111845234725765e-11,-6.445835766474410089e-02,4.378914681095215225e-08
2.000000000000000000e+02,-1.073303113389764141e+00,-2.375501131179699188e-01,3.159491418851022998e-02,-3.287106439219431020e-02,2.083620170626505202e-02,1.739223103817191252e+00,6.117791416075674810e-03,-3.866424652324790823e-01,2.736363552424402878e-01,0.000000000000000000e+00,1.589845458153491542e+00,-3.932281356856843213e-01,1.717810258633073114e-02,1.773508506337445959e-02,4.336364204710228126e-02,7.229439756702537266e-03,-3.683169625695292826e-02,6.978228292827578540e-03,3.513499013061931464e-01,6.238282661360364419e-03,2.650339680216713845e+00,1.285735409059711065e+00,-1.781819625409200918e-12,-7.677761852077186200e-02,4.522640348527873814e-09
3.000000000000000000e+02,-1.114007797516133547e+00,-2.375692091480499368e-01,3.159491418851022998e-02,-3.287106439219431020e-02,2.501827161703307559e-02,1.739223103817191252e+00,6.142309597296512907e-03,-3.866424652324790823e-01,2.745488052897935849e-01,0.000000000000000000e+00,1.589845458153491542e+00,-3.926000621233469157e-01,1.965799790200578601e-02,1.773508506337445959e-02,4.336364204710228126e-02,5.771747871483072154e-03,-3.683169625695292826e-02,6.672920684407462714e-03,3.513499013061931464e-01,6.265767451483327498e-03,2.645093077287383299e+00,1.285735409059711065e+00,-4.655424765513460059e-13,-7.711062320067352260e-02,1.423004995542297766e-10
4.000000000000000000e+02,-1.114007797516133547e+00,-2.375692091480499368e-01,2.567186069459556630e-02,-3.556069946677901245e-02,2.496227254770371981e-02,1.739223103817191252e+00,6.142309597296512907e-03,-3.866424652324790823e-01,2.745488052897935849e-01,0.000000000000000000e+00,1.589845458153491542e+00,-3.932281356856843213e-01,1.965799790200578601e-02,1.592614026895761148e-02,5.823272714786197068e-02,6.082183186114631206e-03,-3.683602424974356110e-02,6.694775910101128172e-03,3.513499013061931464e-01,3.256357505861061027e-03,2.651835196954833052e+00,1.285735409059711065e+00,-1.100050192591376238e-13,-7.719769592975823935e-02,4.990206268194786584e-12
5.000000000000000000e+02,-1.114007797516133547e+00,-2.326264487095480726e-01,2.565244734937578708e-02,-3.556069946677901245e-02,2.513065292064065731e-02,1.739223103817191252e+00,6.142309597296512907e-03,-3.866424652324790823e-01,2.804682801751834931e-01,0.000000000000000000e+00,1.589845458153491542e+00,-3.932281356856843213e-01,1.965799790200578601e-02,1.592325181470756468e-02,5.823272714786197068e-02,6.082183186114631206e-03,-4.536814540547082220e-02,9.096382825677819597e-03,3.513499013061931464e-01,3.270272044545301324e-03,2.651835196954833052e+00,1.285735409059711065e+00,-1.100050192591376238e-13,-7.719769592975823935e-02,9.962852752251186249e-13
6.000000000000000000e+02,-1.143914305530029818e+00,-1.930843652015308276e-01,3.448432379438270967e-02,-3.550152691181547582e-02,1.257304463187732153e-02,1.739223103817191252e+00,6.142309597296512907e-03,-3.866424652324790823e-01,3.401957373557484288e-01,4.006610614162952125e-03,1.589845458153491542e+00,-3.932281356856843213e-01,1.965799790200578601e-02,1.600325295346947604e-02,5.823272714786197068e-02,6.030547564461259669e-03,-4.524977264683371220e-02,9.096382825677819597e-03,3.513499013061931464e-01,3.256357505861061027e-03,2.651835196954833052e+00,1.285735409059711065e+00,-1.100050192591376238e-13,-7.719769592975823935e-02,3.184678940424006230e-13
7.000000000000000000e+02,-1.114007797516133547e+00,-1.930843652015308276e-01,3.449073169741542766e-02,-3.556069946677901245e-02,1.833910857761061192e-02,1.739223103817191252e+00,6.142309597296512907e-03,-3.866424652324790823e-01,3.278240792583034802e-01,0.000000000000000000e+00,1.589845458153491542e+00,-3.932281356856843213e-01,1.962804224955112808e-02,1.255734364847027607e-02,5.823272714786197068e-02,5.731889629726965446e-03,-4.524977264683371220e-02,1.165105947773414398e-02,3.513499013061931464e-01,3.256357505861061027e-03,2.651835196954833052e+00,1.285735409059711065e+00,-9.951289604113231146e-14,-7.292471062908018054e-02,3.313558070245955396e-13
8.000000000000000000e+02,-1.397898605841141118e+00,-1.930843652015308276e-01,3.449073169741542766e-02,-3.564142734946456476e-02,1.834728343855633950e-02,1.739223103817191252e+00,6.169068831611286552e-03,-3.866424652324790823e-01,3.632290991859227214e-01,0.000000000000000000e+00,1.589845458153491542e+00,-3.932281356856843213e-01,2.378849698852883790e-02,1.249590229388788248e-02,3.999023471497630683e-02,8.052522095875721750e-03,-6.840312624834174460e-02,1.164799379790881079e-02,3.513499013061931464e-01,1.979512242996113360e-03,2.655628318143413047e+00,1.285735409059711065e+00,-9.951289604113231146e-14,-4.139984161682396663e-02,3.313558070245955396e-13
9.000000000000000000e+02,-1.433384956881765371e+00,-1.930843652015308276e-01,3.449073169741542766e-02,-3.556069946677901245e-02,1.833910857761061192e-02,1.739223103817191252e+00,6.142309597296512907e-03,-3.866424652324790823e-01,3.940358741889090632e-01,0.000000000000000000e+00,1.589845458153491542e+00,-4.152052489615492004e-01,2.378849698852883790e-02,1.217835077494171248e-02,3.999023471497630683e-02,7.901164153171958207e-03,-6.569657170454307193e-02,1.042594897698599296e-02,3.426738384822903827e-01,1.819906585137995823e-03,2.646360175360843670e+00,1.288152280785272552e+00,-9.951289604113231146e-14,-4.973235515342103175e-02,3.313558070245955396e-13
1.000000000000000000e+03,-1.433384956881765371e+00,-1.927060592701387298e-01,3.449073169741542766e-02,-3.558443061921860717e-02,1.833910857761061192e-02,1.739223103817191252e+00,6.142309597296512907e-03,-3.879732188362983725e-01,3.773097744624739347e-01,0.000000000000000000e+00,1.589845458153491542e+00,-4.152052489615492004e-01,2.378849698852883790e-02,8.680547106360261139e-03,3.982483229386839241e-02,7.901164153171958207e-03,-6.549607172175551939e-02,1.001493313860435212e-02,3.426738384822903827e-01,1.819906585137995823e-03,2.651835196954833052e+00,1.285735409059711065e+00,-9.951289604113231146e-14,-6.066667600921893388e-02,3.308045811075411446e-13
1.100000000000000000e+03,-1.433384956881765371e+00,-1.930843652015308276e-01,3.775607679286475948e-02,-3.556069946677901245e-02,1.833910857761061192e-02,1.739223103817191252e+00,6.119922456369134185e-03,-3.866424652324790823e-01,3.951770688275357823e-01,0.000000000000000000e+00,1.589845458153491542e+00,-4.152052489615492004e-01,2.024432491360840525e-02,1.210937957084021535e-02,3.990769742170824363e-02,7.897406289917788605e-03,-6.526869766272520856e-02,1.004704568910769896e-02,3.426738384822903827e-01,1.816718788893125890e-03,2.651835196954833052e+00,1.289340947423300854e+00,-9.951289604113231146e-14,-6.066667600921893388e-02,3.313558070245955396e-13
1.200000000000000000e+03,-1.433384956881765371e+00,-1.930843652015308276e-01,3.578308952129609366e-02,-3.556069946677901245e-02,1.586934936266331045e-02,1.739223103817191252e+00,6.142309597296512907e-03,-3.855100204200264113e-01,2.499191057482843814e-01,0.000000000000000000e+00,1.589845458153491542e+00,-4.152052489615492004e-01,2.024432491360840525e-02,1.494953209279588531e-02,3.999023471497630683e-02,7.901164153171958207e-03,-6.577837454824142505e-02,1.001493313860435212e-02,3.426738384822903827e-01,1.819906585137995823e-03,2.655174688235498071e+00,1.285735409059711065e+00,-9.951289604113231146e-14,-6.066667600921893388e-02,3.313558070245955396e-13
1.300000000000000000e+03,-1.433384956881765371e+00,-1.930843652015308276e-01,3.782506848548771589e-02,-3.556069946677901245e-02,1.586934936266331045e-02,1.739223103817191252e+00,6.142309597296512907e-03,-3.866424652324790823e-01,2.499191057482843814e-01,0.000000000000000000e+00,1.589845458153491542e+00,-4.152052489615492004e-01,2.024432491360840525e-02,1.501714260810670630e-02,2.065793539540348306e-02,7.901164153171958207e-03,-6.577837454824142505e-02,1.001493313860435212e-02,3.426738384822903827e-01,1.812086914280739086e-03,2.651835196954833052e+00,1.285735409059711065e+00,-9.951289604113231146e-14,-6.083893187684964038e-02,2.209811133200275950e-13
1.400000000000000000e+03,-7.645459511107189909e-01,-1.930843652015308276e-01,3.782506848548771589e-02,-4.748660222840534600e-02,1.586934936266331045e-02,1.739223103817191252e+00,6.142309597296512907e-03,-3.866424652324790823e-01,1.579948860799285648e-01,0.000000000000000000e+00,1.589845458153491542e+00,-4.138168894836243283e-01,2.024432491360840525e-02,1.374890540765388511e-02,2.065793539540348306e-02,7.219495964439121699e-03,-8.953694149188838602e-02,1.001493313860435212e-02,3.426738384822903827e-01,1.819906585137995823e-03,2.651835196954833052e+00,1.285735409059711065e+00,-9.951289604113231146e-14,-8.006444115075334045e-02,1.161135365446883022e-13
1.500000000000000000e+03,-7.645459511107189909e-01,-1.921451809791081822e-01,1.850824064587324597e-02,-4.748660222840535294e-02,1.585966050394763127e-02,1.739223103817191252e+00,6.142309597296512907e-03,-3.866424652324790823e-01,1.572937095251130124e-01,3.408857222192877325e-03,1.585865603310148142e+00,-4.152052489615492004e-01,2.024432491360840178e-02,1.310447111955381945e-02,2.477005133937595915e-02,7.219495964439121699e-03,-8.492581404674974521e-02,1.001493313860435212e-02,2.655077607435212816e-01,1.828182941238396930e-03,2.651835196954833052e+00,1.285735409059711065e+00,-9.951289604113229883e-14,-8.006444115075334045e-02,1.161135365446883022e-13
1.600000000000000000e+03,-7.645459511107189909e-01,-1.926194361612819095e-01,1.729876502293632018e-02,-4.743153509473111568e-02,1.586934936266331045e-02,1.739223103817191252e+00,6.142309597296512907e-03,-3.866424652324790823e-01,2.000419686907477235e-01,0.000000000000000000e+00,1.589845458153491542e+00,-4.152052489615492004e-01,2.018540980765676923e-02,1.310447111955381945e-02,2.534176277113062495e-02,7.402074404825986775e-03,-6.162616908976147750e-02,1.001493313860435212e-02,2.652872546636227402e-01,1.813183291893287214e-03,2.651835196954833052e+00,1.285735409059711065e+00,-9.472302882457240806e-14,-8.001235033545132935e-02,1.161135365446883022e-13
1.700000000000000000e+03,-7.645459511107189909e-01,-1.930843652015308276e-01,1.647971899980979829e-02,-4.729535586945617098e-02,1.596574572909362916e-02,1.739223103817191252e+00,6.142309597296512907e-03,-3.866424652324790823e-01,2.000419686907477235e-01,0.000000000000000000e+00,1.589845458153491542e+00,-4.152052489615492004e-01,2.077866802784377950e-02,1.310447111955381945e-02,2.534176277113062495e-02,6.843084037515161262e-03,-6.162616908976147750e-02,1.043789727996377939e-02,2.652872546636227402e-01,1.828029134174096425e-03,2.651835196954833052e+00,1.285735409059711065e+00,-9.472302882457240806e-14,-8.782464705478965072e-02,1.161135365446883022e-13
1.800000000000000000e+03,-7.741704010981748096e-01,-1.930843652015308276e-01,1.729876502293632018e-02,-4.748660222840534600e-02,1.586934936266331045e-02,1.739223103817191252e+00,6.142309597296512907e-03,-3.866424652324790823e-01,2.000235011178099764e-01,0.000000000000000000e+00,1.589845458153491542e+00,-5.481639551508541430e-01,2.368543879507958166e-02,9.612538158336592434e-03,2.538543271022388609e-02,7.206623899527531997e-03,-6.162616908976147750e-02,1.001053255360275125e-02,2.652872546636227402e-01,1.786667896955215426e-03,2.651835196954833052e+00,1.281541010814974513e+00,-9.472302882457240806e-14,-5.019373975030768514e-02,1.161135365446883022e-13
1.900000000000000000e+03,-7.645459511107189909e-01,-1.930843652015308276e-01,1.729876502293632018e-02,-4.772184460856791766e-02,1.586934936266331045e-02,1.739223103817191252e+00,6.142309597296512907e-03,-3.866424652324790823e-01,2.000419686907477235e-01,0.000000000000000000e+00,1.588352632899776573e+00,-5.647837934245173441e-01,2.411557803026346050e-02,9.175669280810141645e-03,2.544341830075895830e-02,7.246651540593849854e-03,-6.868468708868016859e-02,1.001493313860435212e-02,2.652872546636227402e-01,1.819906585137995823e-03,2.655481036512663540e+00,1.285735409059711065e+00,-9.472302882457240806e-14,-4.536862311999693281e-02,1.161135365446883022e-13
2.000000000000000000e+03,-7.645459511107189909e-01,-1.930843652015308276e-01,1.804674906221650707e-02,-4.771247585329360663e-02,1.338248900477206557e-02,1.739223103817191252e+00,6.142309597296512907e-03,-3.866424652324790823e-01,1.992301548755683049e-01,0.000000000000000000e+00,1.589365479152488270e+00,-5.647837934245173441e-01,2.411557803026346050e-02,9.006286752753703620e-03,2.407730338925025831e-02,7.219495964439121699e-03,-6.868468708868016859e-02,9.695316530000799154e-03,2.652872546636227402e-01,9.855237848691172659e-04,2.651835196954833052e+00,1.285735409059711065e+00,-9.472302882457240806e-14,-4.536862311999693281e-02,1.161135365446883022e-13
2.100000000000000000e+03,-7.645459511107189909e-01,-1.930843652015308276e-01,1.814024706712653173e-02,-4.663546912688427970e-02,1.307163146003565042e-02,1.739223103817191252e+00,6.142309597296512907e-03,-3.866424652324790823e-01,1.323181421025140247e-01,-2.500521787189200992e-04,1.589845458153491542e+00,-5.647837934245173441e-01,2.400008717569394531e-02,9.175669280810141645e-03,2.534176277113062495e-02,7.225850009001907534e-03,-6.868468708868016859e-02,9.995880229498465760e-03,2.652872546636227402e-01,9.786205142255563743e-04,2.662460598715894911e+00,1.285735409059711065e+00,-9.472302882457240806e-14,-4.536862311999693281e-02,1.158511844816987343e-13
2.200000000000000000e+03,-7.645459511107189909e-01,-1.930843652015308276e-01,1.806469980763483751e-02,-4.663546912688427970e-02,1.307163146003565042e-02,1.739223103817191252e+00,6.142309597296512907e-03,-3.866424652324790823e-01,1.322298384034499563e-01,0.000000000000000000e+00,1.589864826750293059e+00,-5.647837934245173441e-01,2.411557803026346050e-02,9.175669280810141645e-03,2.534176277113062495e-02,7.209837698997710598e-03,-6.868468708868016859e-02,1.194143520451516373e-02,2.652872546636227402e-01,9.855237848691172659e-04,2.651835196954833052e+00,1.285735409059711065e+00,-9.472302882457240806e-14,-6.430567983680347821e-02,1.160587469717551868e-13
2.300000000000000000e+03,-7.645459511107189909e-01,-1.930843652015308276e-01,1.814024706712653173e-02,-4.663546912688427970e-02,1.307163146003565042e-02,1.739223103817191252e+00,6.142309597296512907e-03,-3.866424652324790823e-01,1.306531717589046737e-01,0.000000000000000000e+00,1.588286325419073552e+00,-5.647837934245173441e-01,2.400046714061840683e-02,9.175669280810141645e-03,1.287667605182328187e-02,7.476282088157599169e-03,-6.868468708868016859e-02,1.478391788835359787e-02,2.575579986516419173e-01,1.461298792693267994e-03,2.651835196954833052e+00,1.285735409059711065e+00,-1.128571298441476262e-13,-6.177476548816274865e-02,9.848983636910079449e-14
2.400000000000000000e+03,-7.645459511107189909e-01,-1.930843652015308276e-01,1.814024706712653173e-02,-4.655225770674398245e-02,1.307163146003565042e-02,1.739223103817191252e+00,6.142309597296512907e-03,-3.866424652324790823e-01,1.895785702199038747e-01,0.000000000000000000e+00,1.588286325419073552e+00,-5.647837934245173441e-01,3.495700746034837575e-02,9.175669280810141645e-03,1.255155444799006294e-02,8.156038409983799517e-03,-6.868468708868016859e-02,1.478391788835359787e-02,2.652872546636227402e-01,1.467723692826254254e-03,2.651835196954833052e+00,1.285735409059711065e+00,-1.145093316729483690e-13,-6.172893967551450201e-02,4.612364102885940733e-14
2.500000000000000000e+03,-7.645459511107189909e-01,-1.806174516370061822e-01,1.392281427268217409e-02,-4.066723527607241789e-02,1.351702078059095584e-02,1.739223103817191252e+00,6.142309597296512907e-03,-3.866424652324790823e-01,1.895785702199038747e-01,0.000000000000000000e+00,1.588286325419073552e+00,-5.647837934245173441e-01,3.495700746034837575e-02,1.096347930171588138e-02,1.251096460738932575e-02,8.337857194999725302e-03,-6.868468708868016859e-02,1.478391788835359787e-02,2.652872546636227402e-01,1.467723692826254254e-03,2.651835196954833052e+00,1.285735409059711065e+00,-1.178573493259816417e-13,-6.172893967551450201e-02,2.725652881116395223e-14
2.600000000000000000e+03,-7.645459511107189909e-01,-1.775529672280089510e-01,1.854320255680304286e-02,-2.752769703555039971e-02,1.402699488003825157e-02,1.743889026318050872e+00,6.142309597296512907e-03,-3.866424652324790823e-01,1.895785702199038747e-01,0.000000000000000000e+00,1.588286325419073552e+00,-5.647837934245173441e-01,3.642352180342573603e-02,8.211966646307048909e-03,1.251096460738932575e-02,8.306899616834518760e-03,-6.871330851924292715e-02,1.472805173980537910e-02,2.652872546636227402e-01,1.476390425506437544e-03,2.651835196954833052e+00,1.285735409059711065e+00,-1.178573493259816417e-13,-6.339668075404658598e-02,2.725652881116395223e-14
2.700000000000000000e+03,-6.239575353010984315e-01,-2.251498755339371993e-01,1.898843290729074554e-02,-2.449364266719645036e-02,1.307163146003565042e-02,1.739223103817191252e+00,6.142309597296512907e-03,-3.866424652324790823e-01,1.895785702199038747e-01,2.112203800968715395e-03,1.588286325419073552e+00,-5.647837934245173441e-01,3.495700746034837575e-02,8.516559994633701725e-03,1.251096460738932575e-02,1.046705660757404205e-02,-6.868468708868016859e-02,1.462760819698115389e-02,2.652872546636227402e-01,1.039670364091286768e-03,2.651835196954833052e+00,1.284648286718226284e+00,-1.398547896781703863e-13,-6.007232796374580019e-02,2.830782591371846930e-14
2.800000000000000000e+03,-6.076290258455446791e-01,-2.251498755339371993e-01,1.898843290729074554e-02,-2.513922552413369246e-02,1.311139666974048268e-02,1.739223103817191252e+00,6.142309597296512907e-03,-3.866424652324790823e-01,1.895785702199038747e-01,0.000000000000000000e+00,1.588286325419073552e+00,-5.647837934245173441e-01,3.495700746034837575e-02,8.358137464546064668e-03,1.251096460738932575e-02,1.075593388227283342e-02,-6.855830693134370990e-02,1.478391788835359787e-02,2.652872546636227402e-01,9.568340448703485874e-04,2.651835196954833052e+00,1.285735409059711065e+00,-1.430722458973859098e-13,-3.204229300629938409e-02,3.308864936544518289e-14
2.900000000000000000e+03,-6.058409121848886691e-01,-2.251498755339371993e-01,1.898843290729074554e-02,-2.513922552413369246e-02,7.159688242480884320e-03,1.743780921566455033e+00,6.142309597296512907e-03,-3.866424652324790823e-01,1.715706882719166826e-01,6.091526320799086616e-04,1.588286325419073552e+00,-5.647837934245173441e-01,3.495700746034837575e-02,8.358137464546064668e-03,1.251096460738932575e-02,8.811092524171781903e-03,-1.231571929026800405e-01,1.849404785799270770e-02,2.652872546636227402e-01,9.586584241447156964e-04,2.651835196954833052e+00,1.285735409059711065e+00,-1.430722458973859098e-13,-2.593076536858206216e-02,3.337181977628570644e-14
3.000000000000000000e+03,-6.069714202174371076e-01,-2.251498755339371993e-01,1.898843290729074554e-02,-2.513922552413368899e-02,4.647059064443351956e-03,1.739223103817191252e+00,6.142309597296512907e-03,-3.866424652324790823e-01,1.715706882719166826e-01,0.000000000000000000e+00,1.588286325419073775e+00,-5.647837934245173441e-01,3.495700746034838269e-02,8.371151128263448760e-03,1.251096460738932575e-02,8.811092524171781903e-03,-1.232041221792761210e-01,1.136594968890106486e-02,2.652872546636227402e-01,1.517666276444053827e-03,2.651835196954833052e+00,1.285735409059711065e+00,-1.430722458973859098e-13,-2.593076536858206216e-02,3.318201184024468674e-14
3.100000000000000000e+03,-5.724203268327244798e-01,-2.258959402706929853e-01,1.898843290729074554e-02,-3.433464889349038818e-02,4.440418660934774588e-03,1.739223103817191252e+00,6.121690939814709506e-03,-3.866424652324790823e-01,9.278990341239340411e-02,0.000000000000000000e+00,1.588286325419073552e+00,-5.647837934245173441e-01,3.495700746034837575e-02,8.358137464546064668e-03,1.498207845991957748e-02,1.266961271965107508e-02,-8.088675229176867099e-02,1.136594968890106659e-02,2.655211020245545339e-01,1.533731852742036906e-03,2.651835196954833052e+00,1.285735409059711065e+00,-1.430722458973859098e-13,-2.593076536858206216e-02,3.318201184024468674e-14
3.200000000000000000e+03,-6.058409121848886691e-01,-2.251498755339371993e-01,1.898843290729074554e-02,-1.800795801930049969e-02,4.448788760787497631e-03,1.739223103817191252e+00,6.142309597296512907e-03,-3.866424652324790823e-01,8.325327572437912771e-02,0.000000000000000000e+00,1.588286325419073552e+00,-5.666329832248435672e-01,3.492632786653171451e-02,8.359717223941656034e-03,1.529536053003711579e-02,1.285147542842681248e-02,-8.088675229176867099e-02,1.168802152101692908e-02,2.652872546636227402e-01,1.533731852742036906e-03,2.650137681742815499e+00,1.285735409059711065e+00,-2.071947412339920955e-13,-2.593076536858206216e-02,3.332277849162539442e-14
3.300000000000000000e+03,-6.040904845551897662e-01,-2.251498755339371993e-01,1.898843290729074554e-02,-1.800795801930049969e-02,4.663160222996718708e-03,1.739223103817191252e+00,6.114173322925022316e-03,-3.855672030391766314e-01,8.206119726337735010e-02,0.000000000000000000e+00,1.588286325419073552e+00,-5.647837934245173441e-01,3.495700746034837575e-02,8.358137464546064668e-03,1.529096769148585895e-02,1.852772610838136769e-02,-1.070477394113704683e-01,1.130923200440208526e-02,3.474172287280986038e-01,1.533731852742036906e-03,2.652573941641364730e+00,1.285735409059711065e+00,-2.679794278072615779e-13,-3.585657675405030248e-02,3.318201184024468674e-14
3.400000000000000000e+03,-6.058409121848886691e-01,-2.251498755339371993e-01,1.898843290729074554e-02,-1.800795801930050316e-02,4.668086494230116144e-03,1.734363631537299222e+00,6.142309597296512907e-03,-3.866424652324790823e-01,1.100047335881391558e-01,0.000000000000000000e+00,1.588286325419073775e+00,-5.647837934245173441e-01,3.495700746034838269e-02,8.358137464546064668e-03,1.529096769148585895e-02,1.845021494607416990e-02,-1.073821009309961494e-01,1.136594968890106486e-02,3.474172287280986038e-01,1.479724535999056741e-03,2.651835196954833052e+00,1.285735409059711065e+00,-4.403328979921942540e-12,-3.585657675405030248e-02,4.336527728024095655e-14
3.500000000000000000e+03,-6.058409121848886691e-01,-2.262439519714095904e-01,1.898843290729074554e-02,-1.794251089146029973e-02,4.668086494230116144e-03,1.739223103817191252e+00,6.142309597296512907e-03,-3.866424652324790823e-01,1.161203187363754330e-01,0.000000000000000000e+00,1.588286325419073552e+00,-5.647837934245173441e-01,3.495700746034837575e-02,8.326293413264664045e-03,9.570867444508107669e-03,1.852772610838136769e-02,-1.073821009309961494e-01,7.933359987579493081e-03,3.474172287280986038e-01,1.533731852742036906e-03,2.651835196954833052e+00,1.289093762986424085e+00,-4.496892351743865701e-11,-3.781732132980397676e-02,6.305310886674042414e-14
3.600000000000000000e+03,-3.963786622241577962e-01,-2.251498755339371993e-01,1.730082210551842428e-02,-1.794328321976243826e-02,4.668086494230116144e-03,1.739223103817191252e+00,6.142309597296512907e-03,-3.866424652324790823e-01,1.025598301478131413e-01,0.000000000000000000e+00,1.585827982668044589e+00,-5.647837934245173441e-01,3.548081704448786261e-02,8.358137464546064668e-03,9.570867444508107669e-03,2.611498893702270119e-02,-1.073821009309961494e-01,7.929343084987211868e-03,3.474172287280986038e-01,1.533731852742037122e-03,2.645067745064824116e+00,1.285735409059711065e+00,-8.745289897430427295e-11,-4.730683835843754736e-02,5.648368426258700824e-14
3.700000000000000000e+03,-3.963786622241577962e-01,-2.251498755339371993e-01,1.730082210551842428e-02,-1.800795801930049969e-02,4.668086494230116144e-03,1.739223103817191252e+00,6.142309597296512907e-03,-3.866424652324790823e-01,8.447874002561581164e-02,1.731987556732851163e-03,1.588286325419073552e+00,-7.185081812672317048e-01,2.091747501211922364e-02,8.323575923933287241e-03,9.570867444508107669e-03,1.671211074898115712e-02,-1.073821009309961494e-01,7.933359987579493081e-03,3.474172287280986038e-01,1.533731852742036906e-03,2.651835196954833052e+00,1.284015731142356342e+00,-2.316031366914282616e-12,-4.764076647773905770e-02,5.663331923528000180e-14
3.800000000000000000e+03,-3.947588692788620013e-01,-2.251498755339371993e-01,1.726309726913410544e-02,-1.800795801930049969e-02,4.668086494230116144e-03,1.739223103817191252e+00,6.121680440474458126e-03,-3.866424652324790823e-01,8.038595067959297680e-02,0.000000000000000000e+00,1.588286325419073552e+00,-7.185081812672317048e-01,2.084272714749162841e-02,8.389528895722916241e-03,9.570867444508107669e-03,1.650285556642409890e-02,-1.073821009309961494e-01,1.002694436839937642e-02,3.474172287280986038e-01,1.533731852742036906e-03,2.651835196954833052e+00,1.285735409059711065e+00,-8.991683167935311838e-13,-4.764076647773905770e-02,5.648368426258700824e-14
3.900000000000000000e+03,-5.080459665279355441e-01,-2.251498755339371993e-01,1.730082210551842428e-02,-1.803411800833034165e-02,4.668086494230116144e-03,1.739223103817191252e+00,6.142309597296512907e-03,-3.865910505788991425e-01,8.461814629617565864e-02,0.000000000000000000e+00,1.588286325419073552e+00,-3.723825879768560276e-01,2.084272714749162841e-02,1.145355185481688326e-02,9.570867444508107669e-03,1.671211074898115712e-02,-1.073821009309961494e-01,1.025920932540924646e-02,3.474172287280986038e-01,7.304549498533727779e-04,2.651835196954833052e+00,1.285735409059711065e+00,-4.755906430935511664e-13,-4.776780894986733944e-02,5.648368426258700824e-14
4.000000000000000000e+03,-5.077570543071967535e-01,-2.258521030788896711e-01,1.730082210551842428e-02,-1.800795801930049969e-02,4.668086494230116144e-03,1.739223103817191252e+00,6.142309597296512907e-03,-3.866424652324790823e-01,8.447874002561581164e-02,0.000000000000000000e+00,1.588286325419073552e+00,-3.720376208704482823e-01,2.084272714749162841e-02,1.371060224660411789e-02,9.570867444508107669e-03,1.034769419666026029e-02,-1.073821009309961494e-01,1.025920932540924646e-02,3.474172287280986038e-01,7.322145579745053786e-04,2.651835196954833052e+00,1.285735409059711065e+00,-2.680722036602942494e-13,-4.764076647773905770e-02,5.792516975449141362e-14
4.100000000000000000e+03,-2.607837129217112082e-01,-1.364311112473587662e-01,1.809981983301124295e-02,-1.797504448220686377e-02,3.108255383753420406e-03,1.739223103817191252e+00,6.142309597296512907e-03,-3.866424652324790823e-01,8.447874002561579776e-02,0.000000000000000000e+00,1.595042085464267512e+00,-3.723825879768559721e-01,2.472174988804187387e-02,9.846082944756168187e-03,9.570867444508107669e-03,1.033319929358333944e-02,-8.388134970407824798e-02,1.003546366633483768e-02,2.933390196957575413e-01,7.304549498533727779e-04,2.651835196954833052e+00,1.285735409059711065e+00,-2.680722036602942494e-13,-4.764076647773905077e-02,5.648368426258700824e-14
4.200000000000000000e+03,-3.170761276359812531e-01,-1.439467937170384459e-01,9.643442075961787541e-03,-1.800795801930050316e-02,1.504992630377594226e-03,1.739223103817191252e+00,6.142309597296512907e-03,-3.866730128361604568e-01,8.447874002561579776e-02,3.214716146385261826e-03,1.582185262518305269e+00,-3.723825879768559721e-01,2.472174988804187387e-02,9.846082944756168187e-03,9.570867444508107669e-03,1.021787238296233830e-02,-8.388134970407824798e-02,1.025920932540924646e-02,2.933390196957575413e-01,7.304549498533727779e-04,2.644541355573892805e+00,1.285735409059711065e+00,-1.395764789652095236e-13,-4.933896995999288021e-02,5.622858750812411490e-14
4.300000000000000000e+03,-3.170761276359811975e-01,-1.439467937170384459e-01,9.643442075961787541e-03,-1.800795801930050316e-02,1.504992630377594226e-03,1.739223103817191474e+00,6.134385347679674125e-03,-3.866424652324791378e-01,7.768572671900834947e-02,0.000000000000000000e+00,1.588286325419073775e+00,-3.723825879768559721e-01,1.709984509986216261e-02,9.684523373768688312e-03,9.570867444508107669e-03,1.002184745325956396e-02,-8.360333081599233274e-02,1.034422086873238930e-02,2.933390196957575413e-01,7.304549498533728863e-04,2.656284956672096964e+00,1.285735409059711065e+00,-1.398494500077816172e-13,-4.973574294758974917e-02,5.648368426258700824e-14
4.400000000000000000e+03,-4.502823594653733164e-01,-1.436843764950039570e-01,9.643442075961787541e-03,-1.800795801930049969e-02,1.504992630377594226e-03,1.739223103817191252e+00,6.142309597296512907e-03,-3.866424652324790823e-01,4.447667323636986247e-02,0.000000000000000000e+00,1.588286325419073552e+00,-3.723825879768560276e-01,1.626325760137488016e-02,8.421421273321119325e-03,9.570867444508107669e-03,1.000558435857549534e-02,-5.251531332238579264e-02,1.025920932540924646e-02,2.933390196957575413e-01,4.065899884882901425e-04,2.651835196954833052e+00,1.285735409059711065e+00,-1.395764789652095236e-13,-4.933307550442830175e-02,5.648368426258700824e-14
4.500000000000000000e+03,-6.609150285662651614e-01,-1.439467937170384459e-01,9.643442075961787541e-03,-1.800795801930049969e-02,1.504992630377594226e-03,1.739223103817191252e+00,6.149229702569573679e-03,-3.866424652324790823e-01,4.487801598386259583e-02,0.000000000000000000e+00,1.588286325419073552e+00,-5.211347901205893862e-01,1.868269429690274167e-02,1.171216225884741564e-02,9.570867444508107669e-03,9.996774497134786400e-03,-3.684470305181276190e-02,1.025920932540924646e-02,2.933390196957575413e-01,4.068295081031862519e-04,2.651835196954833052e+00,1.285735409059711065e+00,-4.347243538514106023e-14,-4.933896995999288021e-02,5.648368426258700824e-14
4.600000000000000000e+03,-6.609150285662651614e-01,-1.439467937170384459e-01,5.740455362718475257e-03,-2.167837676587745094e-02,1.504992630377594226e-03,1.739223103817191252e+00,6.142309597296512907e-03,-3.852644694303418160e-01,3.343316661382297189e-02,0.000000000000000000e+00,1.588286325419073552e+00,-5.211347901205893862e-01,1.868269429690274167e-02,1.153366645054200099e-02,1.371187312099987274e-02,9.996774497134786400e-03,-3.684470305181276190e-02,1.410965959522488510e-02,2.984010409753700688e-01,4.203622404225570508e-04,2.659355591274185748e+00,1.285735409059711065e+00,-4.356479219073864167e-14,-4.919730639584163345e-02,5.648368426258700824e-14
4.700000000000000000e+03,-6.607709064560687295e-01,-2.804009919407590146e-01,5.252582023563058186e-03,-2.286906487502176483e-02,1.434357838534744498e-03,1.742442595829637675e+00,6.142309597296512907e-03,-3.866424652324790823e-01,2.928276099858961173e-02,0.000000000000000000e+00,1.584908382832761031e+00,-2.946282143726087766e-01,2.241404208972024026e-02,9.444851216343065625e-03,7.471305926060376086e-03,9.959210503611192269e-03,-3.697873556538730511e-02,1.415035320905873480e-02,3.465221312373768514e-01,4.069992201878230094e-04,2.657868198615436661e+00,1.290625837021860622e+00,-4.347243538514106023e-14,-6.064145652636581535e-02,5.648368426258700824e-14
4.800000000000000000e+03,-6.609150285662651614e-01,-2.804009919407590146e-01,5.252582023563058186e-03,-2.303242799641222471e-02,1.377850005060464976e-03,1.739223103817191252e+00,6.142309597296512907e-03,-3.866424652324790823e-01,2.928276099858961173e-02,0.000000000000000000e+00,1.588286325419073552e+00,-2.061313010405157187e-01,2.199824081319842056e-02,9.388944383517425912e-03,7.471305926060376086e-03,1.000865713915407955e-02,-3.684470305181276190e-02,1.412796650083115307e-02,3.470408628506785331e-01,4.068295081031862519e-04,2.651835196954833052e+00,1.285735409059711065e+00,-4.347243538514106023e-14,-6.060606353804474239e-02,5.648368426258700824e-14
4.900000000000000000e+03,-6.609150285662651614e-01,-2.804009919407590146e-01,3.205772863083677406e-03,-2.297235471430126089e-02,1.377850005060464976e-03,1.739223103817191252e+00,6.142309597296512907e-03,-3.866424652324790823e-01,2.942517939486695433e-02,3.124774248669513668e-03,1.588286325419073775e+00,-2.061313010405157464e-01,3.005422259844950719e-02,9.388944383517425912e-03,7.471305926060376086e-03,9.996774497134786400e-03,-3.661737990187514252e-02,1.481282172698368538e-02,3.470408628506785886e-01,4.501545874531477859e-04,2.651737139425563772e+00,1.285735409059711065e+00,-4.347243538514105392e-14,-6.060606353804474239e-02,5.648368426258700824e-14
5.000000000000000000e+03,-6.241785624468078053e-01,-2.804009919407590146e-01,3.205772863083676972e-03,-2.297235471430126089e-02,1.377850005060464976e-03,1.739223103817191252e+00,6.142309597296512907e-03,-3.866424652324790823e-01,2.928276099858961173e-02,0.000000000000000000e+00,1.591896252635591757e+00,-2.061313010405157187e-01,3.102022243288656694e-02,9.342192422111959133e-03,5.374584841505154580e-03,9.147369271377603361e-03,-3.385587205271756855e-02,1.497691207845544374e-02,3.470408628506785331e-01,4.580159407234009089e-04,2.651835196954833052e+00,1.285735409059711065e+00,-4.347243538514106023e-14,-8.015205649970985613e-02,5.648368426258700824e-14
5.100000000000000000e+03,-5.936559038290731838e-01,-3.357928996049459602e-01,4.580862471757287530e-03,-2.297235471430126089e-02,1.377850005060464976e-03,1.739223103817191252e+00,6.142309597296512907e-03,-3.866424652324790823e-01,1.946335376103930370e-02,0.000000000000000000e+00,1.588286325419073552e+00,-2.061313010405157187e-01,3.102022243288656694e-02,7.795175158240023189e-03,5.374584841505154580e-03,9.147369271377603361e-03,-3.373270541300506242e-02,1.493403053854818439e-02,3.470408628506785331e-01,4.580159407234009089e-04,2.651835196954833052e+00,1.285735409059711065e+00,-4.234717186064307177e-14,-8.015205649970985613e-02,5.668615455611171160e-14
5.200000000000000000e+03,-5.964588672312589601e-01,-3.280921768804520577e-01,4.580862471757287530e-03,-2.392179903367299201e-02,1.377850005060464976e-03,1.739223103817191252e+00,6.142309597296512907e-03,-3.858588096841507609e-01,1.951215548820597889e-02,0.000000000000000000e+00,1.588286325419073552e+00,-2.061313010405157187e-01,3.107189837546410136e-02,4.783546669581892168e-03,5.374584841505154580e-03,9.299780223938661564e-03,-3.378370467025650081e-02,1.486453783019015505e-02,2.971967413241981548e-01,4.457904585797819487e-04,2.651835196954833052e+00,1.285735409059711065e+00,-4.234717186064307177e-14,-8.015205649970985613e-02,5.648368426258700824e-14
5.300000000000000000e+03,-6.363076801709778296e-01,-3.430681280753907769e-01,4.882997403028048466e-03,-1.779627709787132486e-02,1.374165408128487928e-03,1.739223103817191252e+00,6.157688063829079746e-03,-3.866424652324790823e-01,1.980847915312415955e-02,0.000000000000000000e+00,1.581263010409210468e+00,-2.061313010405157187e-01,3.019862729430811132e-02,4.170547862721148136e-03,5.374584841505154580e-03,9.553203319791096076e-03,-3.385587205271756855e-02,1.490172728387273958e-02,2.894535657392713346e-01,4.548853362846741314e-04,2.651835196954833052e+00,1.285735409059711065e+00,-4.347243538514106023e-14,-4.718318777308241202e-02,5.648368426258700824e-14
5.400000000000000000e+03,-6.241785624468078053e-01,-2.772400510212268965e-01,4.752748672841490205e-03,-1.724242094365206063e-02,1.377850005060464976e-03,1.739223103817191252e+00,6.133677740663887566e-03,-3.866424652324790823e-01,1.946335376103930370e-02,0.000000000000000000e+00,1.588286325419073552e+00,-3.034421192714065185e-01,3.102022243288656694e-02,5.538984485037087152e-03,5.374584841505154580e-03,9.133146116252179730e-03,-3.389676081637611749e-02,2.002388291209556206e-02,2.894535657392713346e-01,4.580159407234009089e-04,2.648711854393443144e+00,1.285735409059711065e+00,-4.327585996316098488e-14,-4.273806311825009002e-02,5.648368426258700824e-14
5.500000000000000000e+03,-6.096985277282594984e-01,-2.772400510212268965e-01,4.752748672841490205e-03,-1.730047725120255689e-02,1.377850005060464976e-03,1.739223103817191252e+00,6.142309597296512907e-03,-3.876950609376695334e-01,1.946335376103930370e-02,0.000000000000000000e+00,1.588286325419073552e+00,-3.034421192714065185e-01,3.102022243288656694e-02,5.538984485037087152e-03,5.374584841505154580e-03,9.162579223373596218e-03,-3.385587205271756855e-02,2.002388291209556206e-02,2.055512041965580072e-01,4.733151059451903148e-04,2.648904617642882542e+00,1.285735409059711065e+00,-4.351669306957885334e-14,-5.775275952106912608e-02,5.648368426258700824e-14
5.600000000000000000e+03,-6.241785624468078053e-01,-2.772400510212268965e-01,4.752748672841490205e-03,-1.721029024105108149e-02,1.377850005060464976e-03,1.743700062257347083e+00,6.142309597296512907e-03,-3.866424652324790823e-01,1.946335376103930370e-02,0.000000000000000000e+00,1.588286325419073552e+00,-3.034421192714065185e-01,3.387066958142922329e-02,5.538984485037087152e-03,3.215842285174160767e-03,9.147369271377603361e-03,-3.385587205271756855e-02,1.995462034986012281e-02,2.654782229436537522e-01,4.502593656206106102e-04,2.651835196954833052e+00,1.285735409059711065e+00,-4.337707036224885090e-14,-5.414988025739896071e-02,5.648368426258700824e-14
5.700000000000000000e+03,-6.241785624468078053e-01,-2.772400510212268965e-01,2.847154644397244944e-03,-1.721029024105108149e-02,1.377850005060464976e-03,1.739865055724058918e+00,6.142309597296512907e-03,-3.866424652324790823e-01,1.946335376103930370e-02,0.000000000000000000e+00,1.588286325419073552e+00,-3.034421192714065185e-01,3.104992807956751671e-02,5.538984485037087152e-03,2.945999465632785728e-03,9.172846546533768020e-03,-3.385587205271756855e-02,2.002388291209556206e-02,2.654782229436537522e-01,4.536172540112820236e-04,2.651835196954833052e+00,1.285735409059711065e+00,-4.347243538514106023e-14,-5.363980366940490629e-02,5.648368426258700824e-14
5.800000000000000000e+03,-6.383014481380039351e-01,-3.874074580380297839e-01,2.847154644397244944e-03,-1.721029024105108149e-02,1.377850005060464976e-03,1.739223103817191252e+00,6.142309597296512907e-03,-3.866424652324790823e-01,1.672225791614116025e-02,0.000000000000000000e+00,1.588286325419073552e+00,-2.412643984478516634e-01,3.212048928712354923e-02,5.755974296832263269e-03,2.945999465632785728e-03,9.024150231283334378e-03,-3.372521329673224683e-02,2.002388291209556206e-02,2.654782229436537522e-01,5.751452856904314863e-04,2.651835196954833052e+00,1.285735409059711065e+00,-4.347243538514106023e-14,-7.197197030067879753e-02,5.648368426258700824e-14
5.900000000000000000e+03,-6.241785624468078053e-01,-4.011783839151305542e-01,2.847154644397244944e-03,-1.721029024105107802e-02,1.377850005060464976e-03,1.735660706032361889e+00,6.142309597296512907e-03,-3.866424652324790823e-01,1.910575737898936519e-02,0.000000000000000000e+00,1.588286325419073775e+00,-2.334921833449074002e-01,3.102022243288656694e-02,9.389076067516557988e-03,2.945999465632785728e-03,8.786971470409235194e-03,-1.709179720316789455e-02,1.524255272351128683e-02,2.643543904113611620e-01,1.925723722501236960e-04,2.651835196954833052e+00,1.285735409059711065e+00,-4.331649978505317252e-14,-5.340614692721396689e-02,5.648368426258700824e-14
6.000000000000000000e+03,-6.241785624468078053e-01,-4.398542092916154500e-01,2.847154644397244944e-03,-1.646373658541505983e-02,1.379476040303166109e-03,1.739223103817191252e+00,6.142309597296512907e-03,-3.866424652324790823e-01,1.946335376103930370e-02,0.000000000000000000e+00,1.594300016030155698e+00,-2.334921833449074002e-01,3.102022243288656694e-02,9.620804448944168460e-03,2.938381837737323414e-03,7.122617099110995810e-03,-1.621988232543623148e-02,2.358327920274736270e-02,2.654782229436537522e-01,1.931794667394623477e-04,2.651835196954833052e+00,1.285735409059711065e+00,-4.347243538514106023e-14,-7.356185594020613061e-02,5.648368426258700824e-14
6.100000000000000000e+03,-6.241785624468078053e-01,-4.434394336914304069e-01,2.847154644397244944e-03,-1.667638887757515523e-02,1.377850005060464976e-03,1.739223103817191252e+00,6.142309597296512907e-03,-3.866424652324790823e-01,1.946335376103930370e-02,4.657025640024957044e-03,1.588286325419073552e+00,-2.334921833449074002e-01,3.102022243288656694e-02,1.694821358979918188e-02,2.940371276473543061e-03,7.142035502294919770e-03,-1.226655218795871111e-02,3.534282012954412244e-02,3.206608167726905934e-01,1.251211603882243322e-04,2.651835196954833052e+00,1.285735409059711065e+00,-4.347243538514106023e-14,-7.608131956683011898e-02,5.648368426258700824e-14
6.200000000000000000e+03,-6.024993518899386391e-01,-4.434394336914304069e-01,2.604056454275592829e-03,-1.642866503939367784e-02,7.932973149241052306e-04,1.739223103817191252e+00,6.152545738970611848e-03,-3.866424652324790823e-01,2.040899821276247542e-02,0.000000000000000000e+00,1.581980480558193847e+00,-2.334921833449074002e-01,3.102022243288656694e-02,1.704742658853529436e-02,2.945999465632785728e-03,7.336219534134153300e-03,-1.226655218795871111e-02,4.814936357566102637e-02,3.206608167726905934e-01,1.008721667962704185e-04,2.651835196954833052e+00,1.285735409059711065e+00,-4.347243538514106023e-14,-7.628649919087496234e-02,5.668765581208556541e-14
6.300000000000000000e+03,-6.241785624468078053e-01,-6.096576267510244174e-01,2.573669180510386803e-03,-1.727526767021067902e-02,7.202282286570595984e-04,1.741275583502567947e+00,6.142309597296512907e-03,-3.866424652324790823e-01,2.909012468054327991e-02,3.643134512574633475e-03,1.583439625753843671e+00,-2.334921833449074002e-01,3.102022243288656694e-02,1.794628412219872321e-02,2.945999465632785728e-03,7.122617099110995810e-03,-1.226655218795871111e-02,4.985993972973370991e-02,3.206608167726905934e-01,1.021624229415793846e-04,2.651835196954833052e+00,1.285735409059711065e+00,-4.347243538514106023e-14,-7.608131956683011898e-02,5.667045813287763620e-14
6.400000000000000000e+03,-6.241785624468078053e-01,-6.395435782049851969e-01,2.573669180510386803e-03,-1.708625839069108712e-02,7.188838272067611191e-04,1.739223103817191252e+00,6.142309597296512907e-03,-3.866424652324790823e-01,2.909012468054327991e-02,0.000000000000000000e+00,1.588286325419073552e+00,-2.524673298190330817e-01,3.102022243288656694e-02,1.794628412219872321e-02,2.945999465632785728e-03,7.122617099110995810e-03,-1.186394697109913535e-02,3.326724165362592717e-02,3.206608167726905934e-01,1.021624229415793846e-04,2.651835196954833052e+00,1.285735409059711065e+00,-4.364009281578012091e-14,-7.766796822232037434e-02,5.648368426258700824e-14
6.500000000000000000e+03,-6.241785624468078053e-01,-1.018968091493117845e+00,2.629060559239494461e-03,-1.721029024105108149e-02,7.202282286570595984e-04,1.739223103817191252e+00,6.142309597296512907e-03,-3.866424652324790823e-01,2.909012468054327991e-02,0.000000000000000000e+00,1.588286325419073552e+00,-2.543050840318938910e-01,3.102022243288656694e-02,1.807022040315185707e-02,2.897207362195556701e-03,7.122617099110995810e-03,-1.185814781059263759e-02,3.326724165362592717e-02,3.206608167726905934e-01,1.068870571220197286e-04,2.651835196954833052e+00,1.285735409059711065e+00,-4.349172723500547321e-14,-7.980146787742102565e-02,5.648368426258700824e-14
6.600000000000000000e+03,-5.661388625140094666e-01,-1.036510204200173701e+00,2.576386188906198797e-03,-1.724362757819232830e-02,7.186945887392059062e-04,1.739223103817191252e+00,6.142309597296512907e-03,-3.868450936229310133e-01,3.163651885797640062e-02,0.000000000000000000e+00,1.588286325419073552e+00,-2.557009883354612878e-01,1.760742001543945390e-02,1.794628412219872321e-02,2.613224700074710371e-03,7.122617099110995810e-03,-1.223210190966185669e-02,3.326724165362592717e-02,3.206608167726905934e-01,7.169245277858017661e-05,2.651835196954833052e+00,1.285735409059711065e+00,-4.347243538514106023e-14,-7.719708981336843856e-02,5.648368426258700824e-14
6.700000000000000000e+03,-3.696793536681824421e-01,-1.036510204200173701e+00,2.528360166235023906e-03,-1.721029024105108149e-02,7.202282286570595984e-04,1.739223103817191252e+00,6.128229641608532591e-03,-3.866424652324790823e-01,2.909012468054327991e-02,0.000000000000000000e+00,1.583022390534807533e+00,-2.543050840318938910e-01,1.760742001543945390e-02,1.794628412219872321e-02,2.609093798674792797e-03,7.122617099110995810e-03,-1.226655218795871111e-02,4.923696296954824941e-02,3.029363203800958249e-01,7.183220612938175131e-05,2.651835196954833052e+00,1.282073131052283044e+00,-4.341134183244677629e-14,-7.720393200016821555e-02,5.648368426258700824e-14
6.800000000000000000e+03,-3.698191785797583786e-01,-1.036510204200173701e+00,2.522895862680034438e-03,-1.769054328258829259e-02,7.114238162275019102e-04,1.739223103817191252e+00,6.162833553455387796e-03,-3.866424652324790823e-01,2.910020935207844814e-02,0.000000000000000000e+00,1.588286325419073552e+00,-2.543050840318938910e-01,1.991506045441672479e-02,1.794628412219872321e-02,4.030309624090417514e-03,7.122617099110995810e-03,-1.226655218795871111e-02,4.923696296954824941e-02,3.007207583310214649e-01,7.153472006838975804e-05,2.645430899173486505e+00,1.279913669120568809e+00,-4.259629395676784228e-14,-7.719708981336843856e-02,5.648368426258700824e-14
6.900000000000000000e+03,-3.698690134311071742e-01,-6.020521507754467150e-01,2.634038793533191418e-03,-2.016510044224417014e-02,7.202282286570595984e-04,1.739223103817191252e+00,6.142309597296512907e-03,-3.866981945801459264e-01,2.617362416397656100e-02,0.000000000000000000e+00,1.588286325419073552e+00,-2.661312119713168944e-01,2.062930398453502456e-02,2.126324661636549984e-02,4.452294451566754345e-03,7.122617099110995810e-03,-1.179366766179726876e-02,3.173713059204373577e-02,3.007207583310214649e-01,6.406309714888065525e-05,2.651835196954833052e+00,1.285735409059711065e+00,-4.347243538514106023e-14,-9.777030533492903075e-02,5.648368426258700824e-14
7.000000000000000000e+03,-3.696793536681824421e-01,-5.637834537286484649e-01,2.522895862680034438e-03,-2.063798435263913822e-02,4.359452935259411029e-04,1.739223103817191252e+00,6.142309597296512907e-03,-3.866424652324790823e-01,2.478384825929856594e-02,3.058768446111438492e-03,1.588286325419073552e+00,-2.543050840318938910e-01,2.062229676774900156e-02,2.167786692813633911e-02,4.505042555001296557e-03,7.122617099110995810e-03,-1.225684102266122802e-02,2.840180117640895077e-02,3.007207583310214649e-01,6.342529638404127538e-05,2.662890622859057199e+00,1.285735409059711065e+00,-4.347243538514106023e-14,-6.058093915547489716e-02,3.112350577861484932e-14
7.100000000000000000e+03,-3.684288303161323830e-01,-5.477448940973554947e-01,2.522895862680034438e-03,-2.064127614945096903e-02,4.036063540494037654e-04,1.739223103817191252e+00,6.142309597296512907e-03,-3.866424652324790823e-01,4.804431534695156880e-02,0.000000000000000000e+00,1.588286325419073775e+00,-2.538018585981408060e-01,1.312270613961210794e-02,2.962927989980202598e-02,4.505042555001297425e-03,7.122617099110995810e-03,-1.246255655616313081e-02,3.711589565844961025e-02,3.007207583310214649e-01,6.367376278705977842e-05,2.651835196954833052e+00,1.285735409059711065e+00,-4.347243538514105392e-14,-8.546899957452033791e-02,2.834211829055122548e-14
7.200000000000000000e+03,-3.531158134117932668e-01,-5.477448940973554947e-01,2.466189582373459060e-03,-1.076914650793604072e-02,3.189709881867000205e-04,1.739223103817191252e+00,6.142309597296512907e-03,-3.866424652324790823e-01,4.804431534695156880e-02,0.000000000000000000e+00,1.588286325419073775e+00,-2.543050840318938910e-01,1.613226569818771231e-02,3.139585644410003429e-02,3.829280111554751991e-03,7.156400871252637137e-03,-1.247749963710102425e-02,3.711589565844961025e-02,3.021859307006409257e-01,6.334100380072827546e-05,2.651835196954833052e+00,1.285735409059711065e+00,-4.347243538514105392e-14,-8.536880489077459944e-02,2.834211829055122548e-14
7.300000000000000000e+03,-3.696793536681824421e-01,-6.155879582507383097e-01,2.522895862680034438e-03,-1.076914650793604072e-02,3.293278900108163204e-04,1.739223103817191252e+00,6.142309597296512907e-03,-3.866424652324790823e-01,5.498350900666064411e-02,0.000000000000000000e+00,1.588286325419073775e+00,-2.646000206415212164e-01,1.386057386019430050e-02,2.990477946815591620e-02,3.322550924509706273e-03,7.122617099110995810e-03,-1.247749963710102425e-02,3.898265124356341954e-02,3.007207583310214649e-01,3.585454291719075020e-05,2.651835196954833052e+00,1.285735409059711065e+00,-4.360587042453468037e-14,-8.536880489077459944e-02,2.834211829055122548e-14
7.400000000000000000e+03,-3.696793536681824421e-01,-6.130819384923786863e-01,2.530057327937068178e-03,-1.076914650793604072e-02,3.189709881867000205e-04,1.739223103817191252e+00,6.142309597296512907e-03,-3.866424652324790823e-01,5.479073155575218956e-02,4.871361116102182823e-03,1.588286325419073775e+00,-2.543050840318938910e-01,1.386057386019430050e-02,2.990477946815591620e-02,3.577192817126003017e-03,7.122617099110995810e-03,-1.124313215346412799e-02,3.711589565844961025e-02,3.007207583310214649e-01,3.249019847228391844e-05,2.651835196954833052e+00,1.285735409059711065e+00,-4.577697275802607194e-14,-8.536880489077459944e-02,2.834211829055122548e-14
7.500000000000000000e+03,-3.696793536681824421e-01,-6.130819384923786863e-01,2.522895862680034438e-03,-1.037934584355229388e-02,3.189709881867000205e-04,1.739223103817191252e+00,6.142309597296512907e-03,-3.866424652324790823e-01,5.457532392421677453e-02,0.000000000000000000e+00,1.588286325419073552e+00,-2.543050840318938910e-01,1.386057386019429877e-02,2.990477946815591620e-02,3.577192817126002584e-03,7.122617099110995810e-03,-6.502494697227444338e-03,3.711589565844961025e-02,3.007207583310214649e-01,3.249019847228391166e-05,2.651835196954833052e+00,1.285735409059711065e+00,-4.347243538514106023e-14,-8.536880489077459944e-02,2.834211829055122548e-14
7.600000000000000000e+03,-3.696793536681824421e-01,-6.145356908203255530e-01,2.522895862680034438e-03,-1.448966659226563584e-02,3.189709881867000205e-04,1.745870874240747161e+00,6.142309597296512907e-03,-3.866424652324790823e-01,5.457532392421677453e-02,0.000000000000000000e+00,1.588286325419073552e+00,-2.543050840318938910e-01,1.386057386019429877e-02,2.990477946815591620e-02,3.579491727497038055e-03,4.916521027103601567e-03,-6.502494697227444338e-03,3.135066321806289497e-02,2.939328264843902860e-01,3.237112141127395737e-05,2.651835196954833052e+00,1.285735409059711065e+00,-4.347243538514106023e-14,-8.550854260059116696e-02,2.834211829055122548e-14
7.700000000000000000e+03,-3.696793536681824421e-01,-6.146647739000994370e-01,2.522895862680034438e-03,-1.443627900830902165e-02,3.189709881867000205e-04,1.739223103817191252e+00,6.142309597296512907e-03,-3.866424652324790823e-01,4.572864688672708539e-02,0.000000000000000000e+00,1.591947056495679247e+00,-2.514069355177027121e-01,1.386057386019429877e-02,2.803660909235811474e-02,3.577192817126002584e-03,4.916521027103601567e-03,-8.705946184129221416e-03,3.135066321806289497e-02,3.007207583310214649e-01,3.249019847228391166e-05,2.651835196954833052e+00,1.281234499378190117e+00,-4.347243538514106023e-14,-1.114855170982930049e-01,2.789696863675867431e-14
7.800000000000000000e+03,-3.727326089187583680e-01,-6.145356908203255530e-01,2.522895862680034438e-03,-1.445437913976119378e-02,3.189709881867000747e-04,1.739223103817191474e+00,6.142309597296512040e-03,-3.866424652324791378e-01,4.007362429334315745e-02,0.000000000000000000e+00,1.581254477298930317e+00,-2.543050840318938910e-01,1.386057386019430050e-02,2.795653557230679681e-02,3.577192817126003017e-03,5.443043261992090188e-03,-8.690835204019116758e-03,3.135066321806289497e-02,2.993923207181501955e-01,3.249019847228391844e-05,2.651835196954833052e+00,1.285735409059711065e+00,-4.347243538514105392e-14,-1.114855170982930049e-01,2.834211829055122232e-14
7.900000000000000000e+03,-3.696793536681824421e-01,-5.920979474027965317e-01,2.522895862680034438e-03,-7.906575331057883252e-03,3.189709881867000205e-04,1.739223103817191252e+00,6.142309597296512907e-03,-3.866424652324790823e-01,3.538731902293126841e-02,0.000000000000000000e+00,1.584840773380876477e+00,-2.543050840318938910e-01,1.386057386019429877e-02,2.780308779538338826e-02,3.177259093741096902e-03,5.490478341886425445e-03,-6.938352063075280303e-03,3.135066321806289497e-02,2.903875508152268248e-01,3.249019847228391166e-05,2.651835196954833052e+00,1.285735409059711065e+00,-3.620519934871245832e-14,-1.057918703010209127e-01,2.833833731047014866e-14
8.000000000000000000e+03,-3.696793536681824421e-01,-6.145356908203255530e-01,2.522895862680034438e-03,-6.753630449838458200e-03,3.189709881867000205e-04,1.739223103817191252e+00,6.142309597296512907e-03,-3.866424652324790823e-01,3.548903444759855808e-02,6.664583328101228660e-04,1.584840773380876477e+00,-2.543050840318938910e-01,1.386057386019429877e-02,2.780308779538338826e-02,3.026506092984215801e-03,5.490478341886425445e-03,-6.940225501742790931e-03,3.154966886133090537e-02,3.007207583310214649e-01,3.249019847228391166e-05,2.651835196954833052e+00,1.285735409059711065e+00,-3.620519934871245832e-14,-9.330158633847442096e-02,2.834211829055122548e-14
8.100000000000000000e+03,-3.845217235476197648e-01,-6.145356908203255530e-01,2.522895862680034438e-03,-6.753630449838458200e-03,3.189709881867000205e-04,1.739223103817191252e+00,6.161331210123154913e-03,-3.866424652324790823e-01,3.547217554566697850e-02,0.000000000000000000e+00,1.584840773380876477e+00,-2.543050840318938910e-01,1.386057386019429877e-02,2.780308779538338826e-02,3.177259093741096902e-03,5.490478341886425445e-03,-7.489952256020356199e-03,3.135066321806289497e-02,3.007207583310214649e-01,3.249019847228391166e-05,2.651835196954833052e+00,1.285735409059711065e+00,-3.620519934871245832e-14,-8.447880248531722258e-02,2.672911544133776766e-14
8.200000000000000000e+03,-3.701930744053119615e-01,-7.887355949015892875e-01,2.522895862680034438e-03,-6.753630449838458200e-03,3.197780303424018768e-04,1.739223103817191252e+00,6.142309597296512907e-03,-3.866424652324790823e-01,3.530770088093149878e-02,0.000000000000000000e+00,1.584840773380876477e+00,-2.543050840318938910e-01,1.499325037642986087e-02,2.780308779538338826e-02,3.177259093741096902e-03,5.514689212024822748e-03,-7.516946203102096817e-03,4.026242382247346291e-02,3.007207583310214649e-01,3.249019847228391166e-05,2.651835196954833052e+00,1.285735409059711065e+00,-3.620519934871245832e-14,-6.825319079241039255e-02,2.672911544133776766e-14
8.300000000000000000e+03,-3.696793536681824421e-01,-7.892205147843610602e-01,2.522895862680034438e-03,-6.757748745545116148e-03,2.518365597322530253e-04,1.739223103817191474e+00,6.142309597296512040e-03,-3.866424652324791378e-01,3.516956547161206870e-02,0.000000000000000000e+00,1.584840773380876477e+00,-2.543050840318938910e-01,1.545901082746524435e-02,2.780308779538338826e-02,3.177259093741096468e-03,5.490478341886425445e-03,-7.516946203102097684e-03,2.790410658312358558e-02,3.007207583310214649e-01,3.249019847228391844e-05,2.651835196954833052e+00,1.281343526698109025e+00,-3.620519934871245832e-14,-6.825319079241039255e-02,2.672911544133777082e-14
8.400000000000000000e+03,-3.696793536681824421e-01,-7.892205147843610602e-01,2.522895862680034438e-03,-7.052390228950987904e-03,2.319920674420036528e-04,1.739223103817191252e+00,6.142309597296512907e-03,-3.866424652324790823e-01,3.514583218850979990e-02,0.000000000000000000e+00,1.578998999211395970e+00,-2.543050840318938910e-01,1.499325037642986087e-02,2.780308779538338826e-02,2.169382978279698216e-03,5.478029922839483361e-03,-7.516946203102096817e-03,2.790410658312358558e-02,1.605721116650239699e-01,3.249019847228391166e-05,2.648320210346972736e+00,1.298122052743757582e+00,-3.620519934871245832e-14,-6.846864454800972999e-02,2.246951002935921395e-14
8.500000000000000000e+03,-5.447114253262108630e-01,-7.892205147843610602e-01,2.522895862680034438e-03,-7.052390228950987904e-03,2.319920674420036528e-04,1.739223103817191252e+00,6.142309597296512907e-03,-3.866424652324790823e-01,3.547610272151850014e-02,0.000000000000000000e+00,1.578998999211395970e+00,-2.543050840318938910e-01,1.499768550698977500e-02,2.672581829528892366e-02,2.169382978279698216e-03,5.494580484625078559e-03,-7.516946203102096817e-03,4.043506804771865998e-02,2.284826471404858561e-01,3.249019847228391844e-05,2.651835196954833052e+00,1.285735409059711065e+00,-5.187454055580176482e-14,-6.825319079241039255e-02,2.850117534386103695e-14
8.600000000000000000e+03,-5.447114253262109740e-01,-7.892205147843610602e-01,2.532621625280008417e-03,-7.075517267668379566e-03,2.319920674420036528e-04,1.739223103817191252e+00,6.159937767292962552e-03,-3.882929862041334390e-01,3.530770088093149878e-02,0.000000000000000000e+00,1.578998999211395970e+00,-1.483769372000924847e-01,1.494687045383090093e-02,1.489865536254460741e-02,2.169382978279698216e-03,5.490478341886425445e-03,-7.516946203102096817e-03,4.023014098090754720e-02,2.284826471404858284e-01,3.249019847228391166e-05,2.651835196954833052e+00,1.285735409059711065e+00,-5.186565241750127456e-14,-6.812902910597293249e-02,2.850117534386104326e-14
8.700000000000000000e+03,-5.447114253262109740e-01,-7.892205147843610602e-01,2.522895862680034438e-03,-8.923564303202626349e-03,1.462643826579644319e-04,1.739223103817191252e+00,6.133533722094133660e-03,-3.855389197421876801e-01,3.530770088093149878e-02,0.000000000000000000e+00,1.578998999211395970e+00,-1.481077401045177988e-01,1.499325037642986087e-02,1.489865536254460741e-02,2.169382978279698216e-03,6.917777797933229861e-03,-7.525947684651909664e-03,4.043506804771866692e-02,2.284826471404858284e-01,3.249019847228391166e-05,2.651835196954833052e+00,1.285735409059711065e+00,-5.187454055580175851e-14,-6.825319079241039255e-02,2.850117534386104326e-14
8.800000000000000000e+03,-5.433610299530684529e-01,-7.876288681145812154e-01,2.522895862680034438e-03,-8.923564303202626349e-03,1.462643826579644319e-04,1.739223103817191252e+00,6.142309597296512907e-03,-3.866424652324790823e-01,3.530770088093149878e-02,0.000000000000000000e+00,1.578998999211395970e+00,-2.010959063679984005e-01,1.499325037642986087e-02,1.492657502924961410e-02,2.168532346215088641e-03,1.007948280968365418e-02,-7.527525632197048372e-03,4.057943121982213880e-02,2.284826471404858284e-01,3.249019847228391166e-05,2.644071228174181609e+00,1.285735409059711065e+00,-4.716566184798575351e-14,-6.825319079241039255e-02,2.850117534386104326e-14
8.900000000000000000e+03,-5.447114253262108630e-01,-7.892205147843610602e-01,2.522895862680034438e-03,-1.295740629198179061e-02,1.462643826579644319e-04,1.739223103817191252e+00,6.142309597296512907e-03,-3.866424652324790823e-01,3.530770088093149878e-02,0.000000000000000000e+00,1.579093257739195399e+00,-2.010959063679983727e-01,1.499325037642986087e-02,1.489865536254460741e-02,2.174590508407070032e-03,1.004163732438272984e-02,-7.516946203102096817e-03,4.043506804771865998e-02,2.284826471404858561e-01,3.249019847228391844e-05,2.638829424770082088e+00,1.285735409059711065e+00,-4.698496195618492529e-14,-6.814480452120462439e-02,2.850117534386103695e-14
9.000000000000000000e+03,-5.447114253262109740e-01,-7.892205147843610602e-01,2.522895862680034438e-03,-1.311318380329802406e-02,1.462643826579644319e-04,1.739223103817191252e+00,6.142309597296512907e-03,-3.866424652324790823e-01,3.405117325809527140e-02,0.000000000000000000e+00,1.578998999211395970e+00,-2.010959063679984005e-01,1.229607906401720269e-02,1.469726391281385956e-02,2.169382978279698216e-03,1.009239455853675436e-02,-7.516946203102096817e-03,4.043506804771866692e-02,2.270711743996283449e-01,3.249019847228391166e-05,2.651835196954833052e+00,1.283315210405758799e+00,-2.939529232626834715e-14,-6.825319079241039255e-02,2.850117534386104326e-14
9.100000000000000000e+03,-5.447114253262108630e-01,-7.400488859938876285e-01,2.522895862680034438e-03,-1.334876248755992485e-02,1.462643826579644319e-04,1.739223103817191252e+00,6.142309597296512907e-03,-3.866424652324790823e-01,3.530770088093149878e-02,0.000000000000000000e+00,1.578998999211395970e+00,-1.531809096571078721e-01,1.229607906401720269e-02,1.489865536254460741e-02,2.169382978279698216e-03,1.046061480133171281e-02,-1.068166928865450435e-02,4.110669333319914853e-02,2.284826471404858561e-01,3.249019847228391844e-05,2.651835196954833052e+00,1.285735409059711065e+00,-2.939529232626834715e-14,-5.544594905281299835e-02,3.599910334835564483e-14
9.200000000000000000e+03,-5.420191866084471677e-01,-7.400488859938876285e-01,2.168035555768326773e-03,-1.331951379461693286e-02,1.415548017902198096e-04,1.739223103817191252e+00,6.159935967000002704e-03,-3.866424652324790823e-01,3.530770088093149878e-02,0.000000000000000000e+00,1.578998999211395970e+00,-1.528905994794911294e-01,1.229607906401720269e-02,1.490820796326037048e-02,2.169382978279698216e-03,1.007948280968365418e-02,-7.931296847475002507e-03,4.119161147274267437e-02,2.284826471404858284e-01,3.249019847228391166e-05,2.654104215719004234e+00,1.285735409059711065e+00,-2.939529232626834715e-14,-6.234469435307018331e-02,6.964329615066910725e-14
9.300000000000000000e+03,-5.335381735035086281e-01,-7.389829708555297749e-01,3.015838504704300340e-03,-1.331951379461693286e-02,1.422022149148582265e-04,1.739223103817191252e+00,6.119602070222418186e-03,-3.851001841391791802e-01,3.662192058840743614e-02,0.000000000000000000e+00,1.578998999211395970e+00,-1.531809096571078721e-01,1.353591103120572493e-02,1.489865536254460741e-02,2.169382978279698216e-03,1.007948280968365418e-02,-5.398052735524788183e-03,4.119161147274266743e-02,2.284826471404858561e-01,3.249019847228391844e-05,2.651835196954833052e+00,1.285735409059711065e+00,-2.939529232626834715e-14,-6.317220122602577870e-02,4.905359799171950906e-14
9.400000000000000000e+03,-5.335381735035086281e-01,-7.400488859938876285e-01,3.134667703437900646e-03,-1.331951379461693286e-02,1.422022149148581994e-04,1.739223103817191252e+00,6.142309597296512907e-03,-3.866424652324790823e-01,3.654052763601454978e-02,0.000000000000000000e+00,1.578998999211395970e+00,-1.531809096571078721e-01,1.121186470326285441e-02,1.485498028948540987e-02,2.177714591513385881e-03,1.007948280968365418e-02,-5.398052735524788183e-03,4.119161147274267437e-02,2.284826471404858284e-01,2.359927369917064996e-05,2.651835196954833052e+00,1.285735409059711065e+00,-3.318787554318488630e-14,-6.317220122602577870e-02,4.648721377090168144e-14
9.500000000000000000e+03,-5.335381735035086281e-01,-7.492134728212925809e-01,2.983082062670124913e-03,-1.334518853824804945e-02,1.422022149148581994e-04,1.739223103817191252e+00,6.128464864272947614e-03,-3.866424652324790823e-01,3.651414783383485907e-02,0.000000000000000000e+00,1.578998999211395970e+00,-1.531809096571078721e-01,1.092836507294063682e-02,2.032772124744664996e-02,2.169382978279698216e-03,1.010870703359728270e-02,-5.398052735524788183e-03,4.119161147274267437e-02,2.284826471404858284e-01,2.369124804646200255e-05,2.651835196954833052e+00,1.285735409059711065e+00,-3.274978594302033696e-14,-5.987844875478409712e-02,5.447563356732466403e-14
9.600000000000000000e+03,-5.335381735035086281e-01,-7.400488859938876285e-01,4.416413649690404016e-03,-1.332142667071146633e-02,1.682160927419946430e-04,1.739223103817191252e+00,6.142309597296512907e-03,-3.866424652324790823e-01,3.651414783383485907e-02,0.000000000000000000e+00,1.572126993879782164e+00,-1.531809096571078721e-01,1.092135891227000687e-02,2.181314718647263395e-02,2.169382978279698216e-03,9.626815757026839157e-03,-3.626905686734207407e-03,4.244404857214754967e-02,2.284826471404858284e-01,2.369124804646200255e-05,2.651835196954833052e+00,1.285735409059711065e+00,-3.271530783943429591e-14,-6.331995824339403667e-02,5.547418604187749505e-14
9.700000000000000000e+03,-5.335381735035086281e-01,-7.699409310638698489e-01,4.576631892971967479e-03,-1.331951379461693286e-02,1.714678274703866341e-04,1.739223103817191252e+00,6.142309597296512907e-03,-3.866424652324790823e-01,3.651414783383485907e-02,0.000000000000000000e+00,1.578998999211395970e+00,-1.531809096571078721e-01,1.092135891227000687e-02,2.884273512860602295e-02,2.169382978279698216e-03,9.626815757026839157e-03,-1.819419105265367891e-03,4.260060320957314434e-02,2.284826471404858284e-01,2.369124804646200255e-05,2.651835196954833052e+00,1.285735409059711065e+00,-3.274978594302033696e-14,-6.386804560986610035e-02,5.714076348048326704e-14
9.800000000000000000e+03,-5.335381735035086281e-01,-4.371577209956478693e-01,4.569878208134150847e-03,-1.325627811265493033e-02,1.714678274703866341e-04,1.739223103817191252e+00,6.142309597296512907e-03,-3.866424652324790823e-01,3.651414783383485907e-02,0.000000000000000000e+00,1.578998999211395970e+00,-1.531809096571078721e-01,1.105166450503699931e-02,2.871407669873860674e-02,2.169382978279698216e-03,9.626815757026839157e-03,-1.828032872583513309e-03,5.364685378903136237e-02,2.284826471404858284e-01,4.801979040995921314e-05,2.651835196954833052e+00,1.285735409059711065e+00,-3.286908002278846674e-14,-6.317220122602577870e-02,5.547418604187749505e-14
9.900000000000000000e+03,-5.335381735035086281e-01,-4.371577209956478693e-01,4.597364207659114348e-03,-1.331951379461693286e-02,1.714678274703866341e-04,1.739223103817191252e+00,6.144489240273458622e-03,-3.866424652324790823e-01,3.651414783383485907e-02,0.000000000000000000e+00,1.581236737864366804e+00,-1.522509173037248364e-01,1.493579367313156540e-02,2.884273512860602295e-02,2.167000412104327749e-03,1.250593181719629812e-02,-1.821953357782631067e-03,5.490455553368082942e-02,2.284826471404858284e-01,3.070291834745154919e-05,2.651835196954833052e+00,1.285735409059711065e+00,-3.274978594302033696e-14,-6.657287654616468597e-02,3.101903849511679591e-14
