-1.000000000000000000e+00,-1.040279135982561165e+00,1.009694219899082319e-02,-3.299331107281000541e-01,-1.273850123779871578e-02,-1.003942643826768594e-01,-5.409419317831085650e-01,-1.484936226623134910e-02,2.443964520303132382e+00,-7.585531390494096859e-01,-3.181768962684941027e-01,1.160525110527063974e+00,1.154918682914852640e-01,8.681850244386966897e-03,1.140821306686096825e+00,0.000000000000000000e+00,-3.584551402978008311e-02,1.848773785898162048e-01,7.423000333705318497e-03,4.621729580642953278e-02,8.865554176443363188e-02,2.468160255948356752e-02,9.924433397916399349e-03,9.387974946019549405e-01,-1.068425870712641057e+00,-6.770309245732383241e-01
0.000000000000000000e+00,-1.036422875649715136e+00,1.009694219899082319e-02,-3.290245256681833541e-01,-1.280306845748052300e-02,-1.002647986600854052e-01,-5.405864826531454614e-01,-1.484936226623134910e-02,2.454342494217478965e+00,-7.585531390494096859e-01,-3.191257887473525900e-01,1.159211915001041593e+00,1.154918682914852640e-01,0.000000000000000000e+00,1.141262319427464700e+00,0.000000000000000000e+00,-3.589887288898470363e-02,1.848773785898161770e-01,7.448200586759995932e-03,4.639843648261798154e-02,8.760593302289744477e-02,2.472335038302890531e-02,9.924433397916399349e-03,9.371066420033842270e-01,-1.068425870712641057e+00,-6.770309245732382131e-01
1.000000000000000000e+02,-1.267722458228710103e+00,1.009694219899082319e-02,-3.299331107281000541e-01,-1.275525194808566597e-02,-1.159705342153909552e-01,-5.361372400953303696e-01,-1.484936226623134910e-02,2.454342494217478965e+00,-7.585531390494096859e-01,-3.310033049482366541e-01,1.159211915001041593e+00,1.262250591200467786e-01,0.000000000000000000e+00,1.118628113290785597e+00,0.000000000000000000e+00,-3.600854747215129215e-02,1.848773785898161770e-01,9.892625133063763510e-03,4.639843648261798154e-02,5.274105285936678267e-02,2.472335038302890184e-02,9.924433397916399349e-03,9.371066420033842270e-01,-1.068425870712641057e+00,-6.770309245732381020e-01
2.000000000000000000e+02,-1.264967865126273239e+00,1.009033644141309888e-02,-3.313741279079969737e-01,-1.250225515161976914e-02,-1.405667071862322925e-01,-5.350357947042427842e-01,-1.484936226623134910e-02,2.454342494217478965e+00,-7.585531390494096859e-01,-3.310033049482367096e-01,1.159211915001041371e+00,1.271540801656380337e-01,0.000000000000000000e+00,1.099123798302543031e+00,0.000000000000000000e+00,-3.588464287843987771e-02,1.848773785898162048e-01,7.018885939579050728e-03,5.361902421874675112e-02,4.848844155806717598e-02,3.359520227490533223e-02,1.240696722189957302e-02,9.371066420033842270e-01,-1.235843567172357549e+00,-6.770309245732383241e-01
3.000000000000000000e+02,-9.365348744972906703e-01,1.009649180117983859e-02,-2.999825971393484947e-01,-1.715283057983829629e-02,-1.432836181244894758e-01,-5.289580345809202777e-01,-1.484936226623134910e-02,2.440163525703376912e+00,-7.585531390494096859e-01,-3.310033049482366541e-01,1.159211915001041593e+00,1.199892666861476637e-01,0.000000000000000000e+00,1.097287053947263447e+00,0.000000000000000000e+00,-3.584551402978007617e-02,1.848773785898161770e-01,7.022551423244209785e-03,5.360981428540985416e-02,4.849386580717597595e-02,3.358388613728814642e-02,1.240380072467510593e-02,9.371066420033842270e-01,-1.284300227697092289e+00,-6.770309245732382131e-01
4.000000000000000000e+02,-9.322172883134658417e-01,9.407753731084001966e-03,-2.956569064563713267e-01,-1.787722226528786970e-02,-1.433558412744455335e-01,-5.361372400953303696e-01,-1.484936226623134910e-02,2.598635403908994057e+00,-7.585531390494096859e-01,-3.367538915010633849e-01,1.159211915001041593e+00,1.424999022799653681e-01,0.000000000000000000e+00,1.118628113290785597e+00,0.000000000000000000e+00,-3.584551402978007617e-02,1.848773785898161770e-01,6.659668540393460547e-03,5.452159768576280569e-02,4.788586837818128300e-02,3.470418376138985350e-02,1.822497201282445578e-02,9.371066420033842270e-01,-1.262265684009799216e+00,-6.770309245732382131e-01
5.000000000000000000e+02,-9.293262952366893037e-01,9.407753731084001966e-03,-4.061780117533947410e-01,-1.787722226528786970e-02,-1.436474844301134646e-01,-5.040864330632094381e-01,-1.070016867103941796e-02,2.626494861760738875e+00,-7.585531390494096859e-01,-3.310033049482366541e-01,1.159211915001041593e+00,1.425956158231265480e-01,0.000000000000000000e+00,1.118628113290785597e+00,0.000000000000000000e+00,-3.577358547239297554e-02,1.848773785898161770e-01,6.659668540393460547e-03,5.452159768576280569e-02,5.422679776521592554e-02,3.642232715981395808e-02,1.829225762914820155e-02,9.371066420033842270e-01,-1.260235765827871113e+00,-6.770309245732382131e-01
6.000000000000000000e+02,-9.322172883134658417e-01,9.367410430187973411e-03,-3.985128886096503398e-01,-1.787722226528786970e-02,-1.362167497374662806e-01,-3.486094414477079462e-01,-1.004775795505371237e-02,2.626494861760738875e+00,-7.585531390494096859e-01,-3.902637506976660564e-01,1.159211915001041593e+00,1.424999022799653681e-01,7.664661844890087493e-04,1.117064662094416239e+00,0.000000000000000000e+00,-2.958772953710203310e-02,1.848773785898161770e-01,6.659668540393460547e-03,5.452159768576280569e-02,6.079515952207187324e-02,3.643477514080833979e-02,1.822497201282445578e-02,9.371066420033842270e-01,-1.260235765827871113e+00,-6.769595984800304000e-01
7.000000000000000000e+02,-9.322172883134658417e-01,9.487111184272693787e-03,-4.127883986843640662e-01,-1.787722226528786970e-02,-9.967953826263822870e-02,-3.616566122183999532e-01,-9.462739876808734518e-03,2.626494861760739319e+00,-7.585531390494096859e-01,-3.991191122396627322e-01,1.159211915001041371e+00,1.424999022799653681e-01,0.000000000000000000e+00,1.448039675274376048e+00,0.000000000000000000e+00,-2.879651540584389491e-02,1.848773785898162048e-01,6.633761742435044170e-03,5.452159768576280569e-02,8.557669499961000070e-02,3.470418376138984656e-02,1.822497201282445578e-02,9.371066420033842270e-01,-1.260235765827871113e+00,-6.770309245732383241e-01
8.000000000000000000e+02,-9.322172883134658417e-01,7.172463904754645785e-03,-4.115176679623637201e-01,-1.787722226528786970e-02,-1.001866626154477719e-01,-3.607991228841771481e-01,-9.472557748268857838e-03,2.380835463962490017e+00,-7.585531390494096859e-01,-3.991191122396627877e-01,1.161296639004472553e+00,1.424999022799653681e-01,0.000000000000000000e+00,1.448039675274376048e+00,0.000000000000000000e+00,-2.799626579406384180e-02,1.848773785898161770e-01,6.659668540393460547e-03,5.452159768576280569e-02,8.588883189933055329e-02,5.130907610893768039e-02,2.036411211680632868e-02,9.371066420033842270e-01,-1.260235765827871113e+00,-6.770309245732382131e-01
9.000000000000000000e+02,-8.954959086019070869e-01,7.172463904754645785e-03,-4.115176679623637201e-01,-1.787722226528786970e-02,-7.223260921911194010e-02,-3.607991228841772036e-01,-9.472557748268857838e-03,2.392135182126316817e+00,-7.585531390494096859e-01,-3.991191122396628432e-01,1.159211915001041593e+00,1.427944481219527717e-01,0.000000000000000000e+00,1.448039675274376270e+00,0.000000000000000000e+00,-3.074235523427919572e-02,1.848773785898161492e-01,6.659668540393460547e-03,5.474908237966080032e-02,8.588883189933055329e-02,5.108524246528507035e-02,2.040735274365142182e-02,9.371066420033842270e-01,-1.260235765827871113e+00,-6.770309245732381020e-01
1.000000000000000000e+03,-8.907437300509993827e-01,5.621503287471131018e-03,-5.338769334492976526e-01,-1.787722226528786970e-02,-6.610057384307366224e-02,-3.607991228841772036e-01,-9.472557748268857838e-03,2.380835463962490017e+00,-7.585531390494096859e-01,-2.735278850580871723e-01,1.159211915001041593e+00,1.426643443736926309e-01,0.000000000000000000e+00,1.448039675274376270e+00,0.000000000000000000e+00,-3.082861620927658183e-02,1.848773785898161770e-01,5.078976312787012240e-03,5.452159768576281262e-02,8.588883189933055329e-02,4.284648109742174305e-02,2.036411211680632868e-02,9.371066420033842270e-01,-1.260235765827871113e+00,-6.770309245732381020e-01
1.100000000000000000e+03,-8.907437300509993827e-01,5.621503287471131018e-03,-5.343478738505761383e-01,-1.788795961868406420e-02,-7.132903229045510496e-02,-3.612448643734910148e-01,-9.472557748268857838e-03,2.380835463962490017e+00,-7.505830509707909215e-01,-2.720968971465473896e-01,1.159211915001041371e+00,1.413850623541276774e-01,0.000000000000000000e+00,1.386653085951934372e+00,0.000000000000000000e+00,-3.097590940881215713e-02,1.848773785898162048e-01,5.074891836746685606e-03,5.452159768576280569e-02,8.588883189933055329e-02,4.286748978757411871e-02,2.036411211680632868e-02,9.373605916646812197e-01,-1.260235765827871113e+00,-6.770309245732383241e-01
1.200000000000000000e+03,-8.946326240136266428e-01,5.621503287471131018e-03,-5.112813364839449148e-01,-1.742271872751965586e-02,-7.130971734244194449e-02,-3.605150310423677618e-01,-9.472557748268857838e-03,2.380835463962490017e+00,-7.503339857183339845e-01,-2.725930776742549466e-01,1.159211915001041593e+00,1.413502236064452522e-01,0.000000000000000000e+00,1.448039675274376270e+00,0.000000000000000000e+00,-3.082861620927658183e-02,1.848773785898161492e-01,5.081643774294409242e-03,5.452159768576281262e-02,8.588883189933055329e-02,4.289959038397144625e-02,2.036411211680632868e-02,9.371066420033842270e-01,-1.260235765827871113e+00,-6.770309245732381020e-01
1.300000000000000000e+03,-8.907437300509993827e-01,5.621503287471131018e-03,-5.490709704319413076e-01,-1.845503448613108541e-02,-7.194711062687624004e-02,-3.607991228841772036e-01,-9.472557748268857838e-03,2.379872685858305026e+00,-7.559273829844804782e-01,-3.666517274928194903e-01,1.163644041744806179e+00,1.425441278778206422e-01,3.873008767611331536e-03,1.448039675274376270e+00,0.000000000000000000e+00,-3.070186444239631635e-02,1.777851853560989126e-01,4.884354584822084462e-03,5.452159768576281262e-02,8.588883189933055329e-02,4.184027070286026190e-02,2.036411211680632868e-02,9.371066420033842270e-01,-1.260235765827871113e+00,-6.770309245732381020e-01
1.400000000000000000e+03,-8.362772275100360808e-01,5.621503287471131018e-03,-5.490709704319413076e-01,-1.790208533580625594e-02,-7.194711062687624004e-02,-3.607991228841772036e-01,-9.922204753977231784e-03,2.380835463962490017e+00,-7.585531390494096859e-01,-3.668088169193957082e-01,1.159211915001041593e+00,1.424999022799653681e-01,0.000000000000000000e+00,1.823855001392303832e+00,0.000000000000000000e+00,-3.103071266734984748e-02,1.848773785898161492e-01,9.190910647593444199e-03,5.452159768576281262e-02,8.588883189933055329e-02,3.318363358509251321e-02,2.036411211680632868e-02,9.371066420033842270e-01,-7.972110532886603762e-01,-6.770309245732381020e-01
1.500000000000000000e+03,-8.953565378421417531e-01,5.621503287471131018e-03,-5.490709704319413076e-01,-1.787722226528786970e-02,-7.194711062687624004e-02,-3.612610598682954866e-01,-9.472557748268857838e-03,2.380835463962490017e+00,-7.585531390494096859e-01,-3.662637063645933777e-01,1.159211915001041371e+00,1.424999022799653681e-01,0.000000000000000000e+00,1.823855001392303832e+00,0.000000000000000000e+00,-3.082861620927658183e-02,1.848773785898162048e-01,9.432428777080474266e-03,5.551571502828492322e-02,8.588883189933055329e-02,2.251382504458816769e-02,2.036411211680632868e-02,9.371066420033842270e-01,-2.854011360383222340e-01,-6.770309245732383241e-01
1.600000000000000000e+03,-8.907437300509993827e-01,8.034255701706344635e-03,-5.490709704319413076e-01,-1.787722226528786970e-02,-7.194711062687624004e-02,-3.465421207333095888e-01,-9.472557748268857838e-03,2.530223632082723384e+00,-7.585531390494096859e-01,-5.040075966208508174e-01,1.159211915001041593e+00,1.424999022799653681e-01,0.000000000000000000e+00,1.823855001392303832e+00,0.000000000000000000e+00,-3.082861620927658183e-02,1.848773785898161770e-01,9.432428777080474266e-03,5.802173584110399684e-02,8.588883189933055329e-02,2.251382504458816769e-02,2.036411211680632868e-02,9.371066420033842270e-01,-2.863777336848920552e-01,-6.742667385829127502e-01
1.700000000000000000e+03,-8.976474487522052570e-01,8.358070561989261113e-03,-5.477350080691413270e-01,-1.787722226528786970e-02,-7.194711062687624004e-02,-3.455154621836138973e-01,-9.472557748268857838e-03,3.186365282574949109e+00,-7.672918505857015958e-01,-5.051292624917802510e-01,1.159211915001041593e+00,1.424999022799653681e-01,0.000000000000000000e+00,1.828909880982130476e+00,0.000000000000000000e+00,-3.006447149724333912e-02,1.848773785898161770e-01,9.432428777080474266e-03,5.536675491278581634e-02,8.554262836188945840e-02,2.251382504458816769e-02,2.036411211680632868e-02,9.397521802204208408e-01,-2.839597126109107417e-01,-6.770309245732382131e-01
1.800000000000000000e+03,-8.907437300509993827e-01,7.740762504766942644e-03,-5.490709704319413076e-01,-1.787722226528786970e-02,-7.194711062687624004e-02,-3.605907564695744472e-01,-9.472557748268857838e-03,4.156372637056979791e+00,-7.586656349366890373e-01,-5.026284333267058146e-01,1.159211915001041371e+00,1.424999022799653681e-01,0.000000000000000000e+00,1.823855001392303832e+00,0.000000000000000000e+00,-5.133303078075704406e-02,1.848773785898162048e-01,1.358726899874792594e-02,5.423480743104672902e-02,7.635505704423570239e-02,2.251382504458816769e-02,1.671752986753491724e-02,9.371066420033842270e-01,-2.849299494380910791e-01,-6.770309245732383241e-01
1.900000000000000000e+03,-8.907437300509993827e-01,7.730751070791296552e-03,-5.490709704319413076e-01,-1.787722226528786970e-02,-7.194711062687624004e-02,-2.580399386218918401e-01,-9.472557748268857838e-03,4.257529456603199591e+00,-7.585531390494096859e-01,-5.026284333267058146e-01,1.159211915001041593e+00,1.424999022799653681e-01,0.000000000000000000e+00,1.823855001392303832e+00,0.000000000000000000e+00,-2.809553761869066496e-02,1.202396780577834057e-01,1.364735136596724810e-02,5.503106766897554458e-02,7.637962862891377325e-02,2.251382504458816769e-02,9.458747678046245874e-03,9.371066420033842270e-01,-2.849299494380910791e-01,-6.748871322173175535e-01
2.000000000000000000e+03,-8.907437300509993827e-01,1.181348407863846116e-02,-5.477376995523629555e-01,-1.785163630969883314e-02,-7.194711062687624004e-02,-2.448963220302041444e-01,-9.472557748268857838e-03,4.304877980444764773e+00,-7.585531390494096859e-01,-3.651013860896070717e-01,1.159211915001041593e+00,1.424999022799653681e-01,0.000000000000000000e+00,1.823855001392303832e+00,0.000000000000000000e+00,-2.782195689364769242e-02,1.119720651990351173e-01,1.358501651076818306e-02,5.503106766897554458e-02,9.659536604607689425e-02,2.251382504458816769e-02,8.540593237620122333e-03,9.371066420033842270e-01,-2.849299494380910791e-01,-6.770309245732381020e-01
2.100000000000000000e+03,-8.923961506723240289e-01,1.141370329387623658e-02,-5.490709704319413076e-01,-1.787722226528786970e-02,-7.194711062687624004e-02,-2.448885471347391762e-01,-9.477904578337425362e-03,4.336025181277704199e+00,-7.591897016195279235e-01,-3.475107172569547598e-01,1.159211915001041371e+00,1.422514507911446235e-01,0.000000000000000000e+00,1.823855001392303832e+00,0.000000000000000000e+00,-2.775600592312844547e-02,1.119720651990351173e-01,1.358501651076818480e-02,5.503106766897555152e-02,8.429047735935826791e-02,2.251382504458816769e-02,8.540593237620122333e-03,9.371066420033842270e-01,-3.587984610179048572e-01,-6.770309245732383241e-01
2.200000000000000000e+03,-8.907437300509993827e-01,1.141370329387623832e-02,-5.490709704319413076e-01,-1.701526165833050497e-02,-7.372307691017293552e-02,-2.459154548230384207e-01,-9.472557748268857838e-03,4.336025181277704199e+00,-7.585531390494096859e-01,-2.828722796237869708e-01,1.159211915001041593e+00,1.420825526414765394e-01,0.000000000000000000e+00,1.599046809016769100e+00,0.000000000000000000e+00,-2.775600592312844894e-02,1.166501544929036266e-01,1.844122305556438260e-02,5.503106766897554458e-02,7.709497694078616681e-02,1.753410966496875625e-02,8.538515729397178067e-03,9.371066420033842270e-01,-3.587984610179048572e-01,-6.770309245732381020e-01
2.300000000000000000e+03,-8.909747478968590428e-01,1.141370329387624005e-02,-5.490709704319413076e-01,-1.787722226528786970e-02,-8.559724826455578084e-02,-2.448963220302041444e-01,-9.472557748268857838e-03,4.336025181277704199e+00,-7.585531390494096859e-01,-2.169291138470585967e-01,1.159211915001041593e+00,1.424999022799653681e-01,0.000000000000000000e+00,1.575202335031817391e+00,0.000000000000000000e+00,-1.740484455411306017e-02,1.579804044453343437e-01,1.892153064625289038e-02,5.340598265184003796e-02,6.633384518367288485e-02,1.696172858685157311e-02,8.504720452448655266e-03,9.371066420033842270e-01,-3.612220661890568341e-01,-6.770309245732381020e-01
2.400000000000000000e+03,-1.111390725710278637e+00,1.141370329387623658e-02,-5.490709704319413076e-01,-1.787722226528786970e-02,-1.000396290765378365e-01,-2.514038685116837812e-01,-1.231442614535453381e-02,4.336025181277704199e+00,-7.659331349202486150e-01,-2.101477368427527859e-01,1.159211915001041371e+00,1.424999022799653681e-01,0.000000000000000000e+00,2.052603393881234695e+00,1.042218391516474543e-03,-1.242419265045064704e-02,1.579804044453343437e-01,1.963672554861355460e-02,5.503106766897555152e-02,8.559420513691387566e-02,1.696172858685156964e-02,8.728724013058507605e-03,9.386675357065757952e-01,-3.612220661890568341e-01,-6.770309245732383241e-01
2.500000000000000000e+03,-1.138971600167689058e+00,1.141370329387623832e-02,-5.490709704319413076e-01,-1.784346060469982689e-02,-1.000396290765378504e-01,-2.543712421603485097e-01,-1.234671319613826757e-02,4.345551640893086542e+00,-7.585531390494096859e-01,-2.103197413341105770e-01,1.159211915001041593e+00,1.373257325136191809e-01,0.000000000000000000e+00,2.052603393881234695e+00,8.255020260063684195e-03,-1.243578174622470348e-02,1.579804044453343437e-01,1.899940771588576674e-02,6.596166456764142316e-02,8.098093549563407934e-02,1.613677442932047457e-02,8.693216936426745312e-03,9.372800249439703357e-01,-3.612220661890568341e-01,-6.770309245732381020e-01
2.600000000000000000e+03,-1.134006438948168771e+00,1.138905738162896211e-02,-4.396247485948540645e-01,-1.787722226528786970e-02,-1.000396290765378365e-01,-2.559686178928826661e-01,-1.234671319613826930e-02,4.336025181277704199e+00,-8.122596617360491322e-01,-2.101477368427527859e-01,1.159211915001041371e+00,1.424999022799653681e-01,0.000000000000000000e+00,2.052603393881234695e+00,0.000000000000000000e+00,-1.243578174622470174e-02,1.579804044453343437e-01,1.899940771588576674e-02,6.735976417095911051e-02,7.520998405306490719e-02,1.695764265534826370e-02,8.540593237620122333e-03,9.371066420033842270e-01,-3.612220661890568341e-01,-6.770309245732383241e-01
2.700000000000000000e+03,-9.404964628118751557e-01,1.527181686611776487e-02,-4.396247485948540645e-01,-1.787722226528786970e-02,-1.000396290765378365e-01,-3.015422386038896785e-01,-1.234671319613826930e-02,3.922691652725888822e+00,-8.127217328204907609e-01,-2.101477368427527859e-01,1.159211915001041371e+00,1.424999022799653681e-01,0.000000000000000000e+00,2.052603393881234695e+00,0.000000000000000000e+00,-1.004997547764809041e-02,1.579804044453343437e-01,1.899940771588576674e-02,6.735976417095911051e-02,7.520998405306490719e-02,1.238557099775467255e-02,8.540593237620122333e-03,9.371066420033842270e-01,-3.612220661890568341e-01,-6.770309245732383241e-01
2.800000000000000000e+03,-9.404964628118751557e-01,1.662908769003557802e-02,-5.014845813863382240e-01,-1.781298567165003760e-02,-8.973881751375931137e-02,-2.817369905585601630e-01,-1.231277654291546356e-02,3.850900100981395457e+00,-8.127217328204907609e-01,-2.101477368427527859e-01,1.159211915001041371e+00,1.424999022799653681e-01,0.000000000000000000e+00,2.052603393881234695e+00,0.000000000000000000e+00,-9.723833325143524386e-03,1.579804044453343437e-01,1.947398507662205860e-02,6.735976417095911051e-02,5.481748053248525904e-02,1.181355129911756431e-02,8.540593237620122333e-03,9.371066420033842270e-01,-2.155817858428492328e-01,-6.770309245732383241e-01
2.900000000000000000e+03,-9.404964628118751557e-01,1.668992819222147109e-02,-6.315002312702661103e-01,-1.787722226528786970e-02,-8.973881751375931137e-02,-2.988183909589937071e-01,-1.234671319613826930e-02,2.650560852539032286e+00,-8.127217328204907609e-01,-2.101477368427527859e-01,1.159211915001041371e+00,1.423735383662848297e-01,0.000000000000000000e+00,2.052603393881234695e+00,0.000000000000000000e+00,-9.680629196542694936e-03,1.580896761564817010e-01,1.899940771588576674e-02,6.735976417095911051e-02,5.487844314772513665e-02,8.281776989981783424e-03,1.015757092096818311e-02,9.371066420033842270e-01,-2.155817858428492328e-01,-6.770309245732383241e-01
3.000000000000000000e+03,-9.404964628118751557e-01,1.673846351845903468e-02,-6.315002312702661103e-01,-1.787722226528786970e-02,-8.505822785896786919e-02,-2.964391857895600779e-01,-1.234671319613826930e-02,2.755771623470548715e+00,-8.127217328204907609e-01,-1.807906894206671444e-01,1.159211915001041371e+00,1.424999022799653681e-01,0.000000000000000000e+00,2.049024393905622521e+00,0.000000000000000000e+00,-9.680629196542694936e-03,1.579804044453343437e-01,2.312289474184893098e-02,6.735976417095911051e-02,5.487844314772513665e-02,8.281776989981783424e-03,6.405266885676498025e-03,9.371066420033842270e-01,-2.225310635044391028e-01,-6.770309245732383241e-01
3.100000000000000000e+03,-9.404964628118751557e-01,1.673846351845903468e-02,-6.315002312702661103e-01,-1.758455032116245861e-02,-7.691579522038508032e-02,-2.962949014393065905e-01,-1.234671319613826930e-02,2.650560852539032286e+00,-8.127217328204907609e-01,-1.779606789101998432e-01,1.159211915001041371e+00,1.382751992769861438e-01,0.000000000000000000e+00,2.052603393881234695e+00,0.000000000000000000e+00,-9.135701162321886379e-03,1.579804044453343437e-01,2.183783546601628794e-02,6.735976417095911051e-02,6.569338692921605771e-02,8.281776989981783424e-03,5.888309773700056704e-03,9.371066420033842270e-01,-2.155817858428492328e-01,-6.770309245732383241e-01
3.200000000000000000e+03,-9.404964628118751557e-01,1.673846351845903468e-02,-6.320618446234690380e-01,-1.787722226528786970e-02,-7.531291743371328062e-02,-2.964391857895600779e-01,-1.234671319613826930e-02,2.661324473281404757e+00,-8.127217328204907609e-01,-9.836448448176467185e-02,1.159211915001041593e+00,1.377471114016137754e-01,0.000000000000000000e+00,2.052603393881234695e+00,0.000000000000000000e+00,-9.664330432184325276e-03,1.086042234187947902e-01,2.057970619324365341e-02,6.735976417095911051e-02,6.704525490190242631e-02,8.281776989981783424e-03,5.867720886474755461e-03,9.371066420033842270e-01,-2.155817858428492051e-01,-6.770309245732382131e-01
3.300000000000000000e+03,-9.404964628118751557e-01,1.668245649786124357e-02,-6.340519559651204284e-01,-1.787722226528786970e-02,-7.531291743371328062e-02,-2.966637045621015045e-01,-1.234671319613826930e-02,2.650560852539031842e+00,-8.127217328204907609e-01,-9.845644413961110453e-02,1.159211915001041593e+00,2.060349785728861349e-01,0.000000000000000000e+00,2.052603393881234695e+00,0.000000000000000000e+00,-9.424986888232308666e-03,1.086042234187947902e-01,2.056822759674291345e-02,6.735976417095911051e-02,6.704525490190242631e-02,8.281776989981783424e-03,5.867720886474755461e-03,9.371066420033842270e-01,-2.089277708687608537e-01,-6.770309245732382131e-01
3.400000000000000000e+03,-9.404964628118751557e-01,1.673846351845903468e-02,-6.315002312702661103e-01,-1.787722226528786970e-02,-7.531291743371328062e-02,-2.976377785290551525e-01,-1.234671319613826930e-02,1.617335737067042478e+00,-8.100035904416655885e-01,-9.415524634960306671e-02,1.159211915001041371e+00,2.059204775900446982e-01,0.000000000000000000e+00,2.052603393881234695e+00,0.000000000000000000e+00,-1.034801293002650564e-02,1.211018750841788422e-01,1.586169421441047805e-02,6.735976417095911051e-02,6.819798703582340138e-02,8.281776989981783424e-03,5.867720886474756328e-03,9.371066420033842270e-01,-2.083363028710641385e-01,-6.715298389277875035e-01
3.500000000000000000e+03,-9.404964628118750447e-01,1.675569093548882893e-02,-6.357988607930084024e-01,-1.787722226528786970e-02,-7.531291743371328062e-02,-2.961556954255987195e-01,-1.234671319613826757e-02,1.618256093825653164e+00,-8.127217328204907609e-01,-9.406292620876628707e-02,1.159211915001041593e+00,2.011135480438989154e-01,0.000000000000000000e+00,2.062673024272552613e+00,0.000000000000000000e+00,-1.033983592395711082e-02,1.210696646417422778e-01,1.594620835993534186e-02,6.735976417095911051e-02,6.831017942869872794e-02,8.405562409355008327e-03,5.887733044947872710e-03,9.371066420033842270e-01,-2.709623945442793946e-01,-6.770309245732381020e-01
3.600000000000000000e+03,-1.293757873782000134e+00,1.675534290686196345e-02,-4.252408490500515503e-01,-1.787722226528786970e-02,-7.531291743371328062e-02,-2.964391857895600779e-01,-1.234671319613826930e-02,1.617335737067042478e+00,-7.961333756709846332e-01,-6.853216758447863710e-02,1.159211915001041371e+00,1.991451408202734030e-01,0.000000000000000000e+00,2.052603393881234695e+00,0.000000000000000000e+00,-9.428542554614638763e-03,1.211018750841788422e-01,1.827093135532126961e-02,6.735976417095911051e-02,6.828462539785436214e-02,9.494338585867201710e-03,6.019314904846962550e-03,9.371066420033842270e-01,-2.714286920287013460e-01,-6.770309245732383241e-01
3.700000000000000000e+03,-1.143129901522682346e+00,1.675534290686196345e-02,-4.253888170900177457e-01,-1.787722226528786970e-02,-7.166582479090741198e-02,-2.964391857895600779e-01,-1.229880480228525558e-02,1.016816328717635720e+00,-8.290849044086192610e-01,-6.932298614113407975e-02,1.159211915001041371e+00,1.988644912372140583e-01,0.000000000000000000e+00,2.052603393881234695e+00,2.110023169141969027e-03,-1.351761648066709259e-02,1.211018750841788422e-01,1.838825065419407920e-02,9.603543713121379111e-02,7.473470181123781364e-02,6.049548874874186195e-03,6.019314904846962550e-03,9.410064054110568454e-01,-2.718296617336234400e-01,-6.770309245732383241e-01
3.800000000000000000e+03,-1.166286278735210846e+00,1.673846351845903468e-02,-3.979905526522526382e-01,-1.787722226528786970e-02,-7.531291743371328062e-02,-2.964391857895600779e-01,-1.234671319613826930e-02,1.026062325431808864e+00,-7.940598310272963811e-01,-9.995653799977277654e-02,1.159211915001041593e+00,2.720304854850156273e-01,0.000000000000000000e+00,2.052603393881234695e+00,0.000000000000000000e+00,-1.397835329404578490e-02,1.226640815423519076e-01,1.777279581789882601e-02,9.961989625124569037e-02,7.430159086695883874e-02,5.497950899587610712e-03,5.867720886474755461e-03,9.371066420033842270e-01,-2.940441200231659891e-01,-6.770309245732382131e-01
3.900000000000000000e+03,-1.170332024843002916e+00,1.673846351845903468e-02,-3.948866282299185460e-01,-1.566109722853122055e-02,-7.396089480121534332e-02,-1.661976024257430795e-01,-1.234671319613826757e-02,8.782167386242990537e-01,-7.940598310272962701e-01,-9.868271828804409118e-02,1.160524200304013709e+00,2.720304854850156828e-01,0.000000000000000000e+00,1.698894289467461016e+00,0.000000000000000000e+00,-1.424825053008812320e-02,1.226640815423519076e-01,1.777279581789882601e-02,9.896520864890646918e-02,7.430159086695883874e-02,5.497950899587610712e-03,5.867720886474755461e-03,9.371066420033842270e-01,-2.940441200231659891e-01,-6.757471990031616027e-01
4.000000000000000000e+03,-1.168459081361532759e+00,1.673846351845903468e-02,-3.948866282299185460e-01,-1.566109722853121708e-02,-7.531291743371328062e-02,-1.804289615514275136e-01,-1.291854764441403153e-02,7.431419957542190202e-01,-7.940598310272963811e-01,-9.835841553585039643e-02,1.159211915001041371e+00,2.833675815717992541e-01,0.000000000000000000e+00,1.698894289467461016e+00,0.000000000000000000e+00,-1.423856045402264146e-02,1.226640815423519076e-01,1.842945538790309937e-02,9.961989625124569037e-02,8.043638855040413649e-02,5.497950899587610712e-03,6.190009512958115877e-03,9.371066420033842270e-01,-2.856984657569223707e-01,-6.739274074462741071e-01
4.100000000000000000e+03,-1.219700732518285369e+00,1.673846351845903468e-02,-3.948866282299185460e-01,-1.566109722853121708e-02,-7.531291743371328062e-02,-1.804289615514275136e-01,-1.234671319613826930e-02,7.458132858940866861e-01,-7.940598310272963811e-01,-1.166724463432089048e-01,1.159211915001041371e+00,4.017606049270648350e-01,0.000000000000000000e+00,1.698894289467461016e+00,0.000000000000000000e+00,-1.431575278966456567e-02,1.226640815423519076e-01,1.530323519595831391e-02,1.397642624092312880e-01,8.129859022569606297e-02,5.497950899587610712e-03,6.230295591268530074e-03,9.404372640586352583e-01,-2.940441200231659891e-01,-6.745273833010332343e-01
4.200000000000000000e+03,-1.167989659682689085e+00,1.673846351845903468e-02,-3.948866282299185460e-01,-1.571726076409701509e-02,-7.531291743371328062e-02,-1.804289615514275136e-01,-1.234671319613826930e-02,7.458132858940866861e-01,-7.940598310272963811e-01,-1.185414335574711403e-01,1.159211915001041593e+00,4.017606049270648905e-01,0.000000000000000000e+00,1.698894289467461016e+00,0.000000000000000000e+00,-1.426841523064570523e-02,1.226640815423519076e-01,1.530323519595831391e-02,1.397642624092312880e-01,8.120323826083475360e-02,5.497950899587610712e-03,6.230295591268530074e-03,9.371066420033842270e-01,-2.940441200231659891e-01,-6.770309245732382131e-01
4.300000000000000000e+03,-1.168459081361532759e+00,1.673846351845903468e-02,-3.948866282299185460e-01,-1.644587515499917885e-02,-7.531291743371328062e-02,-1.804289615514275136e-01,-1.234671319613826757e-02,7.440611320477751311e-01,-7.940598310272962701e-01,-1.185414335574711403e-01,1.159211915001041593e+00,4.034391977984883582e-01,0.000000000000000000e+00,1.698894289467461016e+00,0.000000000000000000e+00,-1.392224059329942414e-02,1.230158569961792708e-01,1.525906290710622379e-02,1.397642624092312602e-01,8.120323826083475360e-02,5.474919630597731117e-03,6.230295591268530074e-03,9.371066420033842270e-01,-2.940441200231659891e-01,-6.770309245732381020e-01
4.400000000000000000e+03,-1.128711737173234697e+00,1.673846351845903468e-02,-3.948866282299185460e-01,-1.339658921759187202e-02,-7.531291743371328062e-02,-2.717991428412282473e-01,-1.234671319613826930e-02,4.561515711890539726e-01,-7.940598310272963811e-01,-6.138353206003090839e-02,1.159211915001041593e+00,4.017606049270648905e-01,6.545543485273449917e-03,1.698894289467461016e+00,0.000000000000000000e+00,-1.424825053008812147e-02,1.226640815423519076e-01,1.536461854330637214e-02,1.397642624092312880e-01,8.120323826083475360e-02,5.497950899587610712e-03,6.230295591268530074e-03,9.371066420033842270e-01,-2.940441200231659891e-01,-6.770309245732382131e-01
4.500000000000000000e+03,-1.128711737173234697e+00,1.681512275299622966e-02,-3.948866282299185460e-01,-1.365547838934855901e-02,-7.531291743371328062e-02,-2.788368368574181688e-01,-1.234671319613826757e-02,4.585407135561418990e-01,-7.940598310272962701e-01,-8.523645818513103656e-02,1.159211915001041593e+00,4.017606049270649460e-01,0.000000000000000000e+00,1.698894289467461016e+00,0.000000000000000000e+00,-8.828411096005970085e-03,1.226640815423519076e-01,1.172109152305122332e-02,1.397642624092312602e-01,8.124456755257411511e-02,5.497950899587610712e-03,6.230295591268530074e-03,9.371066420033842270e-01,-2.940441200231659891e-01,-6.770309245732381020e-01
4.600000000000000000e+03,-1.128711737173234697e+00,1.977544222086716902e-02,-3.948866282299185460e-01,-1.365547838934855901e-02,-7.141345626674193425e-02,-2.788368368574182243e-01,-1.234671319613826930e-02,4.342120552220796736e-01,-7.940598310272963811e-01,-5.714379571910747219e-02,1.159211915001041593e+00,4.017606049270648905e-01,4.815985320839000390e-03,1.698894289467461016e+00,0.000000000000000000e+00,-8.828411096005970085e-03,1.226640815423519076e-01,1.335177191175448627e-02,1.397642624092312880e-01,1.170285999820441375e-01,5.497950899587610712e-03,8.963980918948979276e-03,9.371066420033842270e-01,-2.940441200231659891e-01,-6.770309245732382131e-01
4.700000000000000000e+03,-1.123962308433366752e+00,1.977932086544240131e-02,-5.332366678595522602e-01,-1.365547838934855901e-02,-7.531291743371328062e-02,-2.782694350007898776e-01,-1.234671319613826930e-02,2.494352865325465407e-01,-7.940598310272963811e-01,-5.143441034284371854e-02,1.159211915001041371e+00,4.017606049270648350e-01,0.000000000000000000e+00,1.698894289467461016e+00,0.000000000000000000e+00,-8.807257255820462663e-03,1.226640815423519076e-01,1.310134341239018764e-02,1.919080258038402265e-01,1.175081744593649974e-01,5.497950899587610712e-03,8.959228191450986645e-03,9.371066420033842270e-01,-2.876648454993254722e-01,-6.770309245732383241e-01
4.800000000000000000e+03,-1.128711737173234697e+00,1.977544222086716902e-02,-5.534121421984912192e-01,-9.417243488057742279e-03,-7.531291743371328062e-02,-1.658244542691014733e-01,-1.234671319613826930e-02,2.493787824733167957e-01,-7.940598310272963811e-01,-5.160234868366246619e-02,1.159211915001041593e+00,3.784560460939950244e-01,0.000000000000000000e+00,1.698894289467461016e+00,0.000000000000000000e+00,-9.230328416441500525e-03,1.226640815423519076e-01,1.246417299854466094e-02,1.971482054964359409e-01,1.162058542461671534e-01,8.720926219761015313e-03,5.338240999572145713e-03,9.396056595329905781e-01,-2.875997508613271081e-01,-6.770309245732382131e-01
4.900000000000000000e+03,-1.128711737173234697e+00,2.864116910091378185e-02,-5.519899280922051510e-01,-9.659694988482316752e-03,-7.531291743371328062e-02,-1.921253864021853219e-01,-1.234671319613826930e-02,2.561011695551798639e-01,-7.940598310272963811e-01,-5.100702528121237034e-02,1.159211915001041593e+00,3.748827831004530875e-01,0.000000000000000000e+00,1.698894289467461016e+00,0.000000000000000000e+00,-6.694525671269424376e-03,1.229798075005154728e-01,1.155335960873241433e-02,2.016618151973072481e-01,1.175081744593649974e-01,9.128428846449607517e-03,4.625620748066989855e-03,9.371066420033842270e-01,-2.940441200231659891e-01,-6.770309245732382131e-01
5.000000000000000000e+03,-1.166350138323354990e+00,2.864116910091378185e-02,-5.519899280922051510e-01,-9.659694988482316752e-03,-7.531291743371328062e-02,-1.934704569189607259e-01,-1.234671319613826930e-02,2.992527473947599326e-01,-7.940598310272963811e-01,-5.111595191078576600e-02,1.159211915001041593e+00,3.773641053737581963e-01,0.000000000000000000e+00,1.713795062965130622e+00,0.000000000000000000e+00,-6.710852461259789702e-03,1.226640815423519076e-01,1.579873832450729224e-02,2.016618151973072481e-01,1.116340421181347548e-01,9.128169956069288188e-03,4.625620748066989855e-03,9.399526853214661415e-01,-2.940441200231659891e-01,-6.770309245732382131e-01
5.100000000000000000e+03,-1.128711737173234697e+00,2.864116910091378185e-02,-5.519689352905435831e-01,-9.659694988482316752e-03,-7.531291743371328062e-02,-1.321244604913152931e-01,-1.234671319613826930e-02,3.006624267115167171e-01,-7.940598310272963811e-01,-5.100702528121237034e-02,1.160540881879937869e+00,3.764197053724848141e-01,0.000000000000000000e+00,1.698894289467461016e+00,0.000000000000000000e+00,-6.710852461259789702e-03,1.226640815423519076e-01,1.579873832450729224e-02,2.016618151973072481e-01,6.826404748756277618e-02,9.128428846449607517e-03,4.625620748066989855e-03,9.371066420033842270e-01,-3.433532617379913554e-01,-6.837491262463064601e-01
5.200000000000000000e+03,-1.184769007495887871e+00,2.864116910091378185e-02,-5.519899280922051510e-01,-9.659694988482316752e-03,-7.531291743371328062e-02,-1.321244604913152931e-01,-1.235784618195125487e-02,2.999347386971322194e-01,-7.939801111143828249e-01,-7.450680758892526401e-02,1.159211915001041593e+00,3.776091813017090071e-01,0.000000000000000000e+00,1.698894289467461016e+00,0.000000000000000000e+00,-9.218301414359562213e-03,1.226640815423519076e-01,5.715468454348433466e-03,2.026724380372257051e-01,6.517499541931474905e-02,5.223889896949414705e-03,4.625620748066989855e-03,9.379203064554297864e-01,-2.530987880506089804e-01,-6.803796016086930409e-01
5.300000000000000000e+03,-1.137479423135158374e+00,2.864116910091378185e-02,-5.475778176817985843e-01,-9.510191053040061362e-03,-7.484886172025594087e-02,-1.511445594964458128e-01,-1.224349899196643804e-02,3.802715599031192273e-01,-7.940598310272963811e-01,-7.450680758892526401e-02,1.159211915001041593e+00,3.916532286641158933e-01,0.000000000000000000e+00,1.698894289467461016e+00,0.000000000000000000e+00,-9.218301414359562213e-03,1.226640815423519076e-01,5.474567985950851839e-03,2.016618151973072481e-01,6.525589960949330914e-02,5.223889896949414705e-03,5.160799983682193628e-03,9.371066420033842270e-01,-2.530987880506089804e-01,-6.837491262463064601e-01
5.400000000000000000e+03,-1.136918832566023108e+00,2.864116910091378532e-02,-5.447169457490451672e-01,-9.508649775355090122e-03,-7.531291743371328062e-02,-1.511197673304242040e-01,-1.224243492800590298e-02,3.755326163572648146e-01,-7.940598310272962701e-01,-6.405768424508981318e-02,1.159211915001041593e+00,4.048607037434849287e-01,0.000000000000000000e+00,1.698894289467461016e+00,0.000000000000000000e+00,-9.216749634793682672e-03,1.567665049437496905e-01,7.730591947777845120e-03,2.016618151973072481e-01,6.517499541931474905e-02,5.076364890615026916e-03,4.908975553353498757e-03,9.371066420033842270e-01,-2.981339248402197772e-01,-6.837491262463063491e-01
5.500000000000000000e+03,-1.191856708341280324e+00,2.864116910091378185e-02,-5.519899280922051510e-01,-9.904414230264122279e-03,-7.531291743371328062e-02,-1.532462965180890757e-01,-1.234671319613826930e-02,4.078023701112747923e-01,-7.940598310272963811e-01,-6.281254435182469231e-02,1.159211915001041593e+00,3.899113628552861588e-01,0.000000000000000000e+00,1.698894289467461016e+00,0.000000000000000000e+00,-9.218301414359562213e-03,1.611284428206726238e-01,7.985780978813215858e-03,2.016618151973072481e-01,6.517499541931474905e-02,6.742515439350260306e-03,5.241757716654352715e-03,9.415434017391043353e-01,-3.920484148821182790e-01,-6.837491262463064601e-01
5.600000000000000000e+03,-1.195568592648488471e+00,2.864116910091378185e-02,-4.487855580049118220e-01,-9.659694988482316752e-03,-7.181442823369434125e-02,-1.017712812112348958e-01,-1.234671319613826930e-02,5.214356492121861031e-01,-7.940598310272963811e-01,-6.272116846855274597e-02,1.159211915001041593e+00,3.786420640489583933e-01,0.000000000000000000e+00,1.698894289467461016e+00,0.000000000000000000e+00,-1.257989477629151837e-02,1.611284428206726238e-01,7.941614998614530962e-03,2.016618151973072481e-01,6.517499541931474905e-02,6.971186221264284548e-03,5.222793473457899502e-03,9.371066420033842270e-01,-3.920484148821182790e-01,-6.837491262463064601e-01
5.700000000000000000e+03,-1.224926223078227627e+00,2.864116910091378532e-02,-3.595181168152074558e-01,-9.659694988482316752e-03,-5.175332846491750849e-02,-9.271202882899247377e-02,-1.641949942186745823e-02,3.880155265652852625e-01,-7.940598310272962701e-01,-6.272116846855274597e-02,1.159211915001041593e+00,3.893762268434369789e-01,4.181887998095794833e-03,1.671981085234869546e+00,0.000000000000000000e+00,-1.278073843788087548e-02,1.679066768624377926e-01,7.941614998614530962e-03,2.011090174363264760e-01,6.722326009386209167e-02,5.329793699586207745e-03,5.222793473457900369e-03,9.371066420033842270e-01,-3.803348834299909442e-01,-6.837491262463063491e-01
5.800000000000000000e+03,-1.231048899370754679e+00,2.864116910091378185e-02,-3.459828275468490588e-01,-5.443602744705121864e-03,-4.941414478970666130e-02,-5.818722824485080686e-02,-1.694043719492582811e-02,4.442626086430609966e-01,-7.940598310272963811e-01,-5.735289753833539006e-02,1.159211915001041593e+00,3.511539497569986512e-01,0.000000000000000000e+00,1.698894289467461016e+00,0.000000000000000000e+00,-1.278073843788087374e-02,1.611284428206726238e-01,6.228260944337293478e-03,2.016618151973072481e-01,6.628630329493906403e-02,5.119848144487847662e-03,5.262484607817453051e-03,9.371066420033842270e-01,-3.931737842992156229e-01,-6.837491262463064601e-01
5.900000000000000000e+03,-1.265964188047582262e+00,2.873386766939327666e-02,-3.459828275468490588e-01,-6.162831761162270924e-03,-5.331386608685916018e-02,-5.818015615998542445e-02,-1.694043719492582811e-02,3.615408503717847388e-01,-7.940598310272963811e-01,-4.835770928565542859e-02,1.159211915001041371e+00,2.064975309338782372e-01,2.517296720628607598e-03,1.698894289467461016e+00,2.240597548301579908e-03,-1.819128133246211004e-02,1.611284428206726238e-01,7.941614998614530962e-03,1.901161925274169051e-01,6.597069766214218312e-02,5.119848144487847662e-03,5.222793473457899502e-03,9.371066420033842270e-01,-3.920484148821182790e-01,-6.837491262463064601e-01
6.000000000000000000e+03,-1.224926223078227627e+00,2.864116910091378185e-02,-3.459828275468490588e-01,-3.984326143869355505e-03,-5.315058327998037346e-02,-3.981086589018592581e-02,-1.689007410578451107e-02,3.642492258449876452e-01,-7.940598310272963811e-01,-4.691538205007154960e-02,1.159211915001041593e+00,1.515862636336326452e-01,0.000000000000000000e+00,1.698894289467461016e+00,0.000000000000000000e+00,-1.390765715171606194e-02,1.611284428206726238e-01,7.972380291326573373e-03,1.886729896936806261e-01,3.997690816963556104e-02,5.119848144487847662e-03,5.222793473457899502e-03,9.374245204520262886e-01,-3.920484148821182790e-01,-6.837491262463064601e-01
6.100000000000000000e+03,-1.224926223078227627e+00,2.864116910091378185e-02,-4.335455856156547050e-01,-3.708882904901285565e-03,-5.315058327998037346e-02,-3.981086589018592581e-02,-1.694043719492582811e-02,3.607541760167066736e-01,-7.940598310272963811e-01,-4.685125134248212947e-02,1.159211915001041593e+00,1.515862636336326452e-01,3.101222549553772981e-03,1.698894289467461016e+00,0.000000000000000000e+00,-8.399555186076665750e-03,1.611284428206726238e-01,8.127080957709845524e-03,1.886729896936806261e-01,4.259747904777141936e-02,5.119848144487847662e-03,5.222793473457899502e-03,9.371066420033842270e-01,-3.920484148821182790e-01,-6.837491262463064601e-01
6.200000000000000000e+03,-1.208333734916252178e+00,2.864116910091378185e-02,-5.047343794532495043e-01,-3.708882904901285565e-03,-5.326341850071863310e-02,-3.536573223141412786e-02,-1.694043719492582811e-02,3.600838489576299040e-01,-7.940598310272963811e-01,-4.673754786597176386e-02,1.159211915001041593e+00,1.448052450905661925e-01,0.000000000000000000e+00,1.618827114265104727e+00,0.000000000000000000e+00,-8.226329900612809262e-03,1.611284428206726238e-01,7.823340115556440960e-03,2.321020256543472327e-01,4.119511842299997811e-02,5.119848144487847662e-03,5.222793473457899502e-03,9.371066420033842270e-01,-3.906582131493410714e-01,-6.837491262463064601e-01
6.300000000000000000e+03,-1.224926223078227627e+00,2.864116910091378185e-02,-4.320046270588377424e-01,-3.542274792500191543e-03,-5.315058327998037346e-02,-3.865429150684832060e-02,-1.694043719492582811e-02,3.615408503717847388e-01,-7.940598310272963811e-01,-4.685125134248212947e-02,1.159211915001041593e+00,1.075463407529675536e-01,0.000000000000000000e+00,1.698894289467461016e+00,0.000000000000000000e+00,-8.046737182709495090e-03,1.611284428206726238e-01,7.862929906823051818e-03,2.375930531896036091e-01,3.730945183144290800e-02,5.119848144487847662e-03,5.210309088676651733e-03,9.371066420033842270e-01,-3.920484148821182790e-01,-6.837491262463064601e-01
6.400000000000000000e+03,-1.224926223078227627e+00,2.291189944427978256e-02,-4.320046270588377424e-01,-3.521209398978212852e-03,-7.626603734729785200e-02,-3.929959465697186599e-02,-1.694043719492582811e-02,4.510686298902086278e-01,-7.940598310272963811e-01,-4.685125134248212947e-02,1.159211915001041371e+00,1.023851693835366172e-01,0.000000000000000000e+00,1.698894289467461016e+00,0.000000000000000000e+00,-1.115669355424749390e-02,1.611284428206726238e-01,9.741824271668695842e-03,2.375930531896035813e-01,3.909452660100914273e-02,3.738548695119049518e-03,5.222793473457899502e-03,9.371066420033842270e-01,-3.920484148821182790e-01,-6.837491262463064601e-01
6.500000000000000000e+03,-1.219455387655533407e+00,2.291189944427978603e-02,-4.320046270588377424e-01,-4.040574257558865630e-03,-7.626603734729785200e-02,-4.294962756455068115e-02,-1.694043719492582811e-02,4.147180907674225536e-01,-7.940598310272963811e-01,-4.685125134248212947e-02,1.159211915001041593e+00,1.019780746416192319e-01,0.000000000000000000e+00,1.557387937392655575e+00,0.000000000000000000e+00,-1.122385250339508894e-02,1.565936693344340824e-01,9.750145355967959962e-03,2.375930531896036091e-01,3.097970166799264222e-02,3.720579802849427464e-03,5.222793473457899502e-03,9.371066420033842270e-01,-4.718292321262274602e-01,-6.837491262463064601e-01
6.600000000000000000e+03,-1.735683217587026039e+00,2.291189944427978256e-02,-4.313731612835504658e-01,-4.040574257558865630e-03,-7.626603734729785200e-02,-4.368690426894646095e-02,-1.694043719492582811e-02,4.147180907674225536e-01,-7.942770821355252808e-01,-4.717164725655750152e-02,1.159211915001041371e+00,1.019780746416192319e-01,0.000000000000000000e+00,9.274255383580926049e-01,0.000000000000000000e+00,-7.869846952865904022e-03,1.560203071695074051e-01,9.741824271668695842e-03,2.375930531896035813e-01,3.805572052944187350e-02,3.737056582334220226e-03,5.222793473457899502e-03,9.371066420033842270e-01,-4.829508089315856512e-01,-6.837491262463064601e-01
6.700000000000000000e+03,-2.301966568452427975e+00,2.374078748274071129e-02,-4.320046270588377424e-01,-5.742110232753953186e-03,-7.626603734729785200e-02,-4.368690426894646789e-02,-1.694043719492582811e-02,3.647354858647225972e-01,-7.940598310272963811e-01,-3.784108598331590440e-02,1.159211915001041593e+00,9.709116731855427229e-02,0.000000000000000000e+00,9.274255383580926049e-01,0.000000000000000000e+00,-7.932356283043819067e-03,1.560203071695074051e-01,1.596553121930664385e-02,2.375930531896036091e-01,3.907154615428598543e-02,5.127641292594183747e-03,5.268055173217422830e-03,9.371066420033842270e-01,-4.803619329843152874e-01,-6.837491262463064601e-01
6.800000000000000000e+03,-2.301966568452427975e+00,2.291189944427978603e-02,-4.913668137777144618e-01,-5.742110232753953186e-03,-7.626603734729785200e-02,-5.360790430088201164e-02,-1.694043719492582811e-02,3.753204097325759103e-01,-7.940598310272963811e-01,-2.439108702313390678e-02,1.159211915001041593e+00,1.019780746416192319e-01,0.000000000000000000e+00,9.274255383580926049e-01,0.000000000000000000e+00,-7.951165782229660875e-03,1.560203071695074051e-01,1.567080585644907084e-02,2.375930531896036091e-01,3.773311954979276933e-02,5.127641292594183747e-03,5.221468785904777830e-03,9.371066420033842270e-01,-4.829508089315856512e-01,-6.837491262463064601e-01
6.900000000000000000e+03,-2.301966568452427975e+00,2.205056740697688283e-02,-4.988723776157333312e-01,-6.107338775498865127e-03,-7.727203686196972010e-02,-3.584984348749266359e-02,-1.694043719492582811e-02,3.710814782823324554e-01,-7.940598310272963811e-01,-2.341715943491025007e-02,1.159211915001041371e+00,1.019780746416192319e-01,0.000000000000000000e+00,9.274255383580926049e-01,0.000000000000000000e+00,-7.932356283043817333e-03,1.560203071695074051e-01,1.338026069041133026e-02,2.375930531896035813e-01,3.814077819712097250e-02,4.983720720657462168e-03,5.222793473457899502e-03,9.371066420033842270e-01,-4.829508089315856512e-01,-6.837491262463064601e-01
7.000000000000000000e+03,-2.301966568452427975e+00,2.291189944427978256e-02,-3.110620593459930139e-01,-5.769571476714985443e-03,-8.192630067288718398e-02,-4.790203570346553835e-02,-1.694043719492582811e-02,3.233966115352601700e-01,-7.940598310272963811e-01,-1.906707268006875219e-02,1.159211915001041371e+00,1.020872492758089084e-01,4.273849056103763699e-03,9.288061014640833779e-01,0.000000000000000000e+00,-7.952999802869339246e-03,1.560203071695074051e-01,1.624543459131964560e-02,3.213257603081202674e-01,3.134206485795306557e-02,3.832356145163709482e-03,5.222793473457899502e-03,9.371066420033842270e-01,-4.829508089315856512e-01,-6.837491262463064601e-01
7.100000000000000000e+03,-2.301966568452427975e+00,2.283027206386347222e-02,-3.116223087121079982e-01,-5.742110232753953186e-03,-8.532003297934469266e-02,-5.288452608699802104e-02,-1.694043719492582811e-02,3.117274758513660649e-01,-7.940598310272963811e-01,-1.906707268006875219e-02,1.159211915001041593e+00,1.019780746416192319e-01,0.000000000000000000e+00,9.274255383580926049e-01,0.000000000000000000e+00,-7.938316445817009126e-03,1.560203071695074051e-01,1.618001066378793942e-02,3.213257603081202674e-01,3.711729403076058365e-02,3.843052096597838248e-03,5.222793473457899502e-03,9.371066420033842270e-01,-4.829508089315856512e-01,-6.837491262463064601e-01
7.200000000000000000e+03,-2.301966568452427975e+00,2.291189944427978603e-02,-3.110620593459930139e-01,-5.742110232753953186e-03,-8.532003297934469266e-02,-2.882269211724328845e-02,-1.694043719492582811e-02,2.995148396972652782e-01,-8.118384604772245217e-01,-1.477433785234840043e-02,1.159211915001041593e+00,1.003861181814098974e-01,0.000000000000000000e+00,9.274255383580926049e-01,0.000000000000000000e+00,-7.729321010607943278e-03,1.560203071695074051e-01,1.613159141401270674e-02,3.213257603081202674e-01,3.700587308416324051e-02,3.832356145163709916e-03,4.150037380465696792e-03,9.371066420033842270e-01,-4.829508089315856512e-01,-6.837491262463064601e-01
7.300000000000000000e+03,-2.292845681185228468e+00,1.299047614112476719e-02,-3.110620593459930139e-01,-5.739934828530131143e-03,-8.532003297934469266e-02,-2.576723054236927657e-02,-1.694043719492582811e-02,3.264098804204405013e-01,-8.118384604772246327e-01,-1.450093715343039359e-02,1.159211915001041593e+00,1.019780746416192180e-01,0.000000000000000000e+00,9.274255383580926049e-01,0.000000000000000000e+00,-6.893095442863262680e-03,1.561244412822549166e-01,1.175996872123463016e-02,3.217102917258026773e-01,3.700587308416324051e-02,3.832356145163709916e-03,4.150037380465696792e-03,9.371066420033842270e-01,-5.043361820631423464e-01,-6.837491262463063491e-01
7.400000000000000000e+03,-2.301966568452427975e+00,1.200053470414006590e-02,-3.110620593459930139e-01,-5.742110232753953186e-03,-8.538713646304257887e-02,-2.213333792399686112e-02,-1.694043719492582811e-02,3.112950362577152075e-01,-8.118384604772244106e-01,-1.876007250041365065e-02,1.159211915001041371e+00,1.019780746416192319e-01,0.000000000000000000e+00,9.274255383580926049e-01,0.000000000000000000e+00,-6.735872178676621629e-03,1.560203071695074051e-01,1.064755117741980617e-02,3.213257603081202674e-01,3.701432883933628709e-02,3.832356145163709482e-03,4.150037380465696792e-03,9.371066420033842270e-01,-5.077452423794120984e-01,-6.837491262463064601e-01
7.500000000000000000e+03,-2.302660490392693493e+00,1.200053470414006590e-02,-1.850153519646257627e-01,-5.742110232753953186e-03,-8.532003297934469266e-02,-2.211816113249029034e-02,-1.697926372941075540e-02,1.928063959975259700e-01,-8.118384604772245217e-01,-1.874733159716370640e-02,1.159211915001041593e+00,9.881106952952249667e-02,0.000000000000000000e+00,9.249526317961384025e-01,0.000000000000000000e+00,-6.770191790230260624e-03,1.560203071695074051e-01,1.304855556556297133e-02,3.213257603081202674e-01,3.700587308416324051e-02,4.013713300075280078e-03,4.150037380465696792e-03,9.371066420033842270e-01,-5.688541022368773792e-01,-6.837491262463063491e-01
7.600000000000000000e+03,-2.293757482942807790e+00,1.200053470414006590e-02,-1.688930986949160051e-01,-5.742110232753953186e-03,-8.569586411596034903e-02,-2.352785984730961649e-02,-1.694043719492582811e-02,2.053036949204724848e-01,-8.118384604772244106e-01,-1.835733329633889438e-02,1.159211915001041371e+00,9.840598748030085496e-02,0.000000000000000000e+00,9.260559171589590743e-01,0.000000000000000000e+00,-5.009258426290450796e-03,1.560203071695074051e-01,1.364224555783568292e-02,3.213257603081202674e-01,3.700587308416324744e-02,3.832356145163709482e-03,4.148860446846236970e-03,9.371066420033842270e-01,-5.767524093796302376e-01,-6.837491262463064601e-01
7.700000000000000000e+03,-2.301966568452427975e+00,1.200053470414006590e-02,-1.688930986949160051e-01,-5.742110232753953186e-03,-8.532003297934469266e-02,-2.074863557090454377e-02,-1.694043719492582811e-02,1.946101481492862884e-01,-8.118384604772245217e-01,-1.834691826560729336e-02,1.159211915001041593e+00,9.840598748030084109e-02,8.816840730986761840e-04,9.274255383580926049e-01,0.000000000000000000e+00,-4.961277599897379216e-03,1.560203071695074051e-01,1.364179818669772858e-02,3.213257603081202674e-01,2.780153829460078885e-02,3.832356145163709916e-03,4.150037380465696792e-03,9.371066420033842270e-01,-5.962498736409608258e-01,-6.837491262463064601e-01
7.800000000000000000e+03,-2.241124882621098102e+00,1.200053470414006590e-02,-1.695801022619211340e-01,-5.742110232753953186e-03,-8.493811798600477136e-02,-2.066181888427513422e-02,-1.694043719492582811e-02,1.967543903909660108e-01,-8.118384604772245217e-01,-1.852569173125800592e-02,1.159211915001041593e+00,9.840598748030084109e-02,0.000000000000000000e+00,9.312691526440644019e-01,0.000000000000000000e+00,-5.746929124961785290e-03,1.560203071695074051e-01,1.397140245393954650e-02,3.213257603081202674e-01,2.770579534822199819e-02,3.832356145163709916e-03,3.984139704685441333e-03,9.371066420033842270e-01,-5.877444327208966035e-01,-6.837491262463063491e-01
7.900000000000000000e+03,-2.301966568452427975e+00,1.200053470414006590e-02,-1.695858871903601905e-01,-5.742110232753953186e-03,-8.931542622883560656e-02,-2.036870105851024473e-02,-1.694043719492582811e-02,2.053036949204724571e-01,-8.118384604772245217e-01,-1.937800630803600613e-02,1.159211915001041593e+00,9.840598748030084109e-02,0.000000000000000000e+00,9.274255383580926049e-01,0.000000000000000000e+00,-5.720139939921878997e-03,1.560203071695074051e-01,1.368608792935529887e-02,3.213257603081202674e-01,2.664137446927778569e-02,3.832356145163709916e-03,2.768030954251597328e-03,9.371066420033842270e-01,-5.711033653988840664e-01,-6.837491262463064601e-01
8.000000000000000000e+03,-2.301966568452427975e+00,1.200053470414006590e-02,-1.688930986949160051e-01,-5.723311904047755951e-03,-8.931542622883560656e-02,-2.794018594351148355e-02,-1.694043719492582811e-02,2.053036949204724571e-01,-8.118384604772245217e-01,-1.937800630803600613e-02,1.160217952102053474e+00,9.544684759014686326e-02,0.000000000000000000e+00,9.274255383580926049e-01,0.000000000000000000e+00,-6.647839999032355979e-03,1.560203071695074051e-01,1.375516270644923725e-02,3.209645460937254891e-01,2.670978921874263279e-02,4.910771862420227653e-03,2.768030954251597328e-03,9.371066420033842270e-01,-5.688835571431737348e-01,-6.837491262463064601e-01
8.100000000000000000e+03,-2.301966568452427975e+00,1.200053470414006590e-02,-2.322309293141214259e-01,-4.105566984054691629e-03,-8.931542622883560656e-02,-2.794018594351148355e-02,-1.694043719492582811e-02,1.817110577507337343e-01,-8.153812111379770133e-01,-1.783995893124344298e-02,1.159211915001041593e+00,9.840598748030084109e-02,0.000000000000000000e+00,6.919333813076353756e-01,0.000000000000000000e+00,-7.850334082399525182e-03,1.604006711626677906e-01,1.368608792935529887e-02,4.738396107528562995e-01,2.680842849290763358e-02,4.910771862420227653e-03,2.768030954251597328e-03,9.371066420033842270e-01,-5.724583413334184412e-01,-6.837491262463064601e-01
8.200000000000000000e+03,-2.281550709458818993e+00,1.200053470414006590e-02,-2.322309293141213982e-01,-4.121668668116711468e-03,-8.931542622883560656e-02,-1.848423938008183359e-02,-1.694043719492582811e-02,1.817110577507337343e-01,-8.118384604772244106e-01,-1.807392365835941775e-02,1.159211915001041371e+00,1.111913627458511189e-01,0.000000000000000000e+00,6.919333813076353756e-01,0.000000000000000000e+00,-3.738141555847993014e-03,1.604006711626677906e-01,9.025090374179619082e-03,4.738396107528562995e-01,3.762300328610453104e-02,4.910771862420227653e-03,2.824403182099354329e-03,9.371066420033842270e-01,-5.719349088472798215e-01,-6.837491262463064601e-01
8.300000000000000000e+03,-2.869967922759017576e+00,1.200053470414006590e-02,-2.322309293141214259e-01,-4.121668668116711468e-03,-6.534901681149120345e-02,-2.571745139617825221e-02,-1.792613541369146232e-02,1.913575382711087958e-01,-8.118384604772245217e-01,-1.992547014309863779e-02,1.159211915001041593e+00,9.840598748030084109e-02,0.000000000000000000e+00,6.919333813076353756e-01,0.000000000000000000e+00,-3.881513527343646679e-03,1.604006711626677906e-01,1.505948305775207594e-02,4.837982162907185635e-01,2.246627886312274613e-02,4.910771862420227653e-03,2.768030954251597328e-03,9.371066420033842270e-01,-5.711033653988840664e-01,-6.837491262463063491e-01
8.400000000000000000e+03,-2.867801867175974628e+00,1.236947457338869252e-02,-1.840092881881131015e-01,-4.016127515020020099e-03,-6.536040111841040501e-02,-2.571745139617824874e-02,-1.792613541369146232e-02,1.915606220715377339e-01,-8.118384604772247437e-01,-1.994564147528727141e-02,1.159211915001041593e+00,1.039062324819352845e-01,4.831211307039210215e-03,6.919333813076353756e-01,0.000000000000000000e+00,-3.902364567034550136e-03,1.604006711626677906e-01,1.483411437998788732e-02,4.840078711441472836e-01,2.597456104582921907e-02,4.910771862420227653e-03,2.768030954251597328e-03,9.371066420033842270e-01,-5.711033653988840664e-01,-6.837491262463062380e-01
8.500000000000000000e+03,-2.941899346770721735e+00,1.200053470414006590e-02,-1.765614804223522571e-01,-4.121668668116711468e-03,-6.534901681149120345e-02,-2.571745139617825568e-02,-1.792613541369146232e-02,2.677468048534465961e-01,-8.118384604772244106e-01,-1.995771679011800262e-02,1.167892739734506913e+00,9.840598748030085496e-02,0.000000000000000000e+00,6.919333813076353756e-01,0.000000000000000000e+00,-3.738141555847993014e-03,1.606578750277308509e-01,1.523514987650050057e-02,4.738396107528562995e-01,2.670978921874263279e-02,4.910771862420227653e-03,2.768030954251597328e-03,9.371066420033842270e-01,-5.711033653988840664e-01,-6.837491262463064601e-01
8.600000000000000000e+03,-2.858314609015081942e+00,1.200053470414006590e-02,-1.766961057366525367e-01,-4.121668668116712335e-03,-6.534901681149120345e-02,-1.956085597518339089e-02,-1.792613541369146232e-02,1.485129017350819980e-01,-8.135604214597718098e-01,-1.988248329723489929e-02,1.159211915001041593e+00,9.840598748030082721e-02,0.000000000000000000e+00,6.919333813076353756e-01,0.000000000000000000e+00,-3.337242316923762653e-03,1.604006711626677906e-01,1.523514987650050230e-02,4.738396107528563550e-01,2.598692524832392145e-02,5.705974762274647859e-03,2.768030954251597328e-03,9.371066420033842270e-01,-5.711033653988840664e-01,-6.837491262463063491e-01
8.700000000000000000e+03,-2.947348965192400527e+00,1.200053470414006590e-02,-1.766961057366525367e-01,-4.121668668116711468e-03,-6.534901681149120345e-02,-1.720233122603776615e-02,-1.792613541369146232e-02,1.485129017350819702e-01,-8.118384604772245217e-01,-1.590222471260289636e-02,1.159211915001041593e+00,5.820185982980768252e-02,0.000000000000000000e+00,6.919333813076353756e-01,0.000000000000000000e+00,-3.105266510073838825e-03,1.574397492038759061e-01,1.815180673282285745e-02,4.738396107528562995e-01,2.962693093064986197e-02,5.705974762274647859e-03,2.847932187578156634e-03,9.371066420033842270e-01,-6.930547571223024672e-01,-6.837491262463063491e-01
8.800000000000000000e+03,-4.007419877891061688e+00,1.210907022843452432e-02,-1.766961057366525645e-01,-4.121668668116711468e-03,-6.534901681149120345e-02,-1.721997287212319663e-02,-1.792613541369146232e-02,1.482344191028831526e-01,-8.118384604772245217e-01,-1.590222471260289636e-02,1.159211915001041593e+00,5.820185982980768252e-02,0.000000000000000000e+00,6.943665185332122958e-01,0.000000000000000000e+00,-3.078602624229020632e-03,1.706930958195735093e-01,1.137521079758582049e-02,4.738396107528562995e-01,2.953380774933479433e-02,5.705974762274646991e-03,1.898446606194382916e-03,9.371066420033842270e-01,-6.930547571223024672e-01,-6.837491262463064601e-01
8.900000000000000000e+03,-3.957626043281420092e+00,1.210907022843452432e-02,-1.766961057366525645e-01,-4.058925015437427064e-03,-6.534901681149120345e-02,-1.713583185387679633e-02,-1.792613541369146232e-02,1.529335731484572913e-01,-8.118384604772245217e-01,-1.590222471260289636e-02,1.159211915001041593e+00,5.820185982980768252e-02,0.000000000000000000e+00,6.919333813076353756e-01,0.000000000000000000e+00,-3.089524350324372119e-03,1.723688063112134294e-01,1.052143952515796621e-02,4.725054967449513477e-01,2.968262986937206596e-02,5.705974762274646991e-03,1.788499159888297949e-03,9.371066420033842270e-01,-6.930547571223024672e-01,-6.806807950919547823e-01
9.000000000000000000e+03,-4.158647894369505771e+00,1.210907022843452259e-02,-1.766961057366525367e-01,-4.121668668116712335e-03,-6.565578638332918160e-02,-1.713583185387679633e-02,-1.792613541369146232e-02,2.042089363828002713e-01,-8.118384604772246327e-01,-1.435971939383023400e-02,1.159211915001041593e+00,5.820185982980768252e-02,0.000000000000000000e+00,6.919333813076353756e-01,0.000000000000000000e+00,-3.115511482995150880e-03,1.723688063112134572e-01,6.483694568814417358e-03,4.738396107528563550e-01,2.948868698788253973e-02,5.687667098470548972e-03,1.788499159888297949e-03,9.371066420033842270e-01,-7.316487695222018139e-01,-6.837491262463063491e-01
9.100000000000000000e+03,-5.726815723950394066e+00,1.210907022843452259e-02,-1.766961057366525367e-01,-4.132171610169547288e-03,-6.513188261655838973e-02,-1.713583185387679633e-02,-1.791753393162540120e-02,1.562628990000070328e-01,-8.132430860996489042e-01,-1.441894188830974456e-02,1.159211915001041593e+00,5.820185982980768252e-02,0.000000000000000000e+00,6.919333813076353756e-01,0.000000000000000000e+00,-3.050018744376663867e-03,1.723688063112134572e-01,5.961162868581726393e-03,4.738396107528562995e-01,2.957146864991607588e-02,8.474066786892333128e-03,1.788499159888297949e-03,9.371066420033842270e-01,-6.923497407483248933e-01,-6.837491262463063491e-01
9.200000000000000000e+03,-5.726815723950393178e+00,8.868445852467822868e-03,-1.766961057366525645e-01,-4.121668668116711468e-03,-6.534901681149120345e-02,-1.775088540377699198e-02,-1.792613541369146232e-02,1.580714763107640419e-01,-8.118384604772245217e-01,-1.435971939383023574e-02,1.159211915001041593e+00,5.839634437100516690e-02,0.000000000000000000e+00,6.919333813076353756e-01,0.000000000000000000e+00,-4.174901734800966560e-03,1.723688063112134294e-01,5.299050811863595910e-03,3.660655606428169784e-01,2.962693093064986197e-02,8.527918790542741295e-03,1.788499159888297949e-03,9.371066420033842270e-01,-6.930547571223024672e-01,-6.837491262463064601e-01
9.300000000000000000e+03,-5.726815723950394066e+00,8.850295556779691139e-03,-1.766961057366525367e-01,-4.057981185842785173e-03,-3.629839668220959104e-02,-1.713583185387679633e-02,-1.792613541369146232e-02,1.639824503245801701e-01,-8.118384604772246327e-01,-7.396102971493321437e-03,1.159211915001041593e+00,5.820185982980768252e-02,0.000000000000000000e+00,6.904417015881939568e-01,0.000000000000000000e+00,-4.458309645842262192e-03,1.723688063112134572e-01,5.341259364899759825e-03,3.524389566059156209e-01,2.962693093064986197e-02,8.527918790542741295e-03,1.788499159888297949e-03,9.371066420033842270e-01,-6.926787500847395584e-01,-6.837491262463063491e-01
9.400000000000000000e+03,-5.726815723950393178e+00,8.868445852467822868e-03,-2.291419547279527624e-01,-4.136429807679736954e-03,-3.639522852486234278e-02,-1.713316333152425583e-02,-1.792613541369146232e-02,1.659730165573875815e-01,-8.118384604772245217e-01,-4.408319368252088498e-03,1.159211915001041593e+00,5.820185982980768252e-02,0.000000000000000000e+00,6.914206542503728015e-01,2.575653092079932885e-03,-3.569885337382413312e-03,1.723688063112134294e-01,5.336564188750851992e-03,3.524389566059156209e-01,2.803705753990552718e-02,8.527918790542741295e-03,1.788499159888297949e-03,9.409529230430665470e-01,-6.068175226510487130e-01,-6.837491262463064601e-01
9.500000000000000000e+03,-5.726815723950393178e+00,1.089185016122310237e-02,-2.294072881405246345e-01,-4.805494591791067971e-03,-3.629839668220959104e-02,-9.571741530906115875e-03,-1.792613541369146232e-02,1.657292470493373915e-01,-8.118384604772245217e-01,-4.408319368252088498e-03,1.159211915001041593e+00,4.935590004602661424e-02,0.000000000000000000e+00,6.919333813076353756e-01,0.000000000000000000e+00,-3.007199995767568992e-03,2.005846331245730862e-01,5.341259364899758090e-03,3.524389566059156209e-01,2.962693093064986197e-02,8.527918790542741295e-03,1.788499159888297949e-03,9.371066420033842270e-01,-5.959139642696257289e-01,-6.837491262463064601e-01
9.600000000000000000e+03,-5.726815723950394066e+00,1.089185016122310064e-02,-2.285336622979305676e-01,-4.805494591791067104e-03,-3.647428342213132613e-02,-8.625712696360469944e-03,-1.792613541369146232e-02,1.657318661014347272e-01,-8.118384604772246327e-01,-3.032515160299530544e-03,1.159860482272866422e+00,4.845297533218736324e-02,0.000000000000000000e+00,6.919333813076353756e-01,0.000000000000000000e+00,-3.015839436423885505e-03,2.005846331245730585e-01,7.366704207449825507e-03,3.524389566059156209e-01,2.007471578521924718e-02,8.527918790542741295e-03,1.788499159888297949e-03,9.371066420033842270e-01,-5.959139642696257289e-01,-6.837491262463063491e-01
9.700000000000000000e+03,-5.725973765408418181e+00,1.063334635953363735e-02,-2.285336622979305676e-01,-4.795390273800336639e-03,-3.629839668220959104e-02,-8.625712696360469944e-03,-1.792613541369146232e-02,1.226828917919748907e-01,-8.118384604772245217e-01,-3.100340568684292405e-03,1.159211915001041593e+00,4.823744536072096384e-02,0.000000000000000000e+00,6.919333813076353756e-01,0.000000000000000000e+00,-3.015839436423885071e-03,2.005846331245730862e-01,7.365666220660913033e-03,3.524389566059156209e-01,2.007471578521924718e-02,8.527918790542741295e-03,1.788499159888297949e-03,9.371066420033842270e-01,-5.959139642696257289e-01,-6.837491262463064601e-01
9.800000000000000000e+03,-5.726815723950393178e+00,1.063334635953363735e-02,-2.285336622979305676e-01,-4.805494591791067971e-03,-3.634962788392748223e-02,-9.514836643510824962e-03,-1.792613541369146232e-02,1.206908880367620479e-01,-8.118384604772245217e-01,-3.723055241610906483e-03,1.159211915001041593e+00,4.828537415360054791e-02,0.000000000000000000e+00,7.023796400710553556e-01,0.000000000000000000e+00,-2.929618166466853475e-03,2.005846331245730862e-01,7.348538729056829609e-03,3.524389566059156209e-01,2.007471578521924718e-02,6.965263941236640895e-03,1.788499159888297949e-03,9.371066420033842270e-01,-8.187193692831453706e-01,-6.837491262463064601e-01
9.900000000000000000e+03,-5.726815723950393178e+00,1.063334635953363735e-02,-2.285336622979305676e-01,-4.805494591791067971e-03,-3.629839668220959104e-02,-9.527024377381438855e-03,-1.792613541369146232e-02,6.685127488408072749e-02,-8.118384604772245217e-01,-3.800059365321558757e-03,1.159211915001041593e+00,2.465347524431176288e-02,0.000000000000000000e+00,6.919333813076353756e-01,0.000000000000000000e+00,-2.690679237350274491e-03,2.005846331245730862e-01,7.348538729056829609e-03,4.080827452416613821e-01,2.124357704300453703e-02,7.111401381860647970e-03,1.788499159888297949e-03,9.371066420033842270e-01,-8.187193692831453706e-01,-6.837491262463064601e-01
