-1.000000000000000000e+00,-4.348246585949995177e-03,-2.491143470431507120e-02,-6.861416400205204436e-02,1.485782666292430679e-02,-8.916609863243819545e-01,-7.409857728736923832e-02,3.114379143342124734e-01,1.829064072813757838e-02,7.590824355575424842e-02,-1.023113574098209799e+00,9.432064603556294946e-01,4.492814437591618471e-01,-2.777232182241493041e-02,3.077521405397338691e-02,-3.996787362512022046e-02,5.453430712859137774e-02,1.573749782442956935e-01,1.977603832861800012e-03,-7.114405066727254312e-02,-2.505723401317532656e-02,-2.381168331573372404e-02,8.397404884560744076e-02,3.170229744781516867e+00,-7.384064341638266193e-02,-8.143779771580051952e-01
0.000000000000000000e+00,-4.348246585949995177e-03,-2.498072919492052776e-02,-6.861416400205204436e-02,1.485782666292430505e-02,-8.916609863243819545e-01,-7.409780092194305501e-02,3.114379143342124734e-01,1.829064072813757838e-02,7.590824355575424842e-02,-1.062973496277227925e+00,9.432064603556294946e-01,4.492814437591618471e-01,-2.799870132981240392e-02,3.079666476647792070e-02,-3.996787362512022046e-02,5.453430712859137774e-02,1.573749782442956935e-01,1.977603832861800012e-03,-7.114405066727254312e-02,-2.502227040448323434e-02,-2.381168331573372057e-02,8.429588276298456695e-02,3.170229744781516867e+00,-7.407365041615165957e-02,-8.166723192172558043e-01
1.000000000000000000e+02,-4.173221148200290977e-03,-2.498072919492052429e-02,-6.861416400205204436e-02,1.491278380597328007e-02,-2.359975445806933581e-01,-6.192867863445348370e-02,3.114379143342124734e-01,1.829064072813757838e-02,7.556663925953688299e-02,-1.014459167031348530e+00,9.432064603556294946e-01,4.492814437591618471e-01,-2.814137405795411398e-02,1.024858519112903203e-02,-4.014853693585310190e-02,5.453430712859137774e-02,1.392583842205130928e-01,1.977603832861800012e-03,-7.114405066727254312e-02,-2.756720673407216105e-02,-2.381168331573372404e-02,8.391913556592277279e-02,3.170229744781516867e+00,-7.407365041615165957e-02,-8.166723192172558043e-01
2.000000000000000000e+02,-6.032496543888109068e-03,-2.498072919492052776e-02,-6.861416400205204436e-02,1.769862284862768614e-02,-2.364350634783789762e-01,-6.192867863445348370e-02,3.733873815083578185e-01,1.829064072813757838e-02,1.063146820138083509e-01,-1.014459167031348530e+00,9.432064603556294946e-01,4.492814437591618471e-01,-2.803327143903734317e-02,5.389149790252317773e-03,-3.996787362512022046e-02,5.433070289496090555e-02,1.391680420835540444e-01,1.916565341565126509e-03,-7.114405066727254312e-02,-2.919193149412966856e-02,-2.381168331573372057e-02,8.429588276298456695e-02,3.170229744781516867e+00,-7.407365041615165957e-02,-8.166723192172558043e-01
3.000000000000000000e+02,-6.032496543888109068e-03,-2.498072919492052776e-02,-6.861416400205204436e-02,1.722279242537850738e-02,-2.357067800224693643e-01,-6.196555204687667628e-02,3.811310649051259380e-01,1.829064072813757838e-02,1.063146820138083509e-01,-1.014459167031348530e+00,9.432064603556294946e-01,4.492814437591618471e-01,-2.803327143903734317e-02,4.881803223128092922e-03,-3.996787362512022046e-02,6.369577871299343663e-02,1.395555127049609712e-01,1.919375281494691780e-03,-7.114405066727254312e-02,-1.494048834421270178e-02,-2.055655251599231709e-02,8.429588276298456695e-02,3.164965301576867507e+00,-7.407365041615165957e-02,-8.166723192172558043e-01
4.000000000000000000e+02,-6.032496543888109068e-03,-2.618144020925234836e-02,-6.861416400205204436e-02,1.726671992718429791e-02,-2.359624922083695397e-01,-6.192867863445348370e-02,3.811310649051259380e-01,1.831840936507517920e-02,1.042842941485095237e-01,-1.014459167031348530e+00,9.432064603556294946e-01,4.492814437591618471e-01,-2.803327143903734317e-02,4.883551838729080843e-03,-3.996787362512022046e-02,6.355941215657373577e-02,1.372965349174894711e-01,1.919375281494691780e-03,-7.114405066727254312e-02,-1.571047899057026465e-02,-2.145771843727360337e-02,8.429588276298456695e-02,3.170229744781516867e+00,-6.258000596560164830e-02,-8.166723192172558043e-01
5.000000000000000000e+02,-6.032496543888109068e-03,-2.618144020925234836e-02,-7.540249044273131251e-02,1.739007912072382603e-02,-2.359975445806933581e-01,-6.192867863445348370e-02,3.811310649051259380e-01,1.829064072813757838e-02,1.063146820138083509e-01,-1.034925034024619217e+00,9.432064603556294946e-01,4.492814437591618471e-01,-2.803327143903734317e-02,4.663617241359284231e-03,-3.996787362512022046e-02,6.369577871299343663e-02,1.811468180330816635e-01,1.889083127835327995e-03,-6.938358884742619470e-02,-1.674839570845623044e-02,-2.776587988624256917e-02,8.390962859211371916e-02,3.170229744781516867e+00,-6.412376465476622711e-02,-8.166723192172558043e-01
6.000000000000000000e+02,-5.898531430222135954e-03,-2.498072919492052776e-02,-7.638350037069387144e-02,1.726671992718429791e-02,-2.359975445806933581e-01,-6.192867863445348370e-02,3.811310649051259380e-01,1.829064072813757838e-02,1.063146820138083509e-01,-1.014459167031348530e+00,9.432064603556294946e-01,4.492814437591618471e-01,-2.813055666587965797e-02,5.595240049564838801e-03,-3.996787362512022046e-02,6.511570862835573681e-02,1.885899527255542607e-01,1.919375281494691780e-03,-7.622817865831875428e-02,-1.494260480699116135e-02,-2.866704580752384157e-02,8.429588276298456695e-02,3.170229744781516867e+00,-6.258000596560164830e-02,-8.135757902873574920e-01
7.000000000000000000e+02,-6.032496543888109068e-03,-2.498072919492052776e-02,-7.862182341439157007e-02,1.673651787392784612e-02,-2.397104607583303848e-01,-6.170734095169895517e-02,3.815627695495545924e-01,1.829064072813757838e-02,7.441875343926267206e-02,-9.207635514540005728e-01,9.432064603556294946e-01,4.492814437591618471e-01,-2.803327143903734317e-02,5.595240049564838801e-03,-3.996787362512022046e-02,6.350609493969935904e-02,1.450702200499426053e-01,1.919375281494691780e-03,-7.622817865831875428e-02,-2.066921281733626742e-02,-2.873260045138764651e-02,8.429588276298456695e-02,3.170229744781516867e+00,-4.768368530382083303e-02,-8.166723192172558043e-01
8.000000000000000000e+02,-8.365522917274327910e-03,-2.498072919492052776e-02,-7.625103124781618114e-02,1.676420501175729383e-02,-2.359975445806933581e-01,-6.192867863445348370e-02,4.124019755040403412e-01,1.829064072813757838e-02,6.200520753167281657e-02,-9.130720522857368460e-01,9.432064603556294946e-01,4.492814437591618471e-01,-2.803327143903734317e-02,5.595240049564838801e-03,-3.996787362512022046e-02,6.369577871299343663e-02,1.396302534654911276e-01,1.919375281494691780e-03,-7.622817865831875428e-02,-2.138503881862939202e-02,-2.866704580752384157e-02,8.429588276298456695e-02,3.170229744781516867e+00,-4.566439308775307321e-02,-8.166723192172558043e-01
9.000000000000000000e+02,-7.498208200306420018e-03,-1.759096192496094335e-02,-5.819175242793495767e-02,1.676420501175729383e-02,-2.359975445806933581e-01,-6.507912669172162545e-02,3.800792175021540653e-01,1.833598982202174280e-02,6.200520753167281657e-02,-9.130720522857368460e-01,9.432064603556294946e-01,4.492814437591618471e-01,-2.793284205557811095e-02,5.274838545502349464e-03,-3.996787362512022046e-02,6.379374275371653413e-02,1.396302534654911276e-01,2.006284580278645552e-03,-7.337068336744242969e-02,-2.138029978333967282e-02,-2.827597868633441314e-02,8.429588276298456695e-02,3.170229744781516867e+00,-3.472758390911304116e-02,-8.166723192172558043e-01
1.000000000000000000e+03,-7.389793860685426978e-03,-1.669965634122225553e-02,-5.819175242793495767e-02,1.676420501175729383e-02,-2.359975445806933581e-01,-6.192867863445348370e-02,3.811310649051259380e-01,1.829064072813757838e-02,6.200520753167281657e-02,-9.130720522857368460e-01,9.432064603556294946e-01,4.492814437591618471e-01,-2.803327143903734317e-02,5.234788357494538080e-03,-3.996787362512022046e-02,4.775376293606263534e-02,1.396302534654911276e-01,1.919375281494691780e-03,-7.622817865831875428e-02,-2.138503881862939549e-02,-2.878068426576489355e-02,8.429588276298455307e-02,3.170229744781516867e+00,-3.328488100571190544e-02,-8.166723192172558043e-01
1.100000000000000000e+03,-7.389793860685426978e-03,-1.669015807635971724e-02,-5.839945563945758006e-02,1.676420501175729383e-02,-2.359975445806933581e-01,-6.192867863445348370e-02,3.811310649051259380e-01,1.829064072813757838e-02,6.200520753167281657e-02,-9.130720522857368460e-01,9.432064603556294946e-01,4.492814437591618471e-01,-2.803327143903734317e-02,3.808680649000417695e-03,-3.996787362512022046e-02,4.775376293606264227e-02,1.396302534654911276e-01,1.923596867790087258e-03,-7.198577723226408376e-02,-2.132218187093448680e-02,-2.866704580752384157e-02,8.429588276298456695e-02,3.170229744781516867e+00,-3.328488100571190544e-02,-8.192856762668436765e-01
1.200000000000000000e+03,-7.412816102546610116e-03,-1.669015807635971724e-02,-5.819175242793495767e-02,1.676420501175729383e-02,-2.359975445806933581e-01,-6.192867863445348370e-02,3.811310649051259380e-01,1.829064072813757838e-02,6.200520753167281657e-02,-9.130720522857368460e-01,9.433084852389490571e-01,4.492814437591618471e-01,-2.803327143903734317e-02,3.626651284501486872e-03,-3.996787362512022046e-02,4.881173876116896154e-02,1.402835767077112439e-01,1.919375281494691780e-03,-7.198577723226408376e-02,-2.138503881862939202e-02,-2.874423300518996749e-02,8.429588276298456695e-02,3.170229744781516867e+00,-3.328488100571190544e-02,-8.129611269442900134e-01
1.300000000000000000e+03,-7.368808771465151439e-03,-1.669015807635971724e-02,-5.819175242793495767e-02,1.612741294130055902e-02,-2.359975445806933581e-01,-6.192867863445348370e-02,3.811310649051259380e-01,1.829064072813757838e-02,6.200520753167281657e-02,-9.130720522857368460e-01,9.432064603556294946e-01,4.492814437591618471e-01,-2.803327143903734317e-02,3.808680649000417695e-03,-3.996787362512022046e-02,4.759677638614505379e-02,1.396302534654911276e-01,1.919375281494691780e-03,-7.198577723226408376e-02,-1.696579471453360174e-02,-2.591727882479841552e-02,8.442004943768803560e-02,3.170229744781516867e+00,-3.331226162749548886e-02,-8.166723192172558043e-01
1.400000000000000000e+03,-7.485622791473998255e-03,-1.669015807635971724e-02,-6.108304201870291134e-02,1.612741294130055902e-02,-2.359975445806933581e-01,-5.868679632859770401e-02,3.811310649051259380e-01,1.829064072813757838e-02,6.200520753167281657e-02,-9.130720522857368460e-01,9.432064603556294946e-01,4.492814437591618471e-01,-2.819139409427177598e-02,3.808897798055056391e-03,-3.996787362512022046e-02,5.515152588679351348e-02,1.397710616477915724e-01,2.501788379143929375e-03,-8.347855054053102131e-02,-1.224455751587564048e-02,-2.504876371681519220e-02,8.429588276298456695e-02,3.179605094842044011e+00,-3.319333233224771446e-02,-8.166723192172558043e-01
1.500000000000000000e+03,-7.389793860685426978e-03,-1.669015807635971724e-02,-6.144445321754887779e-02,1.425408180131524857e-02,-2.359975445806933581e-01,-6.192867863445348370e-02,3.811310649051259380e-01,1.829064072813757838e-02,6.200520753167281657e-02,-9.130720522857368460e-01,9.432064603556294946e-01,4.492814437591618471e-01,-2.803327143903734317e-02,3.650421695815839456e-03,-3.986027666912302786e-02,7.010300677986622264e-02,1.391422181005063097e-01,2.693002896712428165e-03,-8.491514720406438677e-02,-1.114652317518402894e-02,-3.850117783008426969e-02,8.429588276298456695e-02,3.170229744781516867e+00,-3.318902290751741396e-02,-8.166723192172558043e-01
1.600000000000000000e+03,-7.389793860685426978e-03,-1.669015807635971724e-02,-6.144445321754887779e-02,1.435126653866715743e-02,-1.381648380075383986e-01,-6.192867863445348370e-02,3.811310649051259380e-01,1.829064072813757838e-02,6.216097906691513131e-02,-9.130720522857368460e-01,9.432064603556294946e-01,4.492814437591618471e-01,-2.789972179324488183e-02,3.808680649000417695e-03,-3.996787362512022046e-02,7.185635184539515552e-02,1.396486340551013339e-01,3.546285821856605489e-03,-8.491514720406438677e-02,-1.110199735303142934e-02,-3.860927052040210444e-02,8.429588276298456695e-02,3.170229744781516867e+00,-3.333102068933155304e-02,-8.166723192172558043e-01
1.700000000000000000e+03,-7.421040529842776699e-03,-1.669015807635971724e-02,-6.144445321754887779e-02,1.430445221161530042e-02,-1.259357496858940773e-01,-6.192867863445348370e-02,5.074832209910219438e-01,1.829064072813757838e-02,7.917849754706925147e-02,-9.130720522857368460e-01,9.407643902508640021e-01,4.492814437591618471e-01,-2.803327143903734317e-02,3.064988340736068528e-03,-3.996787362512022046e-02,7.185635184539515552e-02,1.392828998009907615e-01,3.820522578940036343e-03,-8.452452637815485725e-02,-1.110199735303142934e-02,-3.881891096251902790e-02,8.429588276298456695e-02,3.170229744781516867e+00,-3.321076775030912254e-02,-8.166723192172558043e-01
1.800000000000000000e+03,-7.389793860685426978e-03,-1.669015807635971724e-02,-6.144445321754887779e-02,1.430445221161530042e-02,-1.259357496858940773e-01,-6.183630310500896898e-02,5.358333314466697805e-01,1.829064072813757838e-02,8.365028695777007584e-02,-5.267806812315740661e-01,9.432064603556294946e-01,4.492814437591618471e-01,-2.801311763168105526e-02,2.272727995291779542e-03,-3.996787362512022046e-02,7.185635184539515552e-02,1.465849764908065955e-01,3.894803740965364653e-03,-8.491514720406438677e-02,-1.110199735303142934e-02,-4.554606018957622904e-02,8.446540700310484207e-02,3.170229744781516867e+00,-3.029183199045141703e-02,-8.166723192172558043e-01
1.900000000000000000e+03,-7.389793860685426978e-03,-1.669015807635971724e-02,-6.396415842670200025e-02,1.504072669150682134e-02,-1.259357496858940773e-01,-5.749848609758411583e-02,5.358333314466698916e-01,1.829064072813757838e-02,7.957756529556642144e-02,-4.784942598498039268e-01,9.432064603556294946e-01,4.492814437591618471e-01,-2.803327143903734317e-02,2.160782593142842548e-03,-3.996787362512022046e-02,7.670523739289444864e-02,1.345435350691534249e-01,3.894803740965365087e-03,-8.491514720406438677e-02,-1.110199735303142761e-02,-4.617731340084149649e-02,8.429588276298455307e-02,3.157855710688600492e+00,-4.384166976528712512e-02,-8.166723192172558043e-01
2.000000000000000000e+03,-6.935246937315888045e-03,-1.669015807635971724e-02,-6.144445321754887779e-02,1.430445221161530042e-02,-1.259357496858940773e-01,-5.388869958606085780e-02,5.358333314466697805e-01,1.829064072813757838e-02,7.957756529556642144e-02,-4.802020811165209069e-01,9.399622416909386713e-01,4.492814437591618471e-01,-2.803327143903734317e-02,2.160782593142842548e-03,-3.996787362512022046e-02,7.185635184539515552e-02,7.520930251929332233e-02,2.861441827426370200e-03,-8.491514720406438677e-02,-6.501676825174259287e-03,-2.874513888468217815e-02,8.429588276298456695e-02,3.170229744781516867e+00,-4.403050105253206170e-02,-8.166723192172558043e-01
2.100000000000000000e+03,-7.054678347604196285e-03,-1.669015807635971724e-02,-6.249655421784294090e-02,1.426922643923369052e-02,-1.259357496858940773e-01,-5.388869958606085780e-02,5.358333314466697805e-01,1.829064072813757838e-02,7.957756529556642144e-02,-5.688218474084857368e-01,9.432064603556294946e-01,4.492814437591618471e-01,-2.803327143903734317e-02,1.756422375744107374e-03,-3.996787362512022046e-02,7.185635184539515552e-02,7.546953476694301388e-02,2.861441827426370200e-03,-8.491514720406438677e-02,-6.501676825174259287e-03,-1.816978377315686677e-02,8.429588276298456695e-02,3.170229744781516867e+00,-4.293193913141934298e-02,-8.180152804970703961e-01
2.200000000000000000e+03,-7.054678347604196285e-03,-1.669015807635971724e-02,-6.144445321754887779e-02,1.430445221161530042e-02,-1.259357496858940773e-01,-5.388869958606085780e-02,5.358333314466697805e-01,1.829064072813757838e-02,7.957756529556642144e-02,-5.173365294356692123e-01,9.455935736759280008e-01,4.492814437591618471e-01,-2.802027230465914745e-02,1.756364894866363361e-03,-4.003597416262486691e-02,7.185635184539515552e-02,5.592795308014788386e-02,2.861441827426370200e-03,-8.491514720406438677e-02,-4.314420524882889990e-03,-1.691801551766615799e-02,8.429588276298456695e-02,3.170229744781516867e+00,-3.568481597219907292e-02,-8.166723192172558043e-01
2.300000000000000000e+03,-7.054678347604196285e-03,-2.034611018278638384e-02,-6.115198396786630103e-02,1.430628103990850240e-02,-1.263329324493561168e-01,-5.388869958606085780e-02,5.358333314466697805e-01,1.829064072813757838e-02,7.957756529556642144e-02,-5.173365294356692123e-01,9.432064603556294946e-01,4.492814437591618471e-01,-2.803327143903734317e-02,1.752575691251716163e-03,-3.996787362512022046e-02,7.185635184539515552e-02,5.647881783221864876e-02,2.861441827426370200e-03,-8.491514720406438677e-02,-4.299693114791888933e-03,-1.684786438421620458e-02,8.429588276298456695e-02,3.170229744781516867e+00,-3.464160533715743978e-02,-8.166723192172558043e-01
2.400000000000000000e+03,-7.054678347604196285e-03,-2.036103471365736592e-02,-6.144445321754887779e-02,1.433679408423457237e-02,-1.441001230922697995e-01,-5.388869958606085780e-02,5.358333314466697805e-01,1.829064072813757838e-02,7.957756529556642144e-02,-5.173365294356692123e-01,9.432064603556294946e-01,4.492814437591618471e-01,-2.811685978907811287e-02,2.204654707356673137e-03,-3.996787362512022046e-02,4.777140684269346599e-02,5.618406879390101111e-02,1.840758381174328277e-03,-8.506331171994518936e-02,-4.296040279048341827e-03,-1.684786438421620458e-02,8.353004368670918778e-02,3.170229744781516867e+00,-3.464160533715743978e-02,-8.129901942336684728e-01
2.500000000000000000e+03,-7.076532024327346522e-03,-2.036103471365736592e-02,-6.170393844857686300e-02,1.357673587331374027e-02,-1.440666972967865889e-01,-5.388869958606085780e-02,5.335930349252038241e-01,1.829064072813757838e-02,7.068080570376204796e-02,-5.173365294356692123e-01,9.416258385351063964e-01,4.502405587995865210e-01,-2.803327143903734317e-02,2.182869272126044397e-03,-3.996937494966657650e-02,4.777140684269346599e-02,5.618406879390101111e-02,1.860878910684875872e-03,-7.183803501494989696e-02,-4.190509249087211174e-03,-1.684786438421620458e-02,8.429588276298456695e-02,3.155365246970670778e+00,-3.464160533715743978e-02,-8.166723192172558043e-01
2.600000000000000000e+03,-7.024075252252274908e-03,-2.036103471365736592e-02,-6.144445321754887779e-02,1.495741130937652645e-02,-1.440666972967865889e-01,-7.549653381319726408e-02,5.401224336912068269e-01,1.820028888906378289e-02,6.400028008345645669e-02,-5.355436896377409051e-01,9.450013810788415736e-01,4.492814437591618471e-01,-2.803327143903734317e-02,2.185452976097808104e-03,-3.996787362512022046e-02,4.777140684269346599e-02,5.655835727021078785e-02,1.992943387366179989e-03,-7.459102011019781708e-02,-4.296040279048341827e-03,-1.684786438421620458e-02,8.429588276298456695e-02,3.170229744781516867e+00,-1.995039629493876657e-02,-8.166723192172558043e-01
2.700000000000000000e+03,-6.891462294473404103e-03,-2.036103471365736592e-02,-6.144445321754887779e-02,1.976280527345076338e-02,-1.857596126702728834e-01,-7.830260094597910059e-02,5.358333314466697805e-01,1.829064072813757838e-02,6.256620641578132525e-02,-5.173365294356692123e-01,9.422457986789244400e-01,4.492814437591618471e-01,-2.803327143903734317e-02,2.204654707356673137e-03,-3.996787362512022046e-02,4.602636415976421591e-02,5.628910854114523021e-02,2.002490116567810959e-03,-7.459102011019781708e-02,-2.865412873533597360e-03,-1.684786438421620458e-02,8.426912375965069091e-02,3.170229744781516867e+00,-1.917556648326803129e-02,-8.161800480549312731e-01
2.800000000000000000e+03,-7.054678347604196285e-03,-2.344606297658118760e-02,-6.171939411408516873e-02,1.995355785126222414e-02,-1.909712270919585175e-01,-7.819751309158928798e-02,5.358333314466697805e-01,1.829064072813757838e-02,6.312557103957655569e-02,-5.171655623363352605e-01,9.432064603556294946e-01,4.492814437591618471e-01,-2.798524372511169978e-02,2.204654707356673137e-03,-3.996787362512022046e-02,4.580823382439803970e-02,5.621341144062998174e-02,2.044620876248221582e-03,-9.284307070003922080e-02,-2.686584447844253976e-03,-2.123307112496736898e-02,8.429588276298456695e-02,3.170229744781516867e+00,-1.534892755799388726e-02,-8.166723192172558043e-01
2.900000000000000000e+03,-7.054678347604196285e-03,-2.352071706930444414e-02,-6.144445321754887779e-02,1.995355785126222414e-02,-1.909712270919585175e-01,-7.819751309158928798e-02,5.358333314466697805e-01,1.829064072813757838e-02,6.312557103957655569e-02,-5.173365294356692123e-01,9.432064603556294946e-01,4.492814437591618471e-01,-2.803327143903734317e-02,2.204654707356673137e-03,-3.986991400848104161e-02,2.780617157399821113e-02,7.173320887186188100e-02,2.048694077420179418e-03,-9.512457702376940494e-02,-2.799348519344848490e-03,-2.178122196756129142e-02,8.398946204108599656e-02,3.191284510920570305e+00,-1.534892755799388726e-02,-8.166723192172558043e-01
3.000000000000000000e+03,-7.054678347604196285e-03,-2.344606297658118760e-02,-6.144445321754887779e-02,1.995508030424042109e-02,-1.909712270919585175e-01,-7.819751309158928798e-02,5.358333314466697805e-01,1.829064072813757838e-02,6.289732285643852283e-02,-5.186147230230567784e-01,9.432064603556294946e-01,4.492814437591618471e-01,-2.803327143903734317e-02,2.204654707356673137e-03,-3.996787362512022046e-02,2.555591379269821564e-02,6.728169248166453176e-02,2.777929419526037336e-03,-9.512457702376940494e-02,-2.770129303313828995e-03,-2.178122196756129142e-02,8.429588276298456695e-02,3.155061516523124610e+00,-1.493826539699222994e-02,-8.166723192172558043e-01
3.100000000000000000e+03,-7.054678347604196285e-03,-2.344606297658118760e-02,-6.170456543915235625e-02,1.995355785126222414e-02,-1.909712270919585453e-01,-7.819751309158928798e-02,5.358333314466698916e-01,1.829064072813757838e-02,6.312557103957655569e-02,-6.901568893873967214e-01,9.432064603556294946e-01,4.492814437591618471e-01,-2.803327143903734317e-02,2.211960349587926110e-03,-3.996787362512022046e-02,2.555591379269821564e-02,6.736927440923697052e-02,2.864771674191156359e-03,-9.512457702376940494e-02,-2.686584447844253976e-03,-2.178122196756128795e-02,8.429588276298455307e-02,3.170229744781516867e+00,-7.999225864834197744e-03,-8.166723192172558043e-01
3.200000000000000000e+03,-7.032113987146829982e-03,-2.344606297658118760e-02,-6.144445321754887779e-02,2.315756894364227880e-02,-1.909712270919585175e-01,-7.819751309158928798e-02,5.358333314466697805e-01,1.829064072813757838e-02,6.343219457239808456e-02,-7.121045946073394362e-01,9.432064603556294946e-01,4.492814437591618471e-01,-2.803327143903734317e-02,2.204654707356673137e-03,-3.996787362512022046e-02,3.057083290422436123e-02,6.736927440923697052e-02,2.869083837289269304e-03,-9.512457702376940494e-02,-2.922305607686716093e-03,-2.178122196756129142e-02,8.429588276298456695e-02,3.170229744781516867e+00,-4.063867596057910148e-03,-8.166723192172558043e-01
3.300000000000000000e+03,-7.054678347604196285e-03,-3.127756250071258431e-02,-6.144445321754887779e-02,2.124160574875829169e-02,-1.902296920871761610e-01,-7.819751309158928798e-02,5.351056753773809627e-01,1.829064072813757838e-02,9.023613007982861367e-02,-7.120077394962354145e-01,9.432064603556294946e-01,4.492814437591618471e-01,-2.803327143903734317e-02,2.204654707356673137e-03,-3.996787362512022046e-02,2.963281003633023297e-02,9.285356352434741278e-02,2.869083837289269304e-03,-9.478704338290223907e-02,-2.922305607686716093e-03,-2.178122196756129142e-02,8.391070472141798353e-02,3.170229744781516867e+00,-3.179650746471770692e-03,-8.184713077904872680e-01
3.400000000000000000e+03,-7.054678347604196285e-03,-3.225649994122903319e-02,-6.144445321754887779e-02,2.315756894364227880e-02,-1.909712270919585175e-01,-7.819751309158928798e-02,5.368470755263328176e-01,1.826010418332502452e-02,9.376099890277089788e-02,-7.120077394962354145e-01,9.406770585843323706e-01,4.492814437591618471e-01,-2.803327143903734317e-02,2.567829697042740573e-03,-4.011086627385678643e-02,3.056934857587304336e-02,9.408618277666863650e-02,2.869083837289269304e-03,-9.512457702376940494e-02,-2.922305607686716093e-03,-2.178122196756129142e-02,8.429588276298456695e-02,3.155288239584890242e+00,-3.069123640273502176e-03,-8.166723192172558043e-01
3.500000000000000000e+03,-7.054678347604196285e-03,-3.225649994122903319e-02,-6.144445321754887779e-02,2.315756894364227880e-02,-1.864617764067827699e-01,-7.819751309158928798e-02,5.358333314466697805e-01,1.831549516192521043e-02,9.348130078890730388e-02,-7.120077394962354145e-01,9.432064603556294946e-01,4.502311953262362887e-01,-2.822601226832453444e-02,2.651174395989760145e-03,-3.996787362512022046e-02,2.400819578792484990e-02,1.097165293227232996e-01,2.869083837289269304e-03,-9.512457702376940494e-02,-2.922305607686716093e-03,-2.181923212437937923e-02,8.429588276298456695e-02,3.170229744781516867e+00,-3.075325658110585839e-03,-8.166723192172558043e-01
3.600000000000000000e+03,-7.054678347604196285e-03,-3.225649994122903319e-02,-6.144445321754887779e-02,1.810200142701885034e-02,-1.909712270919585175e-01,-7.819751309158928798e-02,5.358333314466697805e-01,1.829064072813757838e-02,9.348130078890730388e-02,-7.120077394962354145e-01,9.432064603556294946e-01,4.511869732275567979e-01,-2.796645771467330330e-02,2.649093714153415591e-03,-3.996787362512022046e-02,2.279553610077054634e-02,1.083694717823788650e-01,2.869083837289269304e-03,-9.555708885354882720e-02,-2.922305607686716093e-03,-2.156837136696397594e-02,8.429588276298456695e-02,3.170229744781516867e+00,-2.441376902363353620e-03,-8.176322615108937431e-01
3.700000000000000000e+03,-7.514986844919590431e-03,-3.225649994122903319e-02,-6.144445321754887779e-02,1.474718910524793793e-02,-1.909712270919585175e-01,-7.834903065168546954e-02,5.376765117567934293e-01,1.829064072813757838e-02,9.348130078890730388e-02,-7.409110814620050167e-01,9.432064603556294946e-01,4.492814437591618471e-01,-2.803327143903734317e-02,2.651256807191859199e-03,-3.977572441030222117e-02,2.318805168943132225e-02,1.088312797009686889e-01,2.939991805971813900e-03,-9.512457702376940494e-02,-2.957835881418134465e-03,-2.236188985298194487e-02,8.429588276298456695e-02,3.185286764376476842e+00,-1.939179512035233083e-03,-8.166723192172558043e-01
3.800000000000000000e+03,-1.057942093182795418e-02,-3.221804429326566299e-02,-6.144445321754887779e-02,2.109411771702675992e-02,-1.909712270919585175e-01,-7.533423588031509799e-02,5.393665794998726559e-01,1.829064072813757838e-02,9.348130078890730388e-02,-7.409110814620050167e-01,9.432064603556294946e-01,4.496042092905329635e-01,-2.803327143903734317e-02,2.574953535563148134e-03,-3.996787362512022046e-02,2.328841437029650560e-02,1.034627625396541822e-01,2.754008746875857231e-03,-9.620050572258398436e-02,-2.956728170272105057e-03,-2.178122196756129142e-02,8.429588276298456695e-02,3.170229744781516867e+00,-1.641302779570020598e-03,-8.166723192172558043e-01
3.900000000000000000e+03,-1.102001375485592641e-02,-3.225649994122903319e-02,-8.897219046584697866e-02,1.323977971708125215e-02,-1.909712270919585175e-01,-7.819751309158928798e-02,5.358333314466697805e-01,1.829064072813757838e-02,9.348130078890730388e-02,-5.863404467352562044e-01,9.432064603556294946e-01,4.492814437591618471e-01,-2.803327143903734317e-02,2.651256807191859199e-03,-3.996787362512022046e-02,2.318805168943132225e-02,1.088671262665685396e-01,2.869083837289269304e-03,-9.512457702376940494e-02,-2.922305607686716093e-03,-2.178122196756129142e-02,8.429588276298456695e-02,3.170229744781516867e+00,-1.605654390997246278e-03,-8.166723192172558043e-01
4.000000000000000000e+03,-7.736330665778029525e-03,-3.225649994122903319e-02,-1.068178405367866540e-01,1.221123565005670375e-02,-1.909712270919585175e-01,-7.819751309158928798e-02,5.358333314466697805e-01,1.829064072813757838e-02,9.379653285730059353e-02,-5.870900910759171420e-01,9.432064603556294946e-01,4.497113404514998525e-01,-2.803327143903734317e-02,2.639624169734751131e-03,-3.996787362512022046e-02,2.541234848476197836e-02,1.095958778966417135e-01,2.869083837289269304e-03,-9.512457702376940494e-02,-2.048600937947023248e-03,-2.125795522964384066e-02,8.429588276298456695e-02,3.170229744781516867e+00,-1.603950813042612873e-03,-8.166723192172558043e-01
4.100000000000000000e+03,-7.736330665778029525e-03,-3.225649994122903319e-02,-1.032001810569498912e-01,1.631638774250792137e-02,-1.963303895301744262e-01,-7.819751309158928798e-02,4.613124516676743725e-01,1.829064072813757838e-02,9.430649614435047956e-02,-5.863404467352562044e-01,9.432064603556294946e-01,4.493840636521275189e-01,-2.803327143903734317e-02,2.651256807191859199e-03,-3.996787362512022046e-02,2.518873885886134187e-02,1.121256270519231102e-01,2.935121887201161666e-03,-9.512457702376940494e-02,-1.651345343263660578e-03,-2.228638604146118349e-02,8.429588276298456695e-02,3.170229744781516867e+00,-1.608764181223611795e-03,-8.166723192172558043e-01
4.200000000000000000e+03,-1.050079405461537205e-02,-3.225649994122903319e-02,-1.032001810569498912e-01,1.681770311149633282e-02,-1.909712270919585175e-01,-7.819751309158928798e-02,6.648842242447883244e-01,1.829064072813757838e-02,1.009996029227019643e-01,-3.816329292675036400e-01,9.432064603556294946e-01,4.470288826544368543e-01,-2.803327143903734317e-02,2.651256807191859199e-03,-3.996787362512022046e-02,2.528435451100935136e-02,1.083694717823788650e-01,2.872014693298837167e-03,-9.512457702376940494e-02,-1.590066238128667181e-03,-2.178122196756129142e-02,8.429588276298456695e-02,3.170229744781516867e+00,-1.605654390997246278e-03,-8.166723192172558043e-01
4.300000000000000000e+03,-1.050079405461537205e-02,-3.214679202007041103e-02,-1.032001810569498912e-01,1.682953175406431620e-02,-1.909712270919585175e-01,-7.819751309158928798e-02,6.622942132548411687e-01,1.829064072813757838e-02,1.151181509050862584e-01,-4.033894377613415072e-01,9.432064603556294946e-01,4.492814437591618471e-01,-2.789522851938111905e-02,2.590764220970733639e-03,-3.995703359246713382e-02,2.532660755263018565e-02,1.381488777725105310e-01,2.869083837289269304e-03,-9.512457702376940494e-02,-1.590066238128667181e-03,-3.168069378335034575e-02,8.429588276298456695e-02,3.170229744781516867e+00,-1.605654390997246278e-03,-8.166723192172558043e-01
4.400000000000000000e+03,-1.050079405461537205e-02,-3.225649994122903319e-02,-9.723574743091380201e-02,1.682953175406431620e-02,-1.908416176357001226e-01,-7.850604763011392873e-02,6.648842242447883244e-01,1.829064072813757838e-02,1.172029471698784187e-01,-3.816329292675036400e-01,9.432064603556294946e-01,4.492814437591618471e-01,-2.803327143903734317e-02,2.651256807191859199e-03,-3.996787362512022046e-02,2.528435451100935136e-02,1.418713035212771090e-01,2.869083837289269304e-03,-9.512457702376940494e-02,-1.929356927137747995e-03,-3.251049090096898991e-02,1.236739406593431317e-01,3.170229744781516867e+00,-1.605654390997246278e-03,-8.166723192172558043e-01
4.500000000000000000e+03,-1.050079405461537205e-02,-3.225649994122903319e-02,-9.746501479469273088e-02,1.682953175406431620e-02,-1.909712270919585175e-01,-8.638622710526852599e-02,6.648842242447883244e-01,1.829064072813757838e-02,1.168829694028842431e-01,-3.816329292675036400e-01,9.432064603556294946e-01,4.492814437591618471e-01,-2.800567834172499812e-02,2.651256807191859199e-03,-3.996787362512022046e-02,2.528435451100935136e-02,1.418713035212771090e-01,4.070172212289576048e-03,-9.469365417613019587e-02,-1.929356927137747995e-03,-3.251049090096898991e-02,1.278908615729418274e-01,3.170229744781516867e+00,-8.586543137371517457e-04,-8.166723192172558043e-01
4.600000000000000000e+03,-1.050079405461537205e-02,-1.844529908944440161e-02,-9.701867986076104233e-02,1.682953175406431620e-02,-1.909712270919585175e-01,-7.790845910060759105e-02,6.648842242447883244e-01,1.829064072813757838e-02,1.168829694028842431e-01,-3.816329292675036400e-01,9.432064603556294946e-01,4.499010046845530186e-01,-2.803327143903734317e-02,2.651256807191859199e-03,-3.996787362512022046e-02,3.249569346164273703e-02,1.418713035212771090e-01,5.366660049352773264e-03,-9.512457702376940494e-02,-1.909480596817606261e-03,-3.251049090096898991e-02,1.324360652669542004e-01,3.165241934709886351e+00,-8.558771337525525498e-04,-8.166723192172558043e-01
4.700000000000000000e+03,-6.700606857286797551e-03,-9.929227085827241686e-03,-9.701867986076104233e-02,1.684754756681470719e-02,-1.912058807733330312e-01,-7.819751309158928798e-02,6.648842242447883244e-01,1.829064072813757838e-02,1.719164503910556308e-01,-3.816329292675036400e-01,9.432064603556294946e-01,4.520224154983574216e-01,-2.803327143903734317e-02,2.651256807191859199e-03,-4.003205070688341249e-02,3.227825790708197667e-02,1.419371995665192066e-01,6.706849781247046192e-03,-9.512457702376940494e-02,-2.197790128189981880e-03,-3.251049090096898991e-02,1.324360652669542004e-01,3.157868673491083467e+00,-5.808788039759290754e-04,-8.166723192172558043e-01
4.800000000000000000e+03,-6.704500699303147029e-03,-9.929227085827241686e-03,-9.452108237891591880e-02,1.682953175406431620e-02,-1.909712270919585453e-01,-7.819751309158928798e-02,6.648842242447883244e-01,1.831872636742364058e-02,1.719309781037630380e-01,-3.618834079664745573e-01,9.432064603556294946e-01,4.499010046845529631e-01,-2.803327143903734317e-02,2.723376480037236966e-03,-3.996787362512022046e-02,2.160558771142781498e-02,1.418713035212771090e-01,6.892069089361830235e-03,-9.512457702376940494e-02,-2.296895075129675237e-03,-4.371795818639065412e-02,1.324360652669541727e-01,3.170229744781516867e+00,-5.461568652557758892e-04,-8.166723192172558043e-01
4.900000000000000000e+03,-6.700606857286797551e-03,-9.446590211321071254e-03,-9.701867986076104233e-02,2.430590261583628897e-02,-1.909712270919585175e-01,-7.819751309158928798e-02,6.648842242447883244e-01,1.829064072813757838e-02,1.719309781037630380e-01,-3.816329292675036400e-01,9.432064603556294946e-01,4.499010046845530186e-01,-2.803327143903734317e-02,3.185310299830484883e-03,-3.983567258153991597e-02,1.291003074564288713e-02,1.418713035212771090e-01,6.874373497733819900e-03,-1.218632500578209488e-01,-2.203057053195734295e-03,-4.384436401209938772e-02,1.324360652669542004e-01,3.170229744781516867e+00,-5.451857535445233348e-04,-8.201239659432384421e-01
5.000000000000000000e+03,-6.700606857286797551e-03,-5.580366377576910508e-03,-1.434018894593959426e-01,2.378655331285767921e-02,-1.909712270919585175e-01,-7.819751309158928798e-02,6.648842242447883244e-01,1.829064072813757838e-02,1.719309781037630380e-01,-3.333945739637520500e-01,9.432064603556294946e-01,4.499010046845530186e-01,-2.813425845746279561e-02,3.185310299830484883e-03,-3.976878962013467161e-02,1.177466423998652263e-02,1.489777536257975155e-01,8.226851726858263117e-03,-1.218632500578209488e-01,-2.203057053195734295e-03,-4.371795818639065412e-02,1.324360652669542004e-01,3.170229744781516867e+00,-5.454062062806998941e-04,-8.166723192172558043e-01
5.100000000000000000e+03,-6.700606857286797551e-03,-6.246078041570589379e-03,-1.434018894593959426e-01,2.419714833241197807e-02,-1.909712270919585453e-01,-7.819751309158928798e-02,6.648842242447883244e-01,1.822017405381402833e-02,1.719309781037630380e-01,-4.403274074976176178e-01,9.432064603556294946e-01,4.499010046845529631e-01,-2.803327143903734317e-02,1.959830556281929887e-03,-3.996787362512022046e-02,1.177466423998652263e-02,1.422795395569406984e-01,8.397330313169861296e-03,-1.218632500578209488e-01,-1.566628864945052461e-03,-2.966115835942239112e-02,1.324360652669541727e-01,3.170229744781516867e+00,-5.461568652557758892e-04,-8.166723192172558043e-01
5.200000000000000000e+03,-6.700606857286797551e-03,-6.246078041570589379e-03,-1.434018894593959426e-01,2.419714833241198154e-02,-1.909712270919585175e-01,-7.819751309158928798e-02,6.648842242447883244e-01,1.829064072813757838e-02,1.718913358848259409e-01,-4.403274074976176178e-01,9.432064603556294946e-01,4.498574482164633404e-01,-2.803327143903734317e-02,1.930178025554710316e-03,-3.996787362512022046e-02,1.358093637421808365e-02,1.437837051975706937e-01,8.395911505498818844e-03,-1.218632500578209488e-01,-1.486160933097263777e-03,-6.226089853925536460e-02,1.324360652669542004e-01,3.170229744781516867e+00,-5.461568652557758892e-04,-8.166723192172558043e-01
5.300000000000000000e+03,-6.700606857286797551e-03,-6.246078041570589379e-03,-1.434018894593959426e-01,2.411647310293722757e-02,-1.910250263383528602e-01,-7.819751309158928798e-02,6.648842242447883244e-01,1.829064072813757838e-02,1.719309781037630380e-01,-4.403274074976176178e-01,9.407216751704343682e-01,4.499010046845530186e-01,-2.803327143903734317e-02,2.791725210250360200e-03,-3.996787362512022046e-02,1.297747079991373211e-02,1.418713035212771090e-01,8.395911505498818844e-03,-1.218632500578209488e-01,-1.486160933097263777e-03,-6.226089853925536460e-02,1.324360652669542004e-01,3.170229744781516867e+00,-3.836836058031960249e-04,-8.166723192172558043e-01
5.400000000000000000e+03,-6.703462622209820435e-03,-6.246078041570589379e-03,-1.434688149661975665e-01,2.420883364743217636e-02,-1.909712270919585175e-01,-7.819751309158928798e-02,6.477699707853471489e-01,1.821403187889166289e-02,1.831090003462302052e-01,-4.403274074976176178e-01,9.432064603556294946e-01,4.499010046845530186e-01,-2.803327143903734317e-02,2.831547822182243525e-03,-3.996787362512022046e-02,1.358093637421808365e-02,7.511854447434250515e-02,7.530032195832261736e-03,-1.218632500578209488e-01,-1.576703642205624228e-03,-6.226089853925536460e-02,1.324360652669542004e-01,3.170229744781516867e+00,-3.633744483716236503e-04,-8.166723192172558043e-01
5.500000000000000000e+03,-6.700606857286797551e-03,-6.223300336721784322e-03,-1.428471901013999013e-01,2.425280455460659956e-02,-1.909577371428248793e-01,-7.819751309158928798e-02,8.761588325610715211e-01,1.828515979546074810e-02,1.831090003462302052e-01,-4.403274074976176178e-01,9.432064603556294946e-01,4.499010046845530186e-01,-2.803327143903734317e-02,2.964727167073249667e-03,-3.996787362512022046e-02,1.075129459870504192e-02,7.511854447434250515e-02,7.530032195832261736e-03,-1.218632500578209488e-01,-1.465544873932216139e-03,-6.231509690659609024e-02,1.324360652669542004e-01,3.170229744781516867e+00,-3.724052693263241783e-04,-8.166723192172558043e-01
5.600000000000000000e+03,-6.705028399373768461e-03,-6.246078041570589379e-03,-1.434018894593959426e-01,2.419714833241198154e-02,-1.206235781738059093e-01,-7.819751309158928798e-02,9.218216937424776880e-01,1.829064072813757838e-02,7.614357357697576489e-02,-4.405358280526128767e-01,9.432064603556294946e-01,4.499010046845530186e-01,-2.803327143903734317e-02,3.229255289699221963e-03,-3.996787362512022046e-02,1.039758937676591062e-02,7.539633167925084700e-02,7.530032195832261736e-03,-1.218632500578209488e-01,-1.549726666516207428e-03,-6.206349279642354999e-02,1.324360652669542004e-01,3.170229744781516867e+00,-3.643367455997067474e-04,-8.166723192172558043e-01
5.700000000000000000e+03,-6.732680735260170024e-03,-6.246078041570589379e-03,-1.434018894593959426e-01,2.419714833241198154e-02,-1.118301220590367101e-01,-7.819751309158928798e-02,9.218216937424776880e-01,1.829064072813757838e-02,6.928783495118982783e-02,-4.394308957386521275e-01,9.432064603556294946e-01,4.499010046845530186e-01,-2.803327143903734317e-02,5.115670021956123664e-03,-3.996787362512022046e-02,1.039758937676591062e-02,7.206983484413614915e-02,7.530032195832261736e-03,-1.218632500578209488e-01,-1.249722046426885108e-03,-6.226089853925536460e-02,1.324360652669542004e-01,3.170229744781516867e+00,-3.633744483716236503e-04,-8.166723192172558043e-01
5.800000000000000000e+03,-6.700606857286797551e-03,-6.246078041570589379e-03,-1.434018894593959426e-01,2.419714833241198154e-02,-1.122086010060816264e-01,-7.819751309158928798e-02,1.152215010607366752e+00,1.829064072813757838e-02,6.928783495118982783e-02,-4.382910255703997282e-01,9.432064603556294946e-01,4.499010046845530186e-01,-2.803327143903734317e-02,5.804780228688501131e-03,-4.003117491398738154e-02,1.036771412786665660e-02,7.511854447434250515e-02,7.221141723931341454e-03,-1.218632500578209488e-01,-1.249722046426885108e-03,-6.226089853925536460e-02,1.324360652669542004e-01,3.170229744781516867e+00,-3.728315701255249782e-04,-8.166723192172558043e-01
5.900000000000000000e+03,-6.700606857286797551e-03,-6.246078041570589379e-03,-1.434018894593959426e-01,2.427752934502938956e-02,-1.118301220590367101e-01,-7.819751309158928798e-02,1.157442713584746929e+00,1.829064072813757838e-02,6.998759194489989621e-02,-4.410284013908278844e-01,9.432064603556294946e-01,4.499010046845530186e-01,-2.803327143903734317e-02,5.804780228688501131e-03,-3.996787362512022046e-02,1.039758937676591062e-02,4.793621817698248688e-02,4.271456996719985924e-03,-1.218632500578209488e-01,-1.244734503170440805e-03,-6.226089853925536460e-02,1.324360652669542004e-01,3.170229744781516867e+00,-3.728315701255249782e-04,-8.166723192172558043e-01
6.000000000000000000e+03,-6.700606857286797551e-03,-6.235721707843536014e-03,-1.436289274332499810e-01,2.419714833241197807e-02,-1.118301220590367240e-01,-7.819751309158928798e-02,1.157442713584746929e+00,1.829064072813757838e-02,6.729573415927557478e-02,-4.383849433569619869e-01,9.432064603556294946e-01,4.493127582018739408e-01,-2.790991651483584052e-02,6.187197135813696409e-03,-3.996787362512022046e-02,9.752716639266308107e-03,4.473126081223546824e-02,2.351738398806636505e-03,-1.221259076901330259e-01,-1.249722046426885108e-03,-6.226089853925535766e-02,1.324360652669541727e-01,3.170229744781516867e+00,-2.157868111319609795e-04,-8.166723192172558043e-01
6.100000000000000000e+03,-6.700606857286797551e-03,-7.498381289519964570e-03,-1.434018894593959426e-01,2.429573484170632555e-02,-1.118301220590367101e-01,-7.819751309158928798e-02,1.157442713584746929e+00,1.829064072813757838e-02,7.048881448822889861e-02,-4.398834298580045488e-01,9.432064603556294946e-01,4.499010046845530186e-01,-2.803327143903734317e-02,5.925018451472370551e-03,-3.996787362512022046e-02,9.671181005789343879e-03,4.475846744540543098e-02,2.525927553148190740e-03,-1.218632500578209488e-01,-1.249722046426885108e-03,-6.226089853925536460e-02,1.324360652669542004e-01,3.170229744781516867e+00,-1.921696152784695404e-04,-8.166723192172558043e-01
6.200000000000000000e+03,-6.700606857286797551e-03,-1.033401035415404227e-02,-1.434018894593959426e-01,2.419714833241198154e-02,-1.118301220590367101e-01,-4.221924004038245942e-02,1.157442713584746929e+00,1.824781700280312530e-02,7.048881448822889861e-02,-4.398834298580045488e-01,9.432064603556294946e-01,4.499010046845530186e-01,-2.803327143903734317e-02,5.945333369675408902e-03,-3.996787362512022046e-02,4.100795848145211142e-03,4.473126081223546824e-02,2.533247758605196645e-03,-1.218632500578209488e-01,-1.249722046426885108e-03,-6.248677845740069348e-02,1.324360652669542004e-01,3.170229744781516867e+00,-1.239287061618540723e-04,-8.166723192172558043e-01
6.300000000000000000e+03,-7.888837330291829583e-03,-1.034303333153373076e-02,-1.434270467838093255e-01,3.093213117948976493e-02,-1.179835095308881948e-01,-4.405023318019902351e-02,1.157442713584746929e+00,1.829064072813757838e-02,7.072579853874896849e-02,-5.077170968396502726e-01,9.432064603556294946e-01,4.499010046845529631e-01,-2.803327143903734317e-02,5.276755719375056213e-03,-3.996787362512022046e-02,4.094793167020842686e-03,5.457560735856342715e-02,2.548430903580090057e-03,-1.218632500578209488e-01,-1.284437700803714357e-03,-6.335382189236518635e-02,1.324360652669541727e-01,3.154860383484665132e+00,-1.350957477860267918e-04,-8.166723192172558043e-01
6.400000000000000000e+03,-8.039073367108552637e-03,-1.033401035415404227e-02,-1.434018894593959426e-01,3.031436298727333695e-02,-1.657395118756173069e-01,-4.428173805994597284e-02,8.735911397772455622e-01,1.829064072813757838e-02,7.069528102030191163e-02,-5.162937673775594982e-01,9.432064603556294946e-01,4.499010046845530186e-01,-2.803327143903734317e-02,4.316518380649322049e-03,-3.996787362512022046e-02,4.100795848145211142e-03,5.582029485292672871e-02,2.168811041400070961e-03,-1.218632500578209488e-01,-1.210273447967065343e-03,-6.226089853925536460e-02,1.324360652669542004e-01,3.170229744781516867e+00,-1.358672277012874774e-04,-8.179836117865944001e-01
6.500000000000000000e+03,-5.496686361694532591e-03,-1.033401035415404227e-02,-9.173902070658275509e-02,3.253096860213339214e-02,-1.657395118756173069e-01,-4.428173805994597284e-02,8.735911397772455622e-01,1.829064072813757838e-02,7.048881448822889861e-02,-5.162937673775594982e-01,9.432064603556294946e-01,4.511299090306844506e-01,-2.814700443273822697e-02,4.323426138872915776e-03,-3.996787362512022046e-02,4.120013934613401055e-03,6.279603943470106475e-02,2.168811041400070961e-03,-1.218632500578209488e-01,-1.277785787735685958e-03,-6.226089853925536460e-02,1.324360652669542004e-01,3.170229744781516867e+00,-1.358672277012874774e-04,-8.166723192172558043e-01
6.600000000000000000e+03,-5.496686361694532591e-03,-1.038098288014330066e-02,-8.528116211248114309e-02,3.247571232491889420e-02,-9.706160913364279830e-02,-4.428173805994597284e-02,1.192778080223742876e+00,1.829064072813757838e-02,9.485251728828851536e-02,-5.259458428427054022e-01,9.432064603556294946e-01,4.506963170538756946e-01,-2.803327143903734317e-02,4.306906658299833150e-03,-3.996787362512022046e-02,4.112973527387221370e-03,9.052491772116071089e-02,2.084252759305367259e-03,-1.218632500578209488e-01,-1.250626034874527219e-03,-6.206858165174614084e-02,1.324360652669542004e-01,3.170229744781516867e+00,-1.864592952620031184e-04,-8.166723192172558043e-01
6.700000000000000000e+03,-5.496686361694532591e-03,-1.033401035415404227e-02,-8.528116211248112921e-02,3.246165086508674691e-02,-9.666238980553154558e-02,-3.662515317141491755e-02,1.193384746356843440e+00,1.829064072813757838e-02,9.741723725040360438e-02,-4.215164119946380183e-01,9.466464662830442744e-01,4.493504006593943001e-01,-2.808571078919820316e-02,4.316518380649321182e-03,-3.996787362512022046e-02,5.110355544877879380e-03,9.399102750696813890e-02,2.168811041400070961e-03,-1.218632500578209488e-01,-1.249722046426885108e-03,-6.226089853925535766e-02,1.324360652669541727e-01,3.170229744781516867e+00,-1.919694652838175013e-04,-8.166723192172558043e-01
6.800000000000000000e+03,-5.481467431624793482e-03,-1.033401035415404227e-02,-8.528116211248114309e-02,3.247571232491889420e-02,-9.666238980553154558e-02,-3.665043077710964520e-02,1.192778080223742876e+00,1.829064072813757838e-02,9.789256688274525220e-02,-3.809431592683802381e-01,9.432064603556294946e-01,4.499010046845530186e-01,-2.803327143903734317e-02,4.388883597425659831e-03,-3.992606929788061754e-02,4.841081648213139098e-03,9.356469778044446128e-02,1.448402565680435112e-03,-6.552662529158237437e-02,-1.908661408162328236e-03,-6.226089853925536460e-02,1.324360652669542004e-01,3.170229744781516867e+00,-1.770933731426553852e-04,-8.166723192172558043e-01
6.900000000000000000e+03,-3.382441344586044514e-03,-1.066533912723806495e-02,-8.528116211248114309e-02,3.247571232491889420e-02,-9.666238980553154558e-02,-3.662515317141491755e-02,1.192778080223742876e+00,1.829064072813757838e-02,7.651303706202509936e-02,-3.758715026775979462e-01,9.432064603556294946e-01,4.499010046845530186e-01,-2.803327143903734317e-02,5.101191168339700398e-03,-3.996787362512022046e-02,5.110355544877880248e-03,9.316354134243140517e-02,7.962667609084635254e-04,-6.522354442661358609e-02,-1.986421489170162643e-03,-6.226089853925536460e-02,1.324266230891012475e-01,3.170229744781516867e+00,-1.107514467001318646e-04,-8.166723192172558043e-01
7.000000000000000000e+03,-3.346895251333361146e-03,-1.033401035415404227e-02,-8.555213969698234611e-02,3.247571232491889420e-02,-8.511414293479729887e-02,-3.662515317141491755e-02,1.192778080223742876e+00,1.829064072813757838e-02,7.671397769067157812e-02,-3.758715026775979462e-01,9.432064603556294946e-01,4.496763669090697579e-01,-2.803327143903734317e-02,4.942721853723409421e-03,-3.996787362512022046e-02,5.338550655836996756e-03,9.306010557186422671e-02,7.209291291586110342e-04,-6.522354442661358609e-02,-1.986421489170162643e-03,-6.226089853925536460e-02,1.322106971019244015e-01,3.170229744781516867e+00,-1.048680511224689963e-04,-8.166723192172558043e-01
7.100000000000000000e+03,-3.991624306590019038e-03,-1.524924647197022955e-02,-8.528116211248112921e-02,2.346498767651036127e-02,-8.511414293479729887e-02,-2.578503459929669742e-02,9.449107101978919676e-01,1.829064072813757838e-02,7.671397769067157812e-02,-4.809149523276114446e-01,9.432064603556294946e-01,4.499010046845529631e-01,-2.803327143903734317e-02,4.942721853723409421e-03,-3.996787362512022046e-02,5.338550655836996756e-03,9.306010557186422671e-02,7.232684357223246501e-04,-6.522354442661358609e-02,-1.994761271549645894e-03,-6.226089853925535766e-02,1.324360652669541727e-01,3.170229744781516867e+00,-1.048680511224690099e-04,-8.166723192172558043e-01
7.200000000000000000e+03,-3.991624306590019038e-03,-1.524924647197022955e-02,-8.528116211248114309e-02,2.346498767651036474e-02,-8.511414293479729887e-02,-2.653226873424449628e-02,9.415449900994754540e-01,1.829064072813757838e-02,5.012708894568467660e-02,-4.809149523276114446e-01,9.462082379059745252e-01,4.499010046845530186e-01,-2.803327143903734317e-02,4.942721853723409421e-03,-3.996787362512022046e-02,5.338550655836996756e-03,9.306010557186422671e-02,7.226988398304399173e-04,-6.522354442661358609e-02,-1.986421489170162643e-03,-6.226089853925536460e-02,1.319191608391637183e-01,3.170229744781516867e+00,-1.048680511224689963e-04,-8.166723192172558043e-01
7.300000000000000000e+03,-3.991624306590019038e-03,-1.249920210033913029e-02,-8.528116211248114309e-02,3.199546206716728097e-02,-8.511414293479729887e-02,-3.331836979984037495e-02,9.449107101978919676e-01,1.829064072813757838e-02,5.012708894568467660e-02,-4.809149523276114446e-01,9.432064603556294946e-01,4.499010046845530186e-01,-2.803327143903734317e-02,4.822096843303894272e-03,-3.996787362512022046e-02,5.338550655836996756e-03,9.306010557186422671e-02,7.212650953901187777e-04,-6.522354442661358609e-02,-1.986421489170162643e-03,-6.220121528352132861e-02,1.318732607949431035e-01,3.170229744781516867e+00,-7.986544645552640629e-05,-8.181282275213708211e-01
7.400000000000000000e+03,-3.948921906709095160e-03,-1.025320930961075121e-02,-5.252966322381255604e-02,4.666062905339856542e-02,-8.511414293479729887e-02,-3.331836979984037495e-02,9.460758919046408089e-01,1.829064072813757838e-02,5.012708894568467660e-02,-4.809149523276114446e-01,9.432064603556294946e-01,4.499010046845530186e-01,-2.798668047025181654e-02,5.462556391994203078e-03,-3.996787362512022046e-02,6.331735164671730039e-03,1.064318847850616589e-01,4.051648678917976125e-04,-6.525642440499246355e-02,-1.986421489170162643e-03,-6.221233258219262957e-02,1.325095558230665882e-01,3.170229744781516867e+00,-7.986544645552640629e-05,-8.166723192172558043e-01
7.500000000000000000e+03,-3.974020799755968898e-03,-9.967603530040338236e-03,-4.827792148520574506e-02,4.595171081321543227e-02,-8.511414293479729887e-02,-3.331836979984037495e-02,9.701219816960536813e-01,1.829064072813757838e-02,5.012708894568467660e-02,-4.805104098679733871e-01,9.432064603556294946e-01,4.499010046845530186e-01,-2.803327143903734317e-02,5.600253936601509372e-03,-3.996787362512022046e-02,6.455883228276070723e-03,1.064318847850616589e-01,4.021714511350653353e-04,-6.522354442661358609e-02,-2.174740379999491602e-03,-6.340336944559106513e-02,1.325095558230665882e-01,3.170229744781516867e+00,-7.946347873947909790e-05,-8.166723192172558043e-01
7.600000000000000000e+03,-4.855073975841784663e-03,-9.967603530040338236e-03,-4.843572586272896358e-02,4.838587969134731243e-02,-8.511414293479729887e-02,-3.331836979984037495e-02,9.449107101978919676e-01,1.829064072813757838e-02,5.012708894568467660e-02,-4.809149523276114446e-01,9.414748224301234814e-01,4.521349594234589930e-01,-2.803327143903734317e-02,7.003486922985508074e-03,-3.996787362512022046e-02,8.845817444150185990e-03,1.064318847850616589e-01,4.051648678917976125e-04,-5.146359500716084223e-02,-1.992042031513195990e-03,-8.436450165270155399e-02,1.325095558230665882e-01,3.170229744781516867e+00,-7.976931952268443554e-05,-8.166723192172558043e-01
7.700000000000000000e+03,-4.855073975841784663e-03,-1.391551363006244234e-02,-4.772273002691698046e-02,4.838256398539098752e-02,-8.511414293479729887e-02,-3.331836979984037495e-02,9.790548637674907351e-01,1.829064072813757838e-02,3.314688521588617098e-02,-4.809149523276114446e-01,9.432064603556294946e-01,4.499010046845530186e-01,-2.803327143903734317e-02,6.989293796888894870e-03,-3.996787362512022046e-02,8.811952144278137680e-03,1.346005307683374452e-01,3.552857386139333050e-04,-5.146359500716084223e-02,-1.986421489170162643e-03,-8.436450165270155399e-02,1.325095558230665882e-01,3.183110105485540409e+00,-7.986544645552640629e-05,-8.166723192172558043e-01
7.800000000000000000e+03,-4.855073975841784663e-03,-1.391551363006244234e-02,-4.843572586272896358e-02,4.838256398539098752e-02,-8.511414293479729887e-02,-3.331836979984037495e-02,9.449107101978919676e-01,1.829064072813757838e-02,3.317917443175703862e-02,-4.935912687950971267e-01,9.432064603556294946e-01,4.499010046845530186e-01,-2.803327143903734317e-02,7.003486922985508074e-03,-3.996787362512022046e-02,6.932084388682034290e-03,1.381216115162469671e-01,3.388348757916161916e-04,-5.146359500716084223e-02,-1.986421489170162643e-03,-8.380125423407357166e-02,1.325095558230665882e-01,3.170229744781516867e+00,-1.176523433247881185e-04,-8.166723192172558043e-01
7.900000000000000000e+03,-4.855073975841784663e-03,-1.391551363006244234e-02,-4.843572586272896358e-02,4.838256398539098752e-02,-9.322064434324713045e-02,-3.331836979984037495e-02,9.449107101978919676e-01,1.829064072813757838e-02,4.680741042711284577e-02,-4.863700901811890409e-01,9.432064603556294946e-01,4.476589478822010637e-01,-2.803327143903734317e-02,7.003486922985508074e-03,-4.000586921575361582e-02,4.587216122072187291e-03,1.381216115162469671e-01,3.389043768141563272e-04,-5.146359500716084223e-02,-1.610539354147285090e-03,-8.436450165270155399e-02,1.325095558230665882e-01,3.168100400340153833e+00,-1.176523433247881185e-04,-8.166723192172558043e-01
8.000000000000000000e+03,-4.855073975841784663e-03,-1.391551363006244234e-02,-4.843572586272896358e-02,4.838256398539098752e-02,-9.322064434324713045e-02,-2.482651818441165836e-02,1.011542758045688162e+00,1.829064072813757838e-02,2.772567843714788746e-02,-4.863700901811890409e-01,9.432064603556294946e-01,4.499010046845530186e-01,-2.792434327100882380e-02,8.941514578948752887e-03,-3.996787362512022046e-02,3.125428775229743654e-03,1.381216115162469671e-01,3.388348757916161916e-04,-5.146359500716084223e-02,-1.534171534210564646e-03,-8.436450165270155399e-02,1.324769262325206087e-01,3.170229744781516867e+00,-1.176523433247881185e-04,-8.166723192172558043e-01
8.100000000000000000e+03,-4.855073975841784663e-03,-1.391551363006244234e-02,-4.861580870930416742e-02,5.242387371516433331e-02,-9.322064434324713045e-02,-1.623441496560223268e-02,1.010006234319266394e+00,1.833691845658773009e-02,2.772567843714788746e-02,-4.863700901811890409e-01,9.432064603556294946e-01,4.499010046845530186e-01,-2.803327143903734317e-02,8.941514578948752887e-03,-3.996787362512022046e-02,2.942705356874440910e-03,8.001467670151025946e-02,3.388348757916161916e-04,-3.646337948148702796e-02,-1.368809360642249048e-03,-8.790357491011437097e-02,1.324769262325206087e-01,3.170229744781516867e+00,-1.176523433247881185e-04,-8.166723192172558043e-01
8.200000000000000000e+03,-5.484063454738679830e-03,-1.391551363006244234e-02,-4.861580870930416742e-02,5.242387371516433331e-02,-9.352250001015002812e-02,-1.516040206325104840e-02,1.011542758045688162e+00,1.829064072813757838e-02,2.772567843714788746e-02,-5.064465017039317951e-01,9.478972237699233583e-01,4.499010046845530186e-01,-2.803327143903734317e-02,8.941514578948752887e-03,-3.996787362512022046e-02,2.942705356874440910e-03,5.878443273052567225e-02,3.388348757916161916e-04,-3.646337948148702796e-02,-1.200726445574343965e-03,-8.481522215137649034e-02,1.324769262325206087e-01,3.170229744781516867e+00,-1.037514098349899636e-04,-8.166723192172558043e-01
8.300000000000000000e+03,-5.571223218999627608e-03,-1.391551363006244234e-02,-4.861580870930417436e-02,5.242387371516433331e-02,-9.322064434324713045e-02,-1.516040206325105014e-02,1.011542758045687940e+00,1.829064072813757838e-02,2.608455050207592399e-02,-4.982807169064727426e-01,9.421116808518432695e-01,4.499010046845529631e-01,-2.803327143903734317e-02,8.941514578948752887e-03,-3.996787362512022046e-02,2.942705356874440476e-03,8.524104736003400296e-02,3.395753797243219736e-04,-3.646337948148702796e-02,-1.202422006274579029e-03,-8.487156221371078280e-02,1.324769262325206087e-01,3.170229744781516867e+00,-9.769679219888573575e-05,-8.166723192172558043e-01
8.400000000000000000e+03,-5.562687139600792051e-03,-1.391551363006244234e-02,-4.847792717868339152e-02,6.057864268903408178e-02,-1.319928326685198272e-01,-1.036899196067330581e-02,1.011568391274777268e+00,1.829064072813757838e-02,2.679515385355026036e-02,-5.950276587878421397e-01,9.432064603556294946e-01,4.499010046845530186e-01,-2.790275089983432905e-02,8.953256014935637511e-03,-3.996787362512022046e-02,2.942705356874440910e-03,8.539465340490615120e-02,3.388348757916161916e-04,-3.646337948148702796e-02,-1.200726445574343965e-03,-8.487156221371076892e-02,1.324769262325206087e-01,3.177022173697453322e+00,-9.769679219888573575e-05,-8.166723192172558043e-01
8.500000000000000000e+03,-5.542204288727973181e-03,-1.391551363006244234e-02,-4.861580870930416742e-02,6.063267328538664291e-02,-1.327939839446246884e-01,-1.483442327904753270e-02,1.011542758045688162e+00,1.829064072813757838e-02,2.379840488437986665e-02,-6.152984045209117792e-01,9.432064603556294946e-01,4.499010046845530186e-01,-2.803327143903734317e-02,8.941514578948752887e-03,-3.996787362512022046e-02,2.942705356874440910e-03,1.015459078291147538e-01,3.388348757916161916e-04,-3.646337948148702796e-02,-1.200726445574343965e-03,-8.487156221371076892e-02,1.324769262325206087e-01,3.170229744781516867e+00,-9.769679219888573575e-05,-8.166723192172558043e-01
8.600000000000000000e+03,-7.131257904553381204e-03,-1.391551363006244234e-02,-4.920949937503439620e-02,8.587781375229955327e-02,-1.327149212518605459e-01,-8.705641749819137409e-03,1.011542758045688162e+00,8.840394187562473916e-03,1.742761776549750161e-02,-6.132257504221545474e-01,9.411012174488182502e-01,2.770517409943697440e-01,-2.803327143903734317e-02,8.957732013098306662e-03,-3.996787362512022046e-02,2.942705356874440910e-03,1.018111312955917447e-01,3.388348757916161916e-04,-3.646337948148702796e-02,-1.203185614126179226e-03,-8.487156221371076892e-02,1.324769262325206087e-01,3.170229744781516867e+00,-9.769679219888573575e-05,-8.196176757786658440e-01
8.700000000000000000e+03,-5.086936982353643111e-03,-1.792237546828245529e-02,-4.861580870930416742e-02,8.624730446573819487e-02,-1.327939839446246884e-01,-6.418859237439704032e-03,8.443190166610038405e-01,4.091218331383318120e-03,1.780200420157303232e-02,-6.159692595329890885e-01,9.432064603556294946e-01,4.678394670537413397e-02,-2.803327143903734317e-02,8.941514578948752887e-03,-3.996787362512022046e-02,2.784574516487924208e-03,1.015459078291147538e-01,3.388348757916161916e-04,-3.646337948148702796e-02,-1.200726445574343965e-03,-8.495839549681544201e-02,2.191361925045072490e-01,3.170229744781516867e+00,-9.732843996934494675e-05,-8.354166199363960432e-01
8.800000000000000000e+03,-5.086936982353643111e-03,-1.792237546828245529e-02,-4.861580870930416742e-02,8.624730446573819487e-02,-1.327939839446246884e-01,-6.133011423392275945e-03,8.443190166610038405e-01,4.080074243040308739e-03,1.401803083444048449e-02,-6.132257504221545474e-01,9.409815164708565938e-01,4.545126767086039854e-02,-2.803327143903734317e-02,8.939758171485394367e-03,-3.987337272131877969e-02,2.784574516487924208e-03,1.443931184145195723e-01,3.388348757916161916e-04,-3.646337948148702796e-02,-1.200726445574343965e-03,-8.528050282694331352e-02,2.812097632548462012e-01,3.170229744781516867e+00,-9.769679219888573575e-05,-8.354166199363960432e-01
8.900000000000000000e+03,-5.086936982353643111e-03,-1.792237546828245529e-02,-4.861580870930416742e-02,1.230861039428846476e-01,-1.329283373139245050e-01,-6.133011423392275945e-03,7.675130232083658965e-01,4.063767097552074305e-03,1.401803083444048449e-02,-6.138230998559814910e-01,9.432064603556294946e-01,4.539349744842178375e-02,-2.803327143903734317e-02,8.967906572009860799e-03,-3.996787362512022046e-02,2.784574516487924208e-03,1.440057039900058122e-01,3.388348757916161916e-04,-3.646337948148702796e-02,-1.598221821702718601e-03,-8.487156221371076892e-02,2.823849567805459815e-01,3.170229744781516867e+00,-9.769679219888573575e-05,-8.386415952343523328e-01
9.000000000000000000e+03,-3.236417285515505449e-03,-1.792237546828245529e-02,-4.861580870930417436e-02,1.230861039428846337e-01,-1.331314498410345049e-01,-6.133011423392275945e-03,7.675130232083658965e-01,3.815986239251710835e-03,1.394635257628453265e-02,-6.132257504221545474e-01,9.432064603556296056e-01,4.545126767086039160e-02,-2.803327143903734664e-02,8.941514578948752887e-03,-3.989870329777313318e-02,2.784574516487923774e-03,1.440057039900058122e-01,3.388348757916161916e-04,-3.646337948148702796e-02,-1.558485297265034498e-03,-8.487156221371079667e-02,2.837929219343250931e-01,3.170229744781516867e+00,-7.401843735359442953e-05,-8.354166199363960432e-01
9.100000000000000000e+03,-3.327141961957828537e-03,-1.792237546828245529e-02,-7.629813674774800492e-02,1.224811187575161886e-01,-1.327939839446246884e-01,-6.668045368496430467e-03,7.675130232083658965e-01,3.799526849265284084e-03,1.562747518258816859e-02,-6.132257504221545474e-01,9.434582204748050982e-01,4.545126767086039854e-02,-2.803327143903734317e-02,8.941514578948752887e-03,-3.996787362512022046e-02,2.784935549481054508e-03,1.440057039900058122e-01,3.371679624810158186e-04,-3.646337948148702796e-02,-1.550088439929231095e-03,-8.487156221371076892e-02,2.823849567805459815e-01,3.184073564168882431e+00,-7.371260106567207617e-05,-8.354166199363960432e-01
9.200000000000000000e+03,-3.240457262151624600e-03,-1.792237546828245529e-02,-7.661219194597462812e-02,1.570477036029966633e-01,-1.327939839446246884e-01,-6.675810475808975457e-03,7.675130232083658965e-01,3.627926185273110289e-03,1.556897188553143553e-02,-6.132257504221545474e-01,9.434582204748049872e-01,4.545126767086039854e-02,-2.803327143903734317e-02,6.756027965139511232e-03,-3.996787362512022046e-02,2.784574516487923774e-03,1.091451555175855376e-01,3.388348757916161916e-04,-3.646337948148702796e-02,-1.556757006688527746e-03,-3.445077651177726186e-02,2.823849567805459815e-01,3.170229744781516867e+00,-7.401843735359442953e-05,-8.354166199363960432e-01
9.300000000000000000e+03,-3.240457262151624600e-03,-1.784256649572051046e-02,-7.629813674774800492e-02,1.574879355537920911e-01,-1.327939839446246884e-01,-9.663388797338237288e-03,7.675130232083658965e-01,3.616868483855560732e-03,1.562747518258816859e-02,-6.132257504221545474e-01,9.427940414809550251e-01,4.535879601523342547e-02,-2.803327143903734317e-02,6.756027965139511232e-03,-3.996787362512022046e-02,2.784574516487923774e-03,1.428911259045775872e-01,3.388348757916161916e-04,-3.646337948148702796e-02,-1.459769718235482024e-03,-3.443091032757724518e-02,2.823849567805459815e-01,3.170229744781516867e+00,-7.401843735359442953e-05,-8.354166199363960432e-01
9.400000000000000000e+03,-3.240457262151624600e-03,-2.403823932629952503e-02,-7.629813674774800492e-02,1.570477036029966633e-01,-1.322390023299448714e-01,-9.686403817192877283e-03,4.755309189936837710e-01,3.616868483855560732e-03,1.562747518258816859e-02,-8.187135655098231046e-01,9.434582204748049872e-01,4.545126767086039160e-02,-2.803327143903734664e-02,6.756027965139511232e-03,-3.996787362512022046e-02,2.112488245317607413e-03,1.435730005905753726e-01,4.561426958507722781e-04,-4.684794716097913370e-02,-1.447506957626474959e-03,-6.863529117685174263e-02,2.823849567805459260e-01,3.170229744781516867e+00,-7.746807752899357148e-05,-8.354166199363960432e-01
9.500000000000000000e+03,-3.240457262151624166e-03,-2.409806703469292294e-02,-7.629813674774800492e-02,1.570477036029966633e-01,-1.327939839446246884e-01,-9.686403817192877283e-03,4.755309189936837710e-01,3.602610574196228772e-03,1.562747518258816859e-02,-8.906591014579522403e-01,9.434582204748050982e-01,4.460649118616156344e-02,-2.803327143903734317e-02,6.760367053583809897e-03,-3.996787362512022046e-02,2.025722158553518171e-03,1.428911259045775872e-01,4.561426958507722781e-04,-4.684794716097914064e-02,-1.931056986467615715e-03,-6.848712389896467745e-02,2.823849567805459815e-01,3.170229744781516867e+00,-7.394770344014482645e-05,-8.354166199363960432e-01
9.600000000000000000e+03,-3.240457262151624166e-03,-2.403823932629952850e-02,-7.685864735065695008e-02,1.570477036029966633e-01,-1.333372000083783426e-01,-9.686403817192877283e-03,4.755309189936837710e-01,3.616868483855560732e-03,2.223331479681368503e-02,-8.945641761920753998e-01,9.434582204748050982e-01,4.469156681897649974e-02,-2.803327143903734317e-02,5.318095740017360872e-03,-3.996787362512022046e-02,2.016998606752070343e-03,1.428911259045775872e-01,4.677104662317228042e-04,-4.684794716097914064e-02,-1.931056986467615715e-03,-6.880041908864821532e-02,2.823849567805459815e-01,3.170229744781516867e+00,-7.401843735359442953e-05,-8.354166199363960432e-01
9.700000000000000000e+03,-3.240457262151624166e-03,-2.403823932629952850e-02,-7.685864735065695008e-02,1.570477036029966633e-01,-1.096361392792324224e-01,-9.686403817192877283e-03,7.030999842031664393e-01,3.616868483855560732e-03,2.305904474859186981e-02,-7.116221353229419400e-01,9.434582204748050982e-01,4.426501507556096504e-02,-2.803327143903734317e-02,5.318095740017360872e-03,-3.996787362512022046e-02,2.025722158553518171e-03,1.428911259045775872e-01,4.561426958507722781e-04,-4.684794716097914064e-02,-1.928828056513598324e-03,-6.863529117685174263e-02,2.831299521219711735e-01,3.170229744781516867e+00,-7.401843735359442953e-05,-8.354166199363960432e-01
9.800000000000000000e+03,-3.240457262151624600e-03,-2.403823932629952503e-02,-7.685864735065695008e-02,1.570477036029966633e-01,-1.093359641856959941e-01,-9.721528654474393197e-03,7.023167365778212323e-01,3.616868483855560732e-03,2.300659366906837242e-02,-7.111346910745596217e-01,9.434582204748049872e-01,4.442449536831001577e-02,-2.803327143903734317e-02,5.318095740017360004e-03,-3.996787362512022046e-02,2.025722158553518171e-03,1.428911259045775872e-01,4.561426958507722781e-04,-4.684794716097913370e-02,-1.503309524328657080e-03,-4.522428642397088860e-02,2.830433192612284432e-01,3.176121523876382025e+00,-7.538112687083615884e-05,-8.357375925751289181e-01
9.900000000000000000e+03,-3.240457262151624166e-03,-2.403823932629952850e-02,-7.691290945645332111e-02,1.570477036029966633e-01,-1.096361392792324224e-01,-9.686403817192877283e-03,7.023167365778213433e-01,3.616868483855560732e-03,2.305904474859186981e-02,-7.116221353229419400e-01,9.434582204748050982e-01,4.426501507556096504e-02,-2.803327143903734317e-02,5.318095740017360872e-03,-3.996787362512022046e-02,2.003093937911532355e-03,1.751264257049988393e-01,5.650367089724115830e-04,-4.684794716097914064e-02,-1.511285105512475942e-03,-4.522428642397088860e-02,2.833285387705201663e-01,3.170229744781516867e+00,-7.407697879848768204e-05,-8.354166199363960432e-01
