-1.000000000000000000e+00,0.000000000000000000e+00,0.000000000000000000e+00,0.000000000000000000e+00,0.000000000000000000e+00,-1.642008832149314701e+00,-1.656591568903944767e+00,0.000000000000000000e+00,7.377117491969805707e-01,0.000000000000000000e+00,-1.730748706953207927e+00,1.159211915001041371e+00,0.000000000000000000e+00,0.000000000000000000e+00,-1.736868341331587696e-03,0.000000000000000000e+00,0.000000000000000000e+00,-2.976124042962575902e-03,4.722897157335115281e-02,0.000000000000000000e+00,0.000000000000000000e+00,0.000000000000000000e+00,7.595407468130919992e-02,1.267422965327710926e+00,0.000000000000000000e+00,-2.147049583731483122e-03
0.000000000000000000e+00,3.181707062148447611e-03,0.000000000000000000e+00,0.000000000000000000e+00,3.895477440808126166e-03,-1.642008832149314701e+00,-1.656591568903944767e+00,0.000000000000000000e+00,7.377117491969805707e-01,0.000000000000000000e+00,-1.734768006512838134e+00,1.159211915001041371e+00,0.000000000000000000e+00,0.000000000000000000e+00,0.000000000000000000e+00,0.000000000000000000e+00,0.000000000000000000e+00,0.000000000000000000e+00,4.722897157335115281e-02,0.000000000000000000e+00,0.000000000000000000e+00,-1.951107073072323467e-03,7.595407468130919992e-02,1.267422965327710926e+00,0.000000000000000000e+00,-2.226989000682152997e-02
1.000000000000000000e+02,-8.060585250843918526e-02,0.000000000000000000e+00,-3.592423630009605184e-01,0.000000000000000000e+00,-1.642008832149314701e+00,-1.656591568903944989e+00,0.000000000000000000e+00,7.524655663543537987e-01,0.000000000000000000e+00,-1.051161706637377291e+00,9.434814334645419409e-01,0.000000000000000000e+00,-2.822851708234268286e-02,-4.633581363368180495e-03,-3.996787362512022046e-02,0.000000000000000000e+00,0.000000000000000000e+00,4.722897157335115281e-02,0.000000000000000000e+00,-2.414239970461879992e-01,-1.197962661504962112e-01,7.595407468130919992e-02,2.800653444194696640e+00,0.000000000000000000e+00,-1.655271143232056041e-01
2.000000000000000000e+02,-9.784405898590638195e-02,0.000000000000000000e+00,-3.796705021845739325e-01,4.794287711188567613e-03,-1.636734018967318738e+00,-1.656591568903944989e+00,0.000000000000000000e+00,1.091732753037912618e+00,0.000000000000000000e+00,-1.056045642642655880e+00,9.434814334645419409e-01,0.000000000000000000e+00,-2.822851708234268286e-02,0.000000000000000000e+00,-3.997188234498430526e-02,0.000000000000000000e+00,1.603137167183561473e-01,4.722897157335115281e-02,-2.153566505500702482e-03,-2.416085684074519846e-01,-1.197654707655798761e-01,7.595407468130919992e-02,2.800653444194696640e+00,-1.055518841826782789e-04,-3.261591783104267339e-01
3.000000000000000000e+02,-9.784405898590638195e-02,0.000000000000000000e+00,-2.378820176830463151e-01,0.000000000000000000e+00,-1.642008832149314701e+00,-1.656591568903944989e+00,0.000000000000000000e+00,1.095190527865065100e+00,0.000000000000000000e+00,-1.052081788305759380e+00,9.480009404233074033e-01,0.000000000000000000e+00,-2.816253554751509472e-02,5.047658257942615190e-03,-3.999009897643898692e-02,-1.405522426554712157e-04,1.603137167183561473e-01,4.985478317422786104e-02,0.000000000000000000e+00,-2.414239970461879992e-01,-1.188940376754950984e-01,7.588736963792461210e-02,3.027642556158133935e+00,0.000000000000000000e+00,-3.865281342011258614e-01
4.000000000000000000e+02,-9.784405898590638195e-02,6.208720577552284681e-03,-2.365960346663153191e-01,0.000000000000000000e+00,-1.642008832149314701e+00,-1.276317968623036592e+00,0.000000000000000000e+00,1.091732753037912618e+00,0.000000000000000000e+00,-1.052081788305759380e+00,9.478337091418967963e-01,0.000000000000000000e+00,-2.816993531480098054e-02,0.000000000000000000e+00,-3.996787362512022046e-02,1.565844565710567127e-01,1.603137167183561473e-01,5.018300962433744350e-02,0.000000000000000000e+00,-2.414239970461879992e-01,-1.193937188934858784e-01,7.237773089839438789e-02,3.015182443126697365e+00,0.000000000000000000e+00,-3.865281342011258614e-01
5.000000000000000000e+02,-9.784405898590638195e-02,0.000000000000000000e+00,-1.682451501435440200e-01,4.269848220838597386e-01,-1.008590321256317424e+00,-1.266167392226946964e+00,0.000000000000000000e+00,1.097234042677023513e+00,0.000000000000000000e+00,-1.052081788305759380e+00,9.432064603556294946e-01,0.000000000000000000e+00,-2.816253554751509472e-02,3.642241432780742288e-03,-4.012254344072352374e-02,8.629530997740242348e-02,1.603137167183561473e-01,5.033909223196696842e-02,0.000000000000000000e+00,-1.406155184611792841e-01,-1.197920105877547936e-01,9.947962654054173792e-02,3.027642556158133935e+00,0.000000000000000000e+00,-3.865281342011258614e-01
6.000000000000000000e+02,-9.756354571640611650e-02,0.000000000000000000e+00,-8.514000765429004247e-02,4.269848220838597386e-01,-1.008590321256317424e+00,-1.270021235351394884e+00,0.000000000000000000e+00,1.091732753037912618e+00,0.000000000000000000e+00,-1.052081788305759380e+00,9.432064603556294946e-01,0.000000000000000000e+00,-2.816253554751509472e-02,3.253064537062907990e-03,-3.996787362512022046e-02,5.676434024642299653e-02,1.080970080733080069e-01,4.939492487966153783e-02,0.000000000000000000e+00,-1.403818974578872336e-01,-1.188612837832821317e-01,9.995236965680581731e-02,3.027642556158133935e+00,-6.943430068028023927e-02,-3.865281342011258614e-01
7.000000000000000000e+02,-7.022859388250127233e-02,0.000000000000000000e+00,-8.492624801076574526e-02,4.269848220838597386e-01,-8.847646915987517069e-01,-1.266167392226946964e+00,0.000000000000000000e+00,1.067693149346866210e+00,0.000000000000000000e+00,-1.027801618616623003e+00,9.392583883581753224e-01,0.000000000000000000e+00,-2.816253554751509472e-02,2.914167362888626933e-02,-3.996787362512022046e-02,5.676434024642299653e-02,1.080970080733080069e-01,2.974061342002326525e-02,0.000000000000000000e+00,-1.397101822155978335e-01,-8.321151702694692953e-02,9.995236965680581731e-02,3.027642556158133935e+00,-6.943430068028023927e-02,-3.878740013642870132e-01
8.000000000000000000e+02,-7.024525117238329674e-02,0.000000000000000000e+00,-8.492624801076574526e-02,4.269848220838597386e-01,-8.847646915987517069e-01,-8.036370654752849063e-01,1.204503472120184854e-01,1.091732753037912618e+00,0.000000000000000000e+00,-7.566462852274821183e-01,9.432064603556294946e-01,9.568953421082877775e-02,-2.816253554751509472e-02,2.922142546428756205e-02,-4.011133750558107391e-02,6.741802204412115918e-02,1.080970080733080069e-01,1.611714019346011106e-02,0.000000000000000000e+00,-9.382521629951540154e-02,-8.321151702694692953e-02,9.995236965680581731e-02,3.027642556158133935e+00,-6.943430068028023927e-02,-3.865281342011258614e-01
9.000000000000000000e+02,-7.024525117238329674e-02,2.020026317705699709e-03,-8.456757375065754312e-02,4.283503604929912445e-01,-8.847646915987517069e-01,-4.711187138087656878e-01,1.104451515612027701e-01,4.591521324031593854e-01,0.000000000000000000e+00,-1.407084628825474359e+00,9.432064603556294946e-01,9.372656343181814953e-02,-2.803327143903734317e-02,2.369424006497707069e-02,-3.996787362512022046e-02,6.698431637035430486e-02,1.080970080733080069e-01,1.641115447344512757e-02,0.000000000000000000e+00,-9.367088603146890569e-02,-8.321151702694694341e-02,1.510138173778181603e-01,3.045297135380217846e+00,-6.914773909580526623e-02,-4.537836496611308279e-01
1.000000000000000000e+03,-7.024525117238329674e-02,2.274873135577423593e-03,-8.492624801076574526e-02,5.865037877331308325e-01,-8.847646915987517069e-01,-4.711187138087656878e-01,1.101654128993453940e-01,4.397241669079190313e-02,1.907248447114054113e-01,-1.407084628825474359e+00,9.432064603556294946e-01,1.634582847206309530e-01,-2.803327143903734317e-02,2.369424006497707069e-02,-3.996787362512022046e-02,6.698431637035430486e-02,1.080970080733080069e-01,2.149707634629375794e-02,-1.772677753012353863e-01,-9.354344019689496414e-02,-8.321151702694692953e-02,4.294528577733910946e-02,3.170229744781516867e+00,-6.747922006515956472e-02,-6.749363667298824421e-01
1.100000000000000000e+03,-6.659334429041666170e-02,0.000000000000000000e+00,-8.492624801076574526e-02,5.865037877331308325e-01,-8.847646915987517069e-01,-4.711187138087656878e-01,1.107030029498730361e-01,1.829524404724808956e-02,1.907248447114054113e-01,-1.407084628825474359e+00,9.432064603556294946e-01,4.492814437591618471e-01,-2.803327143903734317e-02,2.369424006497707069e-02,-3.996787362512022046e-02,6.698431637035430486e-02,1.079365877414032865e-01,2.149886874258291961e-02,-1.772677753012353863e-01,-6.886835878587664606e-02,-8.321151702694692953e-02,4.009428435382807188e-02,3.184599884265565617e+00,-6.747922006515956472e-02,-8.166723192172558043e-01
1.200000000000000000e+03,-3.737808923468358135e-02,0.000000000000000000e+00,-8.492624801076574526e-02,5.865037877331308325e-01,-8.847646915987517069e-01,-4.711187138087656878e-01,1.101654128993453940e-01,1.829519754907525664e-02,2.474794763268484410e-01,-9.023784042708729025e-01,9.432064603556294946e-01,4.492814437591618471e-01,-2.803327143903734317e-02,2.296172346982331205e-02,-3.996787362512022046e-02,8.720937275013540546e-02,1.080970080733080069e-01,2.156246815033366349e-02,-1.772677753012353863e-01,-6.837939206367350808e-02,-8.321151702694692953e-02,7.614429669903007014e-02,3.170229744781516867e+00,-4.152551625898184134e-02,-8.166723192172558043e-01
1.300000000000000000e+03,-3.737808923468358135e-02,0.000000000000000000e+00,-8.488948189440601033e-02,5.865037877331308325e-01,-8.847646915987517069e-01,-4.711187138087656878e-01,1.101654128993453940e-01,1.829064072813757838e-02,2.476592025206246495e-01,-8.980966433019211825e-01,9.432064603556294946e-01,4.489845338091109639e-01,-2.803327143903734317e-02,2.360103171317860099e-02,-3.996787362512022046e-02,1.095842037126464885e-01,1.080970080733080069e-01,2.162087493598779941e-02,-1.781069126352773646e-01,-6.837939206367350808e-02,-8.321151702694692953e-02,8.080388312063396805e-02,3.170229744781516867e+00,-4.152551625898184134e-02,-8.166723192172558043e-01
1.400000000000000000e+03,-3.742813479089387302e-02,0.000000000000000000e+00,-8.469812709886234692e-02,5.865037877331308325e-01,-8.847646915987517069e-01,-4.365424816976382072e-01,1.101654128993453940e-01,1.835176218334181458e-02,2.474794763268484410e-01,-9.023784042708729025e-01,9.432064603556294946e-01,4.492814437591618471e-01,-2.791140905294216268e-02,2.374317038574175198e-02,-3.996787362512022046e-02,1.099638074778796631e-01,1.080970080733080069e-01,1.736390878413375874e-02,-1.772677753012353863e-01,-6.837939206367350808e-02,-1.054294775887901769e-01,8.354309879226919089e-02,3.170229744781516867e+00,-4.152551625898184134e-02,-8.166723192172558043e-01
1.500000000000000000e+03,-3.726404047036012412e-02,-4.990717752609447055e-01,-9.380630299890743706e-02,5.949439569636787439e-01,-8.847646915987517069e-01,-3.827429193347433034e-01,1.101654128993453940e-01,1.829064072813757838e-02,2.484923947100267649e-01,-8.978988001318157774e-01,9.432064603556294946e-01,4.492814437591618471e-01,-2.803327143903734317e-02,2.369424006497707069e-02,-3.996787362512022046e-02,1.095842037126464885e-01,9.961874727150464570e-02,1.736390878413375874e-02,-1.772677753012353863e-01,-6.862401644757028241e-02,-1.054294775887901769e-01,8.323681269968498386e-02,3.170229744781516867e+00,-4.152551625898184134e-02,-8.166723192172558043e-01
1.600000000000000000e+03,-3.737808923468358135e-02,-2.686243362275899105e-01,-9.380630299890743706e-02,6.040683406756294227e-01,-8.847646915987517069e-01,-4.481390786115076463e-01,6.666891153956351623e-02,1.834125744070308831e-02,2.474794763268484410e-01,-9.023784042708729025e-01,9.432064603556294946e-01,4.474152011597241629e-01,-2.803327143903734317e-02,3.023511968119775573e-02,-3.996787362512022046e-02,1.095842037126464885e-01,9.932890423592666274e-02,1.736390878413375874e-02,-9.652335844168005718e-02,-9.015201368039706120e-02,-1.054294775887901769e-01,8.392558165917834989e-02,3.170229744781516867e+00,-4.152551625898184134e-02,-8.166723192172558043e-01
1.700000000000000000e+03,-3.737808923468358135e-02,-2.817090731623836386e-01,-9.380630299890743706e-02,7.575802530570413529e-01,-8.847646915987517069e-01,-5.203816672208443350e-01,6.666891153956351623e-02,1.829064072813757838e-02,2.439210873271840940e-01,-9.023784042708729025e-01,9.432064603556294946e-01,4.492814437591618471e-01,-2.803327143903734317e-02,3.031059304449265634e-02,-3.996787362512022046e-02,1.235644464974397366e-01,9.961874727150464570e-02,1.736390878413375874e-02,-9.652335844168005718e-02,-8.824346581715826476e-02,-1.054294775887901769e-01,8.382957533695177543e-02,3.170229744781516867e+00,-3.012290918819541391e-02,-8.166723192172558043e-01
1.800000000000000000e+03,-3.737808923468358135e-02,-2.824868138274795326e-01,-9.380630299890743706e-02,7.596238402147466040e-01,-8.847646915987517069e-01,-5.203816672208443350e-01,6.666891153956351623e-02,1.829064072813757838e-02,1.858588265192993860e-01,-9.023784042708729025e-01,9.432064603556294946e-01,4.492814437591618471e-01,-2.803327143903734317e-02,2.565708639787558920e-02,-3.996787362512022046e-02,1.233819849082716524e-01,4.934616830956344014e-02,1.767441927433927723e-02,-9.886969630618462623e-02,-9.020748925687190056e-02,-1.054294775887901769e-01,8.382957533695177543e-02,3.168685996504034819e+00,-3.012290918819541391e-02,-8.166723192172558043e-01
1.900000000000000000e+03,-3.747503956150573245e-02,-2.829437653143863640e-01,-1.190818707784386532e-01,7.540483104891094746e-01,-1.198524939539348688e+00,-5.203816672208443350e-01,5.779129788959251612e-02,1.837749296147570335e-02,2.767844551757472904e-01,-1.349732342722443468e+00,9.432064603556294946e-01,4.515373519255168611e-01,-2.803327143903734317e-02,1.987402069317143263e-02,-3.996787362512022046e-02,1.234226811479063879e-01,4.934616830956344014e-02,1.771323308561496140e-02,-9.886969630618462623e-02,-1.339900091522915893e-01,-1.054294775887901769e-01,8.382957533695177543e-02,3.170229744781516867e+00,-3.012290918819541391e-02,-8.166723192172558043e-01
2.000000000000000000e+03,-3.737808923468358135e-02,-1.981305918423671153e-01,-1.190818707784386532e-01,4.381677716209539941e-01,-1.133121408990022561e+00,-5.203816672208443350e-01,5.756441486786918749e-02,1.829064072813757838e-02,2.029117366504187281e-01,-1.349732342722443468e+00,9.432064603556294946e-01,4.492814437591618471e-01,-2.803327143903734317e-02,1.976361547974644223e-02,-3.996787362512022046e-02,1.233739261664599379e-01,4.941781619368867257e-02,1.771323308561496140e-02,-9.886969630618462623e-02,-1.339900091522915893e-01,-1.054294775887901769e-01,8.382957533695177543e-02,3.170229744781516867e+00,-3.012146410476336522e-02,-8.130732517264357417e-01
2.100000000000000000e+03,-3.737808923468358135e-02,-1.084283400524145152e-01,-1.008449707198550149e-01,3.392468273929789557e-01,-6.327130469454051998e-01,-4.129783668802176622e-01,5.756441486786918749e-02,1.834041854295530988e-02,2.793330932171178005e-01,-1.349732342722443468e+00,9.432064603556294946e-01,4.492814437591618471e-01,-2.803327143903734317e-02,1.984020308960427956e-02,-3.996787362512022046e-02,1.233739261664599379e-01,4.934616830956344014e-02,1.771323308561496140e-02,-9.886969630618462623e-02,-1.339900091522915893e-01,-1.053528183375945504e-01,8.382957533695177543e-02,3.170229744781516867e+00,-3.012290918819541391e-02,-8.174709531061853385e-01
2.200000000000000000e+03,-3.737808923468358135e-02,-1.081983951821041678e-01,-1.014960725444023215e-01,3.268817093644821314e-01,-6.314013302930793214e-01,-4.129783668802176622e-01,5.760961368964093859e-02,1.829064072813757838e-02,2.770521726956311492e-01,-1.683160889663864124e+00,9.432064603556294946e-01,4.519985853290245381e-01,-2.803327143903734317e-02,1.824542821588104671e-02,-3.996787362512022046e-02,1.233739261664599379e-01,4.957325577601883609e-02,1.589172432992740081e-02,-9.886969630618462623e-02,-1.339900091522915893e-01,-1.054294775887901769e-01,8.382957533695177543e-02,3.170229744781516867e+00,-3.012290918819541391e-02,-8.166723192172558043e-01
2.300000000000000000e+03,-3.737808923468358135e-02,-1.084283400524145152e-01,-1.014960725444023215e-01,3.278676647440111891e-01,-6.327130469454051998e-01,-4.129783668802176622e-01,5.504366571703028094e-02,1.829064072813757838e-02,2.780474989070239600e-01,-1.683160889663864124e+00,9.432064603556294946e-01,4.492814437591618471e-01,-2.803327143903734317e-02,1.977693109290390786e-02,-3.988890847980711141e-02,1.233739261664599379e-01,6.954316092041062936e-02,1.587172759016126575e-02,-9.886969630618462623e-02,-5.232492447569568605e-02,-1.053814295067540679e-01,8.382957533695177543e-02,3.170229744781516867e+00,-3.005721604538041936e-02,-8.166723192172558043e-01
2.400000000000000000e+03,-3.737808923468358135e-02,-1.084283400524145152e-01,-1.014960725444023354e-01,1.804760177996966586e-01,-6.327130469454051998e-01,-6.045348186187667894e-01,5.483914889300761653e-02,1.835486349396158595e-02,2.780474989070239600e-01,-1.688044774387071900e+00,9.432064603556294946e-01,4.492814437591618471e-01,-2.803327143903734317e-02,1.984987286415594923e-02,-3.996787362512022046e-02,1.233739261664599379e-01,6.954316092041062936e-02,1.587172759016126922e-02,-9.846045051615770483e-02,-4.000910787504565608e-02,-9.479203615336190270e-02,8.382957533695177543e-02,3.170229744781516867e+00,-3.012290918819541391e-02,-8.166723192172558043e-01
2.500000000000000000e+03,-3.737808923468358135e-02,-1.084283400524145152e-01,-1.014960725444023215e-01,1.798537789921845209e-01,-6.071423624310890999e-01,-4.346720717039736503e-01,5.496050270412070754e-02,1.829064072813757838e-02,2.780474989070239600e-01,-1.683160889663864124e+00,9.427686908068424465e-01,4.492814437591618471e-01,-2.803327143903734317e-02,2.008757255606910888e-02,-3.996787362512022046e-02,1.233739261664599379e-01,6.954316092041062936e-02,2.025815930791939612e-02,-9.886969630618462623e-02,-4.000910787504565608e-02,-8.338476645995028524e-02,8.382957533695177543e-02,3.170229744781516867e+00,-3.062673901906071486e-02,-8.166723192172558043e-01
2.600000000000000000e+03,-3.825770836402169611e-02,-1.436433518882651861e-01,-1.014960725444023215e-01,1.027173371435833038e-01,-6.327130469454051998e-01,-4.346720717039736503e-01,5.496050270412070754e-02,1.829064072813757838e-02,2.780474989070239600e-01,-1.683160889663864124e+00,9.432064603556294946e-01,4.492814437591618471e-01,-2.803327143903734317e-02,2.050223805887039369e-02,-3.996787362512022046e-02,1.303374186983648486e-01,6.954785529446377845e-02,2.021760101032710200e-02,-9.886969630618462623e-02,-4.000910787504565608e-02,-8.354418130690981215e-02,8.382957533695177543e-02,3.170229744781516867e+00,-3.046413562025918065e-02,-8.166723192172558043e-01
2.700000000000000000e+03,-3.737808923468358135e-02,-1.436433518882651861e-01,-1.014960725444023215e-01,6.475303477957017328e-02,-6.327130469454051998e-01,-4.355412977260300078e-01,5.496050270412070754e-02,1.829064072813757838e-02,2.780474989070239600e-01,-2.132835416702570708e+00,9.432064603556294946e-01,4.492814437591618471e-01,-2.803327143903734317e-02,1.984020308960427956e-02,-3.984164932656694691e-02,1.586375028092575357e-01,6.954316092041062936e-02,2.025731997517313601e-02,-8.602247044565536349e-02,-4.000910787504565608e-02,-8.354418130690981215e-02,8.382957533695177543e-02,3.170229744781516867e+00,-3.012290918819541391e-02,-8.166723192172558043e-01
2.800000000000000000e+03,-3.750216802241120723e-02,-1.436433518882651861e-01,-1.014960725444023215e-01,6.004144651882664663e-02,-4.909888991487845189e-01,-5.207254478875499304e-01,5.496050270412070754e-02,1.829064072813757838e-02,2.780474989070239600e-01,-2.132835416702570708e+00,9.412919568755390154e-01,4.514203733412671671e-01,-2.803327143903734317e-02,1.982275409055304569e-02,-3.996787362512022046e-02,8.976208743962928172e-02,5.158610732519460645e-02,2.025815930791939612e-02,-8.602247044565536349e-02,-4.000910787504565608e-02,-8.354418130690981215e-02,8.382957533695177543e-02,3.156877228950057734e+00,-3.012290918819541391e-02,-8.181856434214975771e-01
2.900000000000000000e+03,-3.754830386018179200e-02,-1.436433518882651861e-01,-1.014960725444023215e-01,7.479976925739986737e-02,-4.732733806742070448e-01,-5.207254478875499304e-01,5.496050270412070754e-02,1.822894214018287370e-02,2.780474989070239600e-01,-2.139772428138406291e+00,9.432064603556294946e-01,4.492814437591618471e-01,-2.803327143903734317e-02,1.984020308960427956e-02,-3.996787362512022046e-02,8.435526075919234923e-02,5.150887886376524089e-02,1.371549065379763614e-02,-8.599705438133016522e-02,-2.495150816070331942e-02,-8.359147764190585916e-02,8.382957533695177543e-02,3.170229744781516867e+00,-2.999827098537762027e-02,-8.166723192172558043e-01
3.000000000000000000e+03,-3.751682194040188018e-02,-1.436433518882651861e-01,-1.014960725444023215e-01,7.859546364792356632e-02,-4.732733806742070448e-01,-5.207254478875499304e-01,5.496050270412070754e-02,1.829064072813757838e-02,2.774710248921862799e-01,-2.132835416702570708e+00,9.432064603556294946e-01,4.492814437591618471e-01,-2.803327143903734317e-02,2.654009596852981157e-02,-3.979910512224263397e-02,8.457644142886452943e-02,5.149619044148975172e-02,1.369624299249421612e-02,-8.602247044565536349e-02,-2.501442908315437696e-02,-4.505312427883892412e-02,8.382957533695177543e-02,3.170229744781516867e+00,-3.022681095329055739e-02,-8.166723192172558043e-01
3.100000000000000000e+03,-3.737808923468358135e-02,-1.436433518882651861e-01,-1.014960725444023215e-01,7.859546364792356632e-02,-4.718718491267571702e-01,-5.207254478875499304e-01,5.496050270412070754e-02,1.829064072813757838e-02,2.788861041376424210e-01,-1.689958373758297938e+00,9.432064603556294946e-01,4.492814437591618471e-01,-2.805261711228109606e-02,2.654009596852981157e-02,-3.996976523713507978e-02,8.422929012088610501e-02,5.150887886376524089e-02,1.712467656220123188e-02,-8.602247044565536349e-02,-2.494850908761831951e-02,-4.505312427883892412e-02,8.394735399543902521e-02,3.170229744781516867e+00,-1.773297222519216315e-02,-8.166723192172558043e-01
3.200000000000000000e+03,-3.737808923468358135e-02,-1.436123648216578730e-01,-1.013476530772030731e-01,7.859546364792356632e-02,-4.732733806742070448e-01,-5.207254478875499304e-01,6.391627542969756381e-02,1.829064072813757838e-02,2.780474989070239600e-01,-1.689958373758297938e+00,9.432064603556294946e-01,4.492814437591618471e-01,-2.789203846614101562e-02,2.654009596852981157e-02,-3.996787362512022046e-02,8.430876825038864653e-02,5.134028289148058477e-02,1.719238939677824110e-02,-8.719115136287154677e-02,-1.937747047689871577e-02,-5.332440546175917784e-02,8.420824925688014106e-02,3.185826005142593509e+00,-1.773297222519216315e-02,-8.166723192172558043e-01
3.300000000000000000e+03,-3.737808923468358135e-02,-1.432404990460988681e-01,-6.538052059163228236e-02,7.859546364792356632e-02,-6.496074828028732817e-01,-5.207254478875499304e-01,5.812616422623027856e-02,1.835362155355379013e-02,1.483169028108606291e-01,-1.689958373758297938e+00,9.432064603556294946e-01,4.492814437591618471e-01,-2.803327143903734317e-02,3.448198876598169982e-02,-3.996787362512022046e-02,8.422929012088610501e-02,5.150887886376524089e-02,1.792618822805684339e-02,-8.602247044565536349e-02,-1.849426129809874156e-02,-5.332440546175917784e-02,8.420824925688014106e-02,3.170229744781516867e+00,-1.777135194849096406e-02,-8.166723192172558043e-01
3.400000000000000000e+03,-3.737808923468358135e-02,-1.436433518882651861e-01,-7.796284288709015575e-02,7.859546364792356632e-02,-6.524420035714599830e-01,-5.187620414890743437e-01,5.812616422623027856e-02,1.829064072813757838e-02,1.940648389728852341e-01,-1.093504218350229484e+00,9.432064603556294946e-01,4.492814437591618471e-01,-2.795675839894728662e-02,3.305442126610051712e-02,-3.996787362512022046e-02,9.234455998322566028e-02,4.456245905573975180e-02,1.465809598049375682e-02,-8.570060386622692372e-02,-1.846608682559535558e-02,-5.332440546175917784e-02,8.459392234350356088e-02,3.170229744781516867e+00,-1.773297222519216315e-02,-8.166723192172558043e-01
3.500000000000000000e+03,-3.737808923468358135e-02,-1.436433518882651861e-01,-7.796284288709015575e-02,7.859546364792356632e-02,-6.524420035714599830e-01,-5.207254478875499304e-01,5.812616422623027856e-02,1.824675240995694142e-02,1.045911672590669333e-01,-1.094623221601562779e+00,9.454532924316338960e-01,4.492814437591618471e-01,-2.803327143903734317e-02,3.288842206055554024e-02,-3.996787362512022046e-02,9.234455998322566028e-02,4.438866796595391379e-02,1.461239971637986329e-02,-8.602247044565536349e-02,-1.840231474911828077e-02,-5.332440546175917784e-02,8.403151545914136489e-02,3.170229744781516867e+00,-1.773297222519216315e-02,-8.125913069401816680e-01
3.600000000000000000e+03,-3.737808923468358135e-02,-1.436433518882651861e-01,-7.796284288709015575e-02,7.859546364792356632e-02,-6.524420035714599830e-01,-5.207254478875499304e-01,5.812616422623027856e-02,1.829064072813757838e-02,1.045911672590669333e-01,-1.093504218350229484e+00,9.432064603556294946e-01,4.492814437591618471e-01,-2.803327143903734317e-02,3.283673011045024764e-02,-3.996787362512022046e-02,9.234455998322566028e-02,4.456245905573975180e-02,1.461239971637986329e-02,-8.602247044565536349e-02,-1.847537499978390077e-02,-5.332440546175917784e-02,8.420824925688014106e-02,3.170229744781516867e+00,-1.773297222519216315e-02,-8.166723192172558043e-01
3.700000000000000000e+03,-3.737808923468358135e-02,-1.437536900497184134e-01,-7.796284288709015575e-02,7.843570775317114385e-02,-6.539118376933892307e-01,-5.207254478875499304e-01,5.812616422623027856e-02,1.829064072813757838e-02,1.045911672590669333e-01,-1.092941746158333061e+00,9.432064603556294946e-01,4.499764639012246992e-01,-2.803327143903734317e-02,3.064217129221553926e-02,-3.996787362512022046e-02,9.234455998322566028e-02,4.368852283834582378e-02,1.461239971637986329e-02,-8.602247044565536349e-02,-2.221059558388107161e-02,-5.332440546175917784e-02,8.420824925688014106e-02,3.170229744781516867e+00,-1.695878455220478989e-02,-8.166723192172558043e-01
3.800000000000000000e+03,-3.737808923468358135e-02,-1.436433518882651861e-01,-7.796284288709015575e-02,7.859546364792356632e-02,-6.524420035714599830e-01,-5.182508544330531874e-01,5.812616422623027856e-02,1.829064072813757838e-02,1.045911672590669333e-01,-1.070065463186677501e+00,9.432064603556294946e-01,4.492814437591618471e-01,-2.803327143903734317e-02,2.933477770627389639e-02,-4.002400382502978304e-02,9.206908806824194713e-02,4.459297676861392890e-02,1.461239971637986329e-02,-8.602247044565536349e-02,-2.375495557854457110e-02,-7.164684785934870292e-02,8.420824925688014106e-02,3.170229744781516867e+00,-9.447003638046928484e-03,-8.166723192172558043e-01
3.900000000000000000e+03,-3.641848835427374115e-02,-8.142504836601636986e-02,-6.377617628272402861e-02,6.988519966060030564e-02,-6.524420035714598720e-01,-5.207254478875499304e-01,7.371831161154739076e-02,1.829064072813757838e-02,1.433975264115917303e-01,-1.088039051847707439e+00,9.432064603556294946e-01,4.492814437591618471e-01,-2.803327143903734317e-02,2.924859495645383903e-02,-3.996787362512022046e-02,9.234455998322566028e-02,4.456245905573975180e-02,1.461239971637986329e-02,-8.602247044565536349e-02,-2.375495557854457110e-02,-7.136716792128615372e-02,8.420824925688014106e-02,3.170229744781516867e+00,-9.470728948291845528e-03,-8.166723192172558043e-01
4.000000000000000000e+03,-3.641848835427374115e-02,-8.142504836601636986e-02,-6.394874632783606461e-02,6.753701087638520895e-02,-6.904230013683145817e-01,-5.207254478875499304e-01,7.373921174306710680e-02,1.829064072813757838e-02,1.033811269145187839e-01,-1.093504218350229484e+00,9.475876484918267506e-01,4.492814437591618471e-01,-2.803327143903734317e-02,2.931783963436883009e-02,-3.984062174546078999e-02,9.234455998322566028e-02,4.213443698994955716e-02,1.460886594549463090e-02,-8.602247044565536349e-02,-2.375495557854457110e-02,-7.136716792128615372e-02,8.420824925688014106e-02,3.170229744781516867e+00,-1.160381650932435296e-02,-8.166723192172558043e-01
4.100000000000000000e+03,-3.556683923871605674e-02,-8.142504836601636986e-02,-6.377617628272402861e-02,7.053941417737617792e-02,-6.965561453809674397e-01,-5.207254478875499304e-01,7.373921174306710680e-02,1.829064072813757838e-02,1.033811269145187839e-01,-1.093504218350229262e+00,9.402140544583578174e-01,4.492814437591618471e-01,-2.803327143903734317e-02,2.938052159666385346e-02,-3.996787362512022046e-02,6.752933049514431296e-02,4.356264668238797599e-02,1.461239971637986329e-02,-8.602247044565536349e-02,-2.375495557854457110e-02,-7.172957861098272492e-02,8.420824925688014106e-02,3.170229744781516867e+00,-1.186226336072966452e-02,-8.166723192172558043e-01
4.200000000000000000e+03,-3.556683923871605674e-02,-8.142504836601636986e-02,-6.351023116019037518e-02,7.005285343742985449e-02,-6.965561453809674397e-01,-5.526557972295783605e-01,7.373921174306710680e-02,1.829064072813757838e-02,1.034703719926549637e-01,-1.049486124784935415e+00,9.432064603556294946e-01,4.492814437591618471e-01,-2.814700319528726929e-02,2.938052159666385346e-02,-3.996787362512022046e-02,6.752933049514431296e-02,4.456245905573975180e-02,1.458519584192148090e-02,-8.602247044565536349e-02,-2.375495557854457110e-02,-7.136716792128615372e-02,8.420824925688014106e-02,3.170229744781516867e+00,-1.187045245445342984e-02,-8.166723192172558043e-01
4.300000000000000000e+03,-3.556683923871605674e-02,-8.142504836601636986e-02,-5.998147196371248629e-02,7.028081851832035376e-02,-6.959351198410576034e-01,-5.673980825799360694e-01,7.373921174306710680e-02,1.829064072813757838e-02,5.178573109461127172e-02,-6.226184106108457739e-01,9.432064603556294946e-01,4.492814437591618471e-01,-2.803327143903734317e-02,2.938052159666385346e-02,-3.996787362512022046e-02,7.747479046241180500e-02,4.441876199315474005e-02,1.461239971637986329e-02,-8.602247044565536349e-02,-2.383415422563524289e-02,-7.136716792128615372e-02,8.420824925688014106e-02,3.170229744781516867e+00,-1.238144670240042509e-02,-8.166723192172558043e-01
4.400000000000000000e+03,-3.556683923871605674e-02,-8.383612187596531373e-02,-4.434709983710423409e-02,6.988519966060030564e-02,-6.965561453809674397e-01,-3.210094131480177304e-01,7.373921174306710680e-02,1.829064072813757838e-02,5.178573109461127172e-02,-6.187946752725592692e-01,9.432064603556294946e-01,4.492814437591618471e-01,-2.803327143903734317e-02,2.933213097253180995e-02,-3.996787362512022046e-02,7.871797295832022590e-02,4.456094462934969552e-02,1.461239971637986329e-02,-8.602247044565536349e-02,-1.524803260803573798e-02,-7.136716792128615372e-02,8.420824925688014106e-02,3.170229744781516867e+00,-1.187045245445342984e-02,-8.166723192172558043e-01
4.500000000000000000e+03,-3.556683923871605674e-02,-7.384809421703947274e-02,-4.233941892706439419e-02,7.014867542161139224e-02,-6.965561453809674397e-01,-3.198371671026258856e-01,1.076236006850438270e-01,1.829064072813757838e-02,5.178573109461127172e-02,-6.199732294482398487e-01,9.432064603556294946e-01,4.492814437591618471e-01,-2.803327143903734317e-02,2.935702883515104236e-02,-3.996787362512022046e-02,7.871797295832022590e-02,4.456245905573975180e-02,1.417214876458331232e-02,-8.602247044565536349e-02,-1.528924269678883473e-02,-7.775053461209809058e-02,8.400120037670405493e-02,3.185595967719282218e+00,-1.187045245445342984e-02,-8.181882344027666676e-01
4.600000000000000000e+03,-3.556683923871605674e-02,-7.384809421703947274e-02,-4.395734932068558892e-02,7.017916011039862512e-02,-6.965561453809674397e-01,-4.208080841020018781e-01,1.076236006850438270e-01,1.829064072813757838e-02,5.169776201421635159e-02,-6.199732294482398487e-01,9.432064603556294946e-01,4.505110794695272314e-01,-2.803327143903734317e-02,3.298349438706094094e-02,-3.996787362512022046e-02,7.871797295832022590e-02,4.445993337014527563e-02,1.417214876458331406e-02,-8.602247044565536349e-02,-1.528086289560297642e-02,-7.812801389299423027e-02,8.420824925688014106e-02,3.170229744781516867e+00,-1.187045245445342984e-02,-8.166723192172558043e-01
4.700000000000000000e+03,-3.556683923871605674e-02,-4.297275245961940798e-02,-4.233941892706439419e-02,6.988519966060030564e-02,-6.965561453809674397e-01,-4.160595272916977061e-01,1.233920651163659954e-01,1.829064072813757838e-02,5.178573109461127172e-02,-6.175457752560862268e-01,9.432064603556294946e-01,4.492814437591618471e-01,-2.803327143903734317e-02,3.298349438706094094e-02,-3.996787362512022046e-02,7.871797295832022590e-02,5.239335239090001789e-02,7.928271658463541260e-03,-8.290772587717826214e-02,-1.596452869913440875e-02,-7.785681148097454984e-02,8.429588276298456695e-02,3.170229744781516867e+00,-1.187045245445342984e-02,-8.166723192172558043e-01
4.800000000000000000e+03,-3.592406483290996877e-02,-4.333775263213923007e-02,-4.233941892706439419e-02,6.988519966060030564e-02,-6.965561453809674397e-01,-4.173976981887490556e-01,1.695092793767681849e-01,1.829064072813757838e-02,5.178573109461127172e-02,-6.199732294482398487e-01,9.432064603556294946e-01,4.492814437591618471e-01,-2.803327143903734317e-02,3.307300213136463857e-02,-3.996787362512022046e-02,1.101301492928771636e-01,5.248414217386913189e-02,8.000981145507733358e-03,-8.602247044565536349e-02,-1.596452869913440875e-02,-6.697989550710420348e-02,8.429588276298456695e-02,3.170229744781516867e+00,-1.481053384225820488e-02,-8.166723192172558043e-01
4.900000000000000000e+03,-3.556683923871605674e-02,-2.508845396883562298e-02,-4.233941892706439419e-02,7.220887304010004115e-02,-6.965561453809674397e-01,-5.959748089390417558e-01,1.676183195961535588e-01,1.829064072813757838e-02,5.172802682345527259e-02,-6.199732294482398487e-01,9.393186340502700515e-01,4.492814437591618471e-01,-2.803327143903734317e-02,3.298349438706094094e-02,-3.996787362512022046e-02,1.107344095195176847e-01,5.441472852645309194e-02,7.968723068168297868e-03,-8.602247044565536349e-02,-1.597326683314291215e-02,-6.908745290022631769e-02,8.429588276298456695e-02,3.170229744781516867e+00,-1.517804401573379959e-02,-8.166723192172558043e-01
5.000000000000000000e+03,-3.556683923871605674e-02,-2.294168623706922122e-02,-4.233941892706439419e-02,3.829089356039973996e-02,-7.123995648015308824e-01,-5.668184641959170822e-01,1.676183195961535588e-01,1.829064072813757838e-02,4.998814483176460682e-02,-6.213772932893901757e-01,9.432064603556294946e-01,4.492814437591618471e-01,-2.803327143903734317e-02,3.298349438706094094e-02,-3.984127757198684117e-02,1.136420853765767874e-01,5.582757592867818724e-02,7.621249913258693574e-03,-8.602247044565536349e-02,-1.867899389250187933e-02,-6.908745290022631769e-02,8.429588276298456695e-02,3.170229744781516867e+00,-1.516863837630558383e-02,-8.166723192172558043e-01
5.100000000000000000e+03,-3.393161788054747247e-02,-2.294168623706922122e-02,-3.617771025767177462e-02,3.829089356039973996e-02,-7.123995648015308824e-01,-5.668184641959170822e-01,1.687654750342503229e-01,1.829064072813757838e-02,5.056812175658279007e-02,-6.199732294482398487e-01,9.432064603556294946e-01,4.507474477795543888e-01,-2.803327143903734317e-02,3.298349438706094094e-02,-3.996787362512022046e-02,1.136452324749937931e-01,5.471462935989671039e-02,7.822846710771019785e-03,-8.602247044565536349e-02,-1.596452869913440875e-02,-6.908745290022631769e-02,8.429588276298456695e-02,3.170229744781516867e+00,-1.547953908800039739e-02,-8.166723192172558043e-01
5.200000000000000000e+03,-2.084984701519874278e-02,-2.294168623706922122e-02,-3.540749667399770845e-02,5.356400520665115933e-02,-7.123995648015308824e-01,-5.668184641959170822e-01,1.676183195961535588e-01,1.829064072813757838e-02,5.056812175658279007e-02,-6.225387004263589485e-01,9.432064603556294946e-01,4.492814437591618471e-01,-2.803327143903734317e-02,4.176659834607132638e-02,-3.996787362512022046e-02,1.103548406287641892e-01,5.582757592867818724e-02,9.982853968804833097e-03,-8.602247044565536349e-02,-1.993510471108499854e-02,-6.908745290022631769e-02,8.429588276298456695e-02,3.170229744781516867e+00,-2.034437926209856778e-02,-8.166723192172558043e-01
5.300000000000000000e+03,-2.084984701519874278e-02,-2.294168623706922122e-02,-3.546546434098039879e-02,5.356400520665115933e-02,-7.123995648015308824e-01,-5.644341359864492036e-01,1.676183195961535588e-01,1.829064072813757838e-02,5.056812175658279007e-02,-6.199732294482398487e-01,9.430459480645498882e-01,4.492814437591618471e-01,-2.803327143903734317e-02,4.207889646233536202e-02,-3.996787362512022046e-02,1.136420853765767874e-01,6.509801966799438899e-02,9.982853968804833097e-03,-8.602247044565536349e-02,-2.519329187549427390e-02,-6.908745290022631769e-02,8.433291879869489471e-02,3.182154860417298892e+00,-1.643386669416323567e-02,-8.166723192172558043e-01
5.400000000000000000e+03,-2.084984701519874278e-02,-2.316111317007379239e-02,-3.540749667399770845e-02,4.180905108618797328e-02,-7.123995648015308824e-01,-5.668184641959170822e-01,2.071134670194331451e-01,1.829064072813757838e-02,4.840362246222226078e-02,-6.199732294482398487e-01,9.432064603556294946e-01,4.492814437591618471e-01,-2.803327143903734317e-02,4.188770319468125558e-02,-3.996787362512022046e-02,6.954587918979424077e-02,6.506185696015687192e-02,7.715173904129481001e-03,-9.970160694223527409e-02,-2.519329187549427390e-02,-6.908745290022631769e-02,8.429588276298456695e-02,3.170229744781516867e+00,-1.683094910157702587e-02,-8.166723192172558043e-01
5.500000000000000000e+03,-2.084984701519874278e-02,-1.811632834133927381e-02,-3.659462045214215836e-02,4.180905108618797328e-02,-7.123995648015308824e-01,-5.668184641959170822e-01,2.154971969551728317e-01,1.829064072813757838e-02,5.056812175658279007e-02,-6.199732294482398487e-01,9.432064603556294946e-01,4.492814437591618471e-01,-2.803327143903734317e-02,4.188770319468125558e-02,-3.996787362512022046e-02,6.905602024695921271e-02,5.377209756948654606e-02,7.414837347037939695e-03,-9.970160694223527409e-02,-2.517994305069712335e-02,-6.908745290022631769e-02,8.429588276298456695e-02,3.170229744781516867e+00,-2.877929826398405513e-02,-8.166723192172558043e-01
5.600000000000000000e+03,-2.084984701519874278e-02,-2.344612289253319645e-02,-3.659462045214215836e-02,5.591694683215941292e-02,-7.123995648015308824e-01,-5.668184641959170822e-01,2.154971969551728317e-01,1.829064072813757838e-02,6.278213692528826495e-02,-6.199732294482398487e-01,9.432064603556294946e-01,4.493024309308479847e-01,-2.812394741195503589e-02,2.204710978353170009e-02,-3.996787362512022046e-02,6.560904041684070820e-02,5.340483585473875666e-02,8.124709530658991499e-03,-1.024070931679545438e-01,-2.873682117831603475e-02,-6.940408706004014272e-02,8.459842456948163392e-02,3.157894233359048730e+00,-2.881292728805122036e-02,-8.166723192172558043e-01
5.700000000000000000e+03,-2.084984701519874278e-02,-2.349362408734856703e-02,-3.659462045214215836e-02,3.273038598677502353e-02,-7.123995648015308824e-01,-5.669212768302702710e-01,2.078871375405575150e-01,1.829064072813757838e-02,8.877667087808682744e-02,-5.177565059241042711e-01,9.432064603556294946e-01,4.492814437591618471e-01,-2.803327143903734317e-02,2.194144956377620456e-02,-3.996787362512022046e-02,6.361621560969685230e-02,6.845178882967077605e-02,8.124709530658991499e-03,-1.024070931679545438e-01,-2.493645364336364439e-02,-8.033375717484515788e-02,8.429588276298456695e-02,3.170229744781516867e+00,-2.881292728805122036e-02,-8.149249526385159426e-01
5.800000000000000000e+03,-2.084984701519874278e-02,-2.344612289253319645e-02,-3.659462045214215836e-02,3.273038598677502353e-02,-7.123995648015308824e-01,-5.668184641959170822e-01,2.154971969551728317e-01,1.819902070031378244e-02,8.572094491396486937e-02,-5.189041550139741332e-01,9.432064603556294946e-01,4.514247001109824575e-01,-2.803327143903734317e-02,4.251890346413975813e-02,-3.980269328234824211e-02,6.390818830544058027e-02,6.845178882967077605e-02,1.069574965236512465e-02,-1.024070931679545438e-01,-3.056564751664096052e-02,-8.063044248439102391e-02,8.429588276298456695e-02,3.170229744781516867e+00,-2.881292728805122036e-02,-8.166723192172558043e-01
5.900000000000000000e+03,-1.166415759936449692e-02,-2.338045549008862731e-02,-3.659462045214215836e-02,3.273038598677502353e-02,-7.123995648015308824e-01,-5.668184641959170822e-01,2.154971969551728317e-01,1.829064072813757838e-02,8.562562317481860197e-02,-5.159223516522831732e-01,9.439897976518537570e-01,4.492814437591618471e-01,-2.803327143903734317e-02,3.529456884164630659e-02,-3.996787362512022046e-02,6.560710404457853473e-02,6.337003219178770352e-02,1.074089465020819367e-02,-1.024070931679545438e-01,-3.056564751664096052e-02,-8.067079719019785988e-02,8.429588276298455307e-02,3.170229744781516867e+00,-2.954245940206180407e-02,-8.166723192172558043e-01
6.000000000000000000e+03,-6.994720692319506689e-03,-2.420567174347631328e-02,-3.659462045214215836e-02,3.273038598677502353e-02,-7.123995648015308824e-01,-5.668184641959170822e-01,2.154971969551728317e-01,1.829064072813757838e-02,8.553848602318224470e-02,-5.177565059241042711e-01,9.421385071042346349e-01,4.492814437591618471e-01,-2.803327143903734317e-02,3.438114722271033707e-02,-3.989533396143495753e-02,7.659521691653468911e-02,5.416496488332680354e-02,1.072955968075880138e-02,-1.024070931679545438e-01,-3.061975026793065102e-02,-8.067079719019785988e-02,8.429588276298456695e-02,3.170229744781516867e+00,-4.880364932429599734e-02,-8.148287103128222242e-01
6.100000000000000000e+03,-6.404745508339926459e-03,-2.344612289253319645e-02,-3.659462045214215836e-02,3.273038598677502353e-02,-7.123995648015308824e-01,-3.040717912580950255e-01,2.155260163864505529e-01,1.829064072813757838e-02,8.536564505830405991e-02,-5.177565059241042711e-01,9.432064603556294946e-01,4.476374523294962549e-01,-2.803327143903734317e-02,3.439031909054824504e-02,-3.996787362512022046e-02,7.697566910218109348e-02,5.397494364813971296e-02,1.074089465020819367e-02,-1.024070931679545438e-01,-2.884306678938697299e-02,-6.374653651829542689e-02,8.426544279083382494e-02,3.170229744781516867e+00,-5.130248957882665301e-02,-8.166723192172558043e-01
6.200000000000000000e+03,-6.404745508339926459e-03,-2.344612289253319645e-02,-3.662781360797592173e-02,3.129670078269022881e-02,-7.123995648015308824e-01,-3.040717912580950255e-01,2.240737019264261998e-01,1.829064072813757838e-02,8.141947014527629867e-02,-5.177565059241042711e-01,9.432064603556294946e-01,4.492814437591618471e-01,-2.803327143903734317e-02,2.513681266370709419e-02,-3.996787362512022046e-02,7.666810136332957715e-02,5.411812958513998600e-02,1.057343327716754253e-02,-1.024070931679545438e-01,-2.170628387807795046e-02,-6.374653651829542689e-02,8.429588276298456695e-02,3.170229744781516867e+00,-6.464520068828015498e-02,-8.166723192172558043e-01
6.300000000000000000e+03,-6.404745508339926459e-03,-2.225290879633032987e-02,-3.232417749003701352e-02,3.265985523629042625e-02,-7.123995648015308824e-01,-1.854795760743818411e-01,2.154971969551728317e-01,1.829064072813757838e-02,8.553848602318224470e-02,-5.177565059241042711e-01,9.432064603556294946e-01,4.492814437591618471e-01,-2.803327143903734317e-02,2.507506590322225795e-02,-3.996787362512022046e-02,7.650377005998781899e-02,4.855096046847734437e-02,7.480459456419824744e-03,-1.024070931679545438e-01,-2.163969172054126811e-02,-6.394491678531019629e-02,8.418592916093889378e-02,3.168434936550035719e+00,-6.435993046351058677e-02,-8.166723192172558043e-01
6.400000000000000000e+03,-7.346630568846396030e-03,-2.352653324618167799e-02,-3.596374936424599073e-02,3.197492517911842275e-02,-7.123995648015308824e-01,-1.706555491764175925e-01,1.832514353842020771e-01,1.829064072813757838e-02,8.964600539060169071e-02,-5.164476183485141592e-01,9.432064603556294946e-01,4.505052742386189135e-01,-2.803327143903734317e-02,2.513681266370709419e-02,-3.996787362512022046e-02,7.659521691653468911e-02,4.784920991662113682e-02,2.846686800967777962e-03,-1.005889763907768936e-01,-2.005150948194552030e-02,-6.374653651829542689e-02,8.429588276298456695e-02,3.170229744781516867e+00,-4.818625523244939729e-02,-8.166723192172558043e-01
6.500000000000000000e+03,-7.464366201409701473e-03,-2.344612289253319645e-02,-3.596374936424599073e-02,3.422578358790321490e-02,-7.123995648015308824e-01,-1.712305607841448918e-01,1.832514353842020771e-01,1.829064072813757838e-02,8.618261334163232479e-02,-5.177565059241042711e-01,9.432064603556294946e-01,4.492814437591618471e-01,-2.803435579895561039e-02,2.958585912613059463e-02,-3.996787362512022046e-02,7.659521691653468911e-02,4.784920991662113682e-02,2.835783587472497438e-03,-1.024070931679545438e-01,-1.473361695246900790e-02,-6.363526112215585340e-02,8.451846205219826214e-02,3.170229744781516867e+00,-4.982108907523280505e-02,-8.236367916239611953e-01
6.600000000000000000e+03,-8.830138436040493172e-03,-2.336582540369870620e-02,-3.595768249387820692e-02,3.283824257461468582e-02,-7.123995648015308824e-01,-1.713189839460030617e-01,1.801571272544644220e-01,1.829064072813757838e-02,8.553848602318224470e-02,-4.301329886232331812e-01,9.432064603556294946e-01,4.492814437591618471e-01,-2.803327143903734317e-02,3.688544620612486946e-02,-3.990666262959809835e-02,7.659521691653468911e-02,4.800838225193912456e-02,2.835783587472497438e-03,-1.024070931679545438e-01,-1.965321247363266410e-02,-6.374653651829542689e-02,8.429588276298456695e-02,3.170229744781516867e+00,-4.982108907523280505e-02,-8.166723192172558043e-01
6.700000000000000000e+03,-8.830138436040493172e-03,-2.355039023080588920e-02,-3.736639947572035353e-02,2.073824546284728718e-02,-7.123995648015308824e-01,-1.711687001567755440e-01,1.832514353842020771e-01,1.829064072813757838e-02,6.051570603169201951e-02,-6.174990316770628818e-01,9.432064603556294946e-01,4.492814437591618471e-01,-2.803327143903734317e-02,5.048017162814365244e-02,-3.996787362512022046e-02,7.659521691653468911e-02,4.776660868671801785e-02,2.962938475988050654e-03,-1.460315990260232233e-01,-1.970104333505307351e-02,-6.374653651829542689e-02,8.429588276298456695e-02,3.170229744781516867e+00,-4.982108907523280505e-02,-8.201141559498483780e-01
6.800000000000000000e+03,-8.830138436040493172e-03,-2.754973737715541576e-02,-3.738876994778426999e-02,2.073824546284728718e-02,-7.123995648015308824e-01,-1.706555491764175925e-01,1.832514353842020771e-01,1.829064072813757838e-02,6.684153767066637608e-02,-6.168635896201899449e-01,9.432064603556294946e-01,4.492814437591618471e-01,-2.803327143903734317e-02,5.048017162814365244e-02,-3.996787362512022046e-02,7.659521691653468911e-02,4.784920991662113682e-02,2.966496838415970654e-03,-1.514846622582818048e-01,-1.965321247363266410e-02,-4.060056431223833112e-02,8.429588276298456695e-02,3.170229744781516867e+00,-6.639663690109141869e-02,-8.166723192172558043e-01
6.900000000000000000e+03,-8.489716353193401191e-03,-2.754973737715541576e-02,-3.738876994778426999e-02,2.073824546284728718e-02,-7.123995648015308824e-01,-1.695778905246742296e-01,1.900111116073415207e-01,1.829064072813757838e-02,6.684153767066637608e-02,-8.992001738387308540e-01,9.432064603556294946e-01,4.492814437591618471e-01,-2.803327143903734317e-02,5.067240321967005079e-02,-3.996787362512022046e-02,6.254812570691242746e-02,4.784920991662113682e-02,2.966496838415970654e-03,-1.514846622582818048e-01,-1.971949346009219464e-02,-4.060056431223833112e-02,8.429588276298456695e-02,3.170229744781516867e+00,-6.640965438272218579e-02,-8.166723192172558043e-01
7.000000000000000000e+03,-1.181201722394211936e-02,-2.676258471256070734e-02,-3.738876994778426999e-02,2.073824546284728718e-02,-7.123995648015308824e-01,-2.300465508943835280e-01,1.832514353842020771e-01,1.830060542961775560e-02,6.690410908780815291e-02,-8.992001738387308540e-01,9.432064603556294946e-01,4.492814437591618471e-01,-2.803327143903734317e-02,5.570721817929444319e-02,-3.996787362512022046e-02,6.091776987914104824e-02,4.784920991662113682e-02,2.966496838415970654e-03,-1.514846622582818048e-01,-2.569861773661465468e-02,-2.264432629595381288e-02,8.438278949707907206e-02,3.170229744781516867e+00,-6.640965438272218579e-02,-8.166723192172558043e-01
7.100000000000000000e+03,-1.181201722394211936e-02,-2.754973737715541576e-02,-3.738876994778426999e-02,2.073824546284728718e-02,-7.500228333281326876e-01,-2.300465508943835280e-01,1.832514353842020771e-01,1.829064072813757838e-02,6.578834073403215521e-02,-8.992001738387308540e-01,9.432064603556294946e-01,4.492814437591618471e-01,-2.803327143903734317e-02,5.570721817929444319e-02,-3.996787362512022046e-02,6.091776987914104824e-02,6.762076269688677144e-02,2.966496838415970654e-03,-1.514846622582818048e-01,-2.495544996817893393e-02,-2.268127915310502382e-02,8.467716454558191219e-02,3.170229744781516867e+00,-6.640965438272218579e-02,-8.166723192172558043e-01
7.200000000000000000e+03,-1.181201722394211936e-02,-2.754973737715541576e-02,-3.738876994778426999e-02,2.073824546284728718e-02,-1.000696946480403193e+00,-2.300465508943835280e-01,1.832514353842020771e-01,1.829064072813757838e-02,6.684153767066637608e-02,-8.992001738387308540e-01,9.432064603556294946e-01,4.492814437591618471e-01,-2.803327143903734317e-02,7.982754040845742305e-02,-3.996787362512022046e-02,7.429958066074184020e-02,6.762076269688677144e-02,2.223771689774945316e-03,-1.514846622582818048e-01,-2.569861773661465468e-02,-2.268127915310502382e-02,8.429588276298456695e-02,3.170229744781516867e+00,-6.640965438272218579e-02,-8.166723192172558043e-01
7.300000000000000000e+03,-1.181201722394211763e-02,-2.771204087319933257e-02,-3.738876994778426999e-02,2.073824546284729065e-02,-1.000696946480403193e+00,-2.172072832257424813e-01,1.832242910214167686e-01,1.824304221231544745e-02,6.648461455487121585e-02,-8.992001738387307430e-01,9.432064603556294946e-01,4.492814437591618471e-01,-2.803327143903734317e-02,6.567786420207905040e-02,-3.996787362512022046e-02,7.403358912223496902e-02,6.762076269688677144e-02,2.147121207794026876e-03,-1.514846622582818048e-01,-2.569861773661465815e-02,-2.224660730626855029e-02,8.403777731605960311e-02,3.170229744781516867e+00,-6.634202121000234986e-02,-8.166723192172558043e-01
7.400000000000000000e+03,-1.181201722394211936e-02,-2.754973737715541576e-02,-3.738489398866696317e-02,1.965349966531604320e-02,-1.000696946480403193e+00,-2.155839275435008362e-01,1.832514353842020771e-01,1.829064072813757838e-02,6.660543936185990554e-02,-8.947169854969921898e-01,9.432064603556294946e-01,4.492814437591618471e-01,-2.803327143903734317e-02,6.567786420207903653e-02,-3.996787362512022046e-02,7.470503565755014230e-02,6.304140569931987459e-02,2.226619676369220174e-03,-1.514846622582818048e-01,-2.697648814094566819e-02,-2.268127915310502382e-02,8.429588276298456695e-02,3.170229744781516867e+00,-6.640965438272218579e-02,-8.166723192172558043e-01
7.500000000000000000e+03,-1.261854919617159260e-02,-2.754973737715541576e-02,-3.738876994778426999e-02,2.073824546284728718e-02,-8.430970878334660412e-01,-2.155839275435008362e-01,2.195570746848154176e-01,1.825611428930094121e-02,6.684153767066637608e-02,-8.695482173443115359e-01,9.432064603556294946e-01,4.492814437591618471e-01,-2.803327143903734317e-02,6.567786420207903653e-02,-3.996787362512022046e-02,7.429958066074184020e-02,4.965313912339486269e-02,2.223771689774945316e-03,-1.090143492682967008e-01,-2.569861773661465468e-02,-2.358388293160264965e-02,8.429588276298456695e-02,3.170229744781516867e+00,-7.733771340265659100e-02,-8.166723192172558043e-01
7.600000000000000000e+03,-1.181201722394211936e-02,-2.754973737715541576e-02,-3.738876994778426999e-02,2.901300139989092947e-02,-8.430970878334660412e-01,-2.155839275435008362e-01,2.188712679307688869e-01,1.829064072813757838e-02,6.684153767066637608e-02,-8.992001738387308540e-01,9.432064603556294946e-01,4.496023713855859527e-01,-2.803327143903734317e-02,6.567786420207903653e-02,-3.996787362512022046e-02,7.176903879645304962e-02,4.797960580140427783e-02,2.223771689774945316e-03,-1.263323556775604872e-01,-2.569861773661465468e-02,-2.200724594910960508e-02,8.429588276298456695e-02,3.170229744781516867e+00,-7.898512185382038087e-02,-8.166723192172558043e-01
7.700000000000000000e+03,-1.181201722394211936e-02,-3.917627328609707416e-02,-3.870113430573239588e-02,1.814098148232008018e-02,-8.430970878334660412e-01,-2.155839275435008362e-01,2.195837533456183321e-01,1.829064072813757838e-02,6.692052408316344347e-02,-8.992001738387308540e-01,9.432064603556294946e-01,4.489793038525249913e-01,-2.803260021317696693e-02,6.834338513645059343e-02,-3.996787362512022046e-02,7.750748593418119170e-02,4.797960580140427783e-02,2.223771689774945316e-03,-1.263323556775604872e-01,-2.569861773661465468e-02,-1.661498031714625859e-02,8.429588276298456695e-02,3.170229744781516867e+00,-7.891043962552896085e-02,-8.146968070353463043e-01
7.800000000000000000e+03,-1.181201722394211936e-02,-3.917627328609707416e-02,-3.918262804931094134e-02,1.875454973489704830e-02,-8.430970878334660412e-01,-2.161057153179602452e-01,2.188712679307688869e-01,1.829064072813757838e-02,5.564926629464887753e-02,-8.992001738387308540e-01,9.432064603556294946e-01,4.492814437591618471e-01,-2.803327143903734317e-02,6.834338513645059343e-02,-3.996787362512022046e-02,6.888276318306829626e-02,4.797960580140427783e-02,3.198290625653871927e-03,-1.260696819185008755e-01,-2.569861773661465468e-02,-1.682997361547874243e-02,8.425422961423345569e-02,3.184629224618245047e+00,-7.859781497952264551e-02,-8.166723192172558043e-01
7.900000000000000000e+03,-1.473863202277845945e-02,-2.742240619905109145e-02,-3.918262804931094134e-02,1.802593966177659657e-02,-8.430970878334660412e-01,-2.155839275435008362e-01,2.198185235481616429e-01,1.827823898213837631e-02,5.425023237264672837e-02,-8.992001738387308540e-01,9.432064603556294946e-01,4.492814437591618471e-01,-2.803327143903734317e-02,6.701918395144768059e-02,-3.996787362512022046e-02,7.703606349545920329e-02,4.797960580140427783e-02,2.663463911883722206e-03,-1.263323556775604872e-01,-1.642992911024617267e-02,-1.653731975537888615e-02,8.405003311427919344e-02,3.170229744781516867e+00,-7.870372078014838124e-02,-8.166723192172558043e-01
8.000000000000000000e+03,-1.473863202277845945e-02,-2.745969578286321100e-02,-3.918262804931094134e-02,1.814098148232008018e-02,-8.430970878334660412e-01,-2.155839275435008362e-01,1.833867087851051847e-01,1.829064072813757838e-02,5.423848133022961954e-02,-9.372339795407276242e-01,9.432064603556294946e-01,4.492814437591618471e-01,-2.809727228190154677e-02,8.219249004883907861e-02,-3.996787362512022046e-02,7.703606349545920329e-02,5.465315390597112050e-02,3.198290625653871927e-03,-1.263323556775604872e-01,-1.522092151568234068e-02,-1.661498031714625859e-02,8.429588276298456695e-02,3.170229744781516867e+00,-7.870372078014838124e-02,-8.166723192172558043e-01
8.100000000000000000e+03,-1.473863202277845945e-02,-2.745969578286321100e-02,-3.918262804931094134e-02,1.814098148232008018e-02,-8.411090372117294711e-01,-1.368313653778171768e-01,1.833867087851051847e-01,1.829064072813757838e-02,5.455647424500738307e-02,-7.537354451566511404e-01,9.432064603556294946e-01,4.492814437591618471e-01,-2.803327143903734317e-02,8.392362816288762017e-02,-3.996787362512022046e-02,7.703606349545920329e-02,4.035512655312956110e-02,2.599438384714644612e-03,-1.263323556775604872e-01,-1.559275954563288900e-02,-1.661498031714625859e-02,8.434416822445178763e-02,3.161466745679628154e+00,-7.880648181389850182e-02,-8.166723192172558043e-01
8.200000000000000000e+03,-8.682877944400577142e-03,-2.745969578286321100e-02,-3.924146171906454234e-02,1.637708516692762753e-02,-8.430970878334660412e-01,-7.764905580943128049e-02,1.826157580629343413e-01,1.829064072813757838e-02,4.825797678371913924e-02,-7.537354451566511404e-01,9.432064603556294946e-01,4.492814437591618471e-01,-2.803327143903734317e-02,8.392362816288762017e-02,-3.996787362512022046e-02,7.703606349545920329e-02,5.358765470169785800e-02,2.459347394511866933e-03,-1.263323556775604872e-01,-1.559275954563288900e-02,-1.661498031714625859e-02,8.439443149874863159e-02,3.170229744781516867e+00,-7.865281122276437942e-02,-8.132905603602100797e-01
8.300000000000000000e+03,-7.925908684603334697e-03,-2.745969578286321100e-02,-4.296494099265282113e-02,1.619860602615898551e-02,-8.430970878334660412e-01,-7.025126711338305907e-02,1.829466116747317517e-01,1.830655223098229603e-02,4.526195910108220255e-02,-7.537354451566511404e-01,9.432064603556294946e-01,4.492814437591618471e-01,-2.803327143903734317e-02,6.766558843169374893e-02,-3.996787362512022046e-02,4.832963913277360524e-02,5.524172072026888730e-02,2.724187157539920655e-03,-1.263323556775604872e-01,-1.361473185345352457e-02,-1.661498031714625859e-02,8.429588276298456695e-02,3.158803453640748327e+00,-7.870372078014838124e-02,-8.166723192172558043e-01
8.400000000000000000e+03,-7.925908684603334697e-03,-2.749012076357979992e-02,-4.296494099265282113e-02,2.139836200579801548e-02,-8.430970878334660412e-01,-7.025126711338305907e-02,1.833867087851051847e-01,1.829064072813757838e-02,4.526195910108220255e-02,-7.537354451566511404e-01,9.432064603556294946e-01,4.486335029566635435e-01,-2.803327143903734317e-02,6.554161936529880050e-02,-3.996787362512022046e-02,4.920210908874009942e-02,5.524172072026888730e-02,2.564307723527746441e-03,-1.263323556775604872e-01,-1.336747839193110250e-02,-1.661498031714625859e-02,8.429588276298456695e-02,3.170229744781516867e+00,-7.870372078014838124e-02,-8.166723192172558043e-01
8.500000000000000000e+03,-7.925908684603334697e-03,-2.745969578286321100e-02,-4.296494099265282113e-02,2.136352942056601520e-02,-8.916609863243819545e-01,-7.025126711338305907e-02,1.833867087851051847e-01,1.821946236130383978e-02,4.526195910108220255e-02,-7.537354451566511404e-01,9.432064603556294946e-01,4.492814437591618471e-01,-2.803327143903734317e-02,7.723997076058332356e-02,-3.996787362512022046e-02,6.093483820649703286e-02,4.049419977638277213e-02,2.486846031232219090e-03,-1.018042201174326061e-01,-1.269132357811380771e-02,-1.590516151162993039e-02,8.411676980410617843e-02,3.182785298602407664e+00,-7.870372078014838124e-02,-8.166723192172558043e-01
8.600000000000000000e+03,-7.925908684603334697e-03,-2.733949256648379039e-02,-4.296494099265282113e-02,2.139836200579801548e-02,-8.916609863243819545e-01,-7.025126711338305907e-02,1.746282209047467782e-01,1.829352532076009355e-02,4.467474505766760168e-02,-7.537354451566511404e-01,9.432064603556294946e-01,4.492814437591618471e-01,-2.809045064867217792e-02,1.113770764081195991e-01,-3.996787362512022046e-02,4.419018859541060801e-02,4.049419977638277213e-02,1.292273356644579787e-03,-7.727608455730457238e-02,-1.334193619332364918e-02,-1.590799201468747620e-02,8.429588276298456695e-02,3.170229744781516867e+00,-7.836582592619943666e-02,-8.141665961927820883e-01
8.700000000000000000e+03,-7.925908684603334697e-03,-1.715574726040420411e-02,-4.296494099265282113e-02,2.137676729301144288e-02,-8.916609863243819545e-01,-7.025126711338305907e-02,1.833867087851051847e-01,1.829064072813757838e-02,5.082984499314510685e-02,-7.537354451566511404e-01,9.432064603556294946e-01,4.492814437591618471e-01,-2.801083157857824080e-02,1.056017948870545536e-01,-3.996787362512022046e-02,4.356369853374442852e-02,4.049419977638277213e-02,1.141368351840556716e-03,-7.114405066727254312e-02,-1.336747839193110250e-02,-1.661498031714625859e-02,8.429588276298456695e-02,3.170229744781516867e+00,-7.870372078014838124e-02,-8.166723192172558043e-01
8.800000000000000000e+03,-7.925908684603334697e-03,-1.718894937293113934e-02,-7.341503126596922446e-02,2.139431234813107471e-02,-8.916609863243819545e-01,-7.025126711338305907e-02,1.833867087851051847e-01,1.829064072813757838e-02,5.082984499314510685e-02,-7.749544184492108689e-01,9.432064603556294946e-01,4.492814437591618471e-01,-2.794552704833649232e-02,1.050795285851384292e-01,-3.991368540125057179e-02,4.363010826062781872e-02,5.514954476208775574e-02,1.383532204030732665e-03,-7.114405066727254312e-02,-1.336747839193110250e-02,-1.661498031714625859e-02,8.399257893151328147e-02,3.170229744781516867e+00,-1.023030274028387948e-01,-8.166723192172558043e-01
8.900000000000000000e+03,-7.905897586442323793e-03,-1.718894937293113934e-02,-6.506707464409806907e-02,1.568573973603816854e-02,-8.916609863243819545e-01,-7.025126711338305907e-02,1.842728378894871732e-01,1.829064072813757838e-02,5.082984499314510685e-02,-5.965355965222162160e-01,9.432064603556294946e-01,4.492814437591618471e-01,-2.808838185451777852e-02,1.056017948870545536e-01,-3.996787362512022046e-02,4.348074151738057919e-02,5.514954476208775574e-02,1.383532204030732665e-03,-7.114405066727254312e-02,-1.334599802247650457e-02,-1.661498031714625859e-02,8.429588276298456695e-02,3.155479384428548695e+00,-1.028122273585518054e-01,-8.166723192172558043e-01
9.000000000000000000e+03,-7.925908684603334697e-03,-1.718894937293113934e-02,-6.523653455687203340e-02,1.568573973603816854e-02,-8.916609863243819545e-01,-7.025126711338305907e-02,1.833867087851051847e-01,1.829064072813757838e-02,5.082984499314510685e-02,-7.031525128189453078e-01,9.432064603556294946e-01,4.492814437591618471e-01,-2.803327143903734317e-02,1.005998481660029392e-01,-3.996787362512022046e-02,4.348074151738057919e-02,5.514954476208775574e-02,1.383532204030732665e-03,-7.114405066727254312e-02,-1.336747839193110250e-02,-1.661498031714625859e-02,8.437887425715401291e-02,3.170229744781516867e+00,-7.721024785911696775e-02,-8.166723192172558043e-01
9.100000000000000000e+03,-7.925908684603334697e-03,-1.718894937293113934e-02,-6.494152829111836389e-02,1.477844968130483105e-02,-8.916609863243819545e-01,-7.367040827654747215e-02,2.453856392159867450e-01,1.834359025252709288e-02,5.082984499314510685e-02,-7.031525128189453078e-01,9.432064603556294946e-01,4.492814437591618471e-01,-2.803327143903734317e-02,4.658831633112087839e-02,-3.996787362512022046e-02,4.348074151738057919e-02,5.514954476208775574e-02,1.688353821891079793e-03,-7.106189088593209413e-02,-1.348361768134941942e-02,-1.661498031714625859e-02,8.429588276298456695e-02,3.170229744781516867e+00,-7.407365041615165957e-02,-8.167913858479982636e-01
9.200000000000000000e+03,-4.348246585949995177e-03,-1.718894937293113934e-02,-6.514100525284037546e-02,1.207281455051258459e-02,-8.916609863243819545e-01,-7.409780092194305501e-02,2.531355055198470372e-01,1.829064072813757838e-02,4.210256934988476640e-02,-7.031525128189453078e-01,9.432064603556294946e-01,4.492814437591618471e-01,-2.800201109736034227e-02,3.137684254027861552e-02,-3.996787362512022046e-02,4.348074151738057919e-02,6.428836510479031541e-02,1.904124997594155381e-03,-7.114405066727254312e-02,-1.797771492917239061e-02,-1.661498031714625859e-02,8.429588276298456695e-02,3.170229744781516867e+00,-7.407365041615165957e-02,-8.166723192172558043e-01
9.300000000000000000e+03,-4.348246585949995177e-03,-1.547901227691854571e-02,-6.500510277007327808e-02,9.553072913588511392e-03,-8.916609863243819545e-01,-7.409780092194305501e-02,2.531355055198470372e-01,1.827764598397530263e-02,5.155107710943777899e-02,-1.011986656512791738e+00,9.477175040969432196e-01,4.492814437591618471e-01,-2.791652928242980766e-02,3.079666476647792070e-02,-3.996787362512022046e-02,3.210934671394437973e-02,7.277173939028262761e-02,1.913456295775791023e-03,-7.114405066727254312e-02,-1.792209270180655095e-02,-1.696035165719120968e-02,8.429588276298456695e-02,3.170229744781516867e+00,-7.407365041615165957e-02,-8.134184524450461806e-01
9.400000000000000000e+03,-4.148238191792993218e-03,-1.547901227691854571e-02,-6.506707464409806907e-02,9.548630753042066863e-03,-8.916609863243819545e-01,-7.409780092194305501e-02,2.531355055198470372e-01,1.842699868791998832e-02,5.155107710943777899e-02,-1.015903229176652545e+00,9.444328759753846114e-01,4.492814437591618471e-01,-2.803327143903734317e-02,3.079666476647792070e-02,-3.996787362512022046e-02,3.219107737421745413e-02,7.277173939028262761e-02,1.904124997594155381e-03,-7.114405066727254312e-02,-2.226281931333695327e-02,-1.661498031714625859e-02,8.429588276298456695e-02,3.165532115109713551e+00,-7.407365041615165957e-02,-8.166723192172558043e-01
9.500000000000000000e+03,-4.348246585949995177e-03,-2.360344411934761633e-02,-6.485570661435802187e-02,9.973127338196236674e-03,-8.909639766805786953e-01,-7.409780092194305501e-02,2.531355055198470372e-01,1.835197631355382081e-02,7.270164640281874535e-02,-1.014459167031348530e+00,9.428717690993496658e-01,4.492814437591618471e-01,-2.803327143903734317e-02,3.079666476647792070e-02,-3.996787362512022046e-02,3.220682961031037100e-02,8.056998533825122932e-02,1.904124997594155381e-03,-7.114405066727254312e-02,-2.257251304438274292e-02,-1.661498031714625859e-02,8.429588276298456695e-02,3.170229744781516867e+00,-7.407365041615165957e-02,-8.166723192172558043e-01
9.600000000000000000e+03,-4.348246585949995177e-03,-2.498072919492052776e-02,-6.506707464409806907e-02,1.485782666292430505e-02,-8.916609863243819545e-01,-7.409780092194305501e-02,2.531355055198470372e-01,1.829064072813757838e-02,7.282078360595026223e-02,-1.168051280352742305e+00,9.432064603556294946e-01,4.492814437591618471e-01,-2.803327143903734317e-02,3.078180107716740194e-02,-3.996787362512022046e-02,3.673348577543401189e-02,8.128478021791399333e-02,1.977603832861800012e-03,-7.114405066727254312e-02,-2.257251304438274292e-02,-1.661498031714625859e-02,8.429588276298456695e-02,3.170930846229993882e+00,-7.407365041615165957e-02,-8.166723192172558043e-01
9.700000000000000000e+03,-4.362555632308821353e-03,-2.498072919492052776e-02,-9.466368032282858336e-02,1.485782666292430505e-02,-8.916609863243819545e-01,-7.409780092194305501e-02,2.531355055198470372e-01,1.829064072813757838e-02,7.590824355575424842e-02,-1.014459167031348530e+00,9.432064603556294946e-01,4.492814437591618471e-01,-2.803327143903734317e-02,3.088986525149783544e-02,-3.996787362512022046e-02,3.673348577543401189e-02,8.089253644750660222e-02,1.977208467016735010e-03,-7.114405066727254312e-02,-2.257251304438274292e-02,-1.661498031714625859e-02,8.429588276298456695e-02,3.170229744781516867e+00,-7.407365041615165957e-02,-8.166723192172558043e-01
9.800000000000000000e+03,-4.365801587967539123e-03,-2.498072919492052776e-02,-9.466368032282858336e-02,1.487950706036872753e-02,-8.916609863243819545e-01,-7.409780092194305501e-02,2.215768657127476504e-01,1.829064072813757838e-02,7.590824355575424842e-02,-1.014459167031348530e+00,9.432064603556294946e-01,4.492814437591618471e-01,-2.803327143903734317e-02,3.064956335493088102e-02,-3.996787362512022046e-02,3.673348577543401189e-02,7.505385745077797210e-02,1.979904941287163010e-03,-7.114405066727254312e-02,-1.993840764408894364e-02,-1.661498031714625859e-02,8.429588276298456695e-02,3.170229744781516867e+00,-7.372349281028368895e-02,-8.126391299441521054e-01
9.900000000000000000e+03,-4.348246585949995177e-03,-2.498072919492052776e-02,-6.651443416059742153e-02,1.485782666292430505e-02,-8.916609863243819545e-01,-7.409780092194305501e-02,2.215768657127476504e-01,1.829064072813757838e-02,7.590824355575424842e-02,-1.014459167031348530e+00,9.432064603556294946e-01,4.492814437591618471e-01,-2.803327143903734317e-02,3.079666476647792070e-02,-4.008581322409552478e-02,3.499596086774369591e-02,7.505385745077797210e-02,1.977603832861800012e-03,-7.114405066727254312e-02,-2.016420037226317880e-02,-2.301204964922401799e-02,8.429588276298456695e-02,3.170229744781516867e+00,-6.967502748943421587e-02,-8.166723192172558043e-01
