-1.000000000000000000e+00,-1.044540035142408785e+00,1.009694219899082319e-02,-3.299331107281000541e-01,-1.279916964181289536e-02,-1.002647986600854191e-01,-5.402237046751415805e-01,-1.484936226623134910e-02,2.454342494217478965e+00,-7.585531390494096859e-01,-3.200942460195895789e-01,1.159211915001041593e+00,1.154918682914852640e-01,0.000000000000000000e+00,1.139416793716226284e+00,0.000000000000000000e+00,-3.584551402978007617e-02,1.848773785898161770e-01,7.423000333705317630e-03,4.639843648261798154e-02,8.880200619547534702e-02,2.472335038302890184e-02,9.924433397916399349e-03,9.371066420033842270e-01,-1.068425870712641057e+00,-6.770309245732381020e-01
0.000000000000000000e+00,-1.034117459824426710e+00,1.014706675834224116e-02,-3.299331107281000541e-01,-1.275525194808566597e-02,-9.991342095772716425e-02,-5.361372400953303696e-01,-1.477967236678596856e-02,2.454342494217478965e+00,-7.585531390494096859e-01,-3.310033049482366541e-01,1.159211915001041593e+00,1.154918682914852640e-01,0.000000000000000000e+00,1.118628113290785597e+00,0.000000000000000000e+00,-3.584551402978007617e-02,1.848773785898161770e-01,7.423000333705317630e-03,4.639843648261798154e-02,8.880200619547534702e-02,2.472335038302890531e-02,9.924433397916399349e-03,9.371066420033842270e-01,-1.072733066444988781e+00,-6.770309245732382131e-01
1.000000000000000000e+02,-9.867374234167699543e-01,8.903529228903684506e-03,-4.061096249195161878e-01,-1.275525194808566423e-02,-1.002055909526007732e-01,-5.356972207447004974e-01,-1.484936226623134910e-02,2.457174386577135383e+00,-7.585531390494096859e-01,-3.310399504210780885e-01,1.159211915001041371e+00,1.154918682914852640e-01,0.000000000000000000e+00,1.118628113290785597e+00,0.000000000000000000e+00,-3.584551402978008311e-02,1.839834132364521757e-01,7.398445789312512073e-03,4.639843648261798154e-02,8.880200619547534702e-02,2.474742235055742492e-02,9.924433397916399349e-03,9.371066420033842270e-01,-1.068425870712641057e+00,-6.770309245732383241e-01
2.000000000000000000e+02,-9.854135961792827025e-01,8.905051439324712659e-03,-4.254876815911046717e-01,-1.275525194808566597e-02,-1.002647986600854052e-01,-5.083487204483828625e-01,-1.485780730710563324e-02,2.436178875436977531e+00,-7.585531390494096859e-01,-3.310033049482366541e-01,1.159211915001041593e+00,1.155573888885803868e-01,1.409889533271831315e-04,1.113499374201090353e+00,0.000000000000000000e+00,-3.702791474904653518e-02,1.848773785898161770e-01,6.581520851218546596e-03,4.639843648261798154e-02,1.049017382201320042e-01,2.597193815441801307e-02,9.924433397916399349e-03,9.371066420033842270e-01,-1.068425870712641057e+00,-6.770309245732382131e-01
3.000000000000000000e+02,-9.867374234167699543e-01,8.903529228903684506e-03,-3.576246462692436179e-01,-7.792994200410823490e-03,-1.002647986600854052e-01,-5.086294125660287824e-01,-1.484936226623134910e-02,2.482504641569161841e+00,-7.585531390494096859e-01,-2.938732431553203739e-01,1.159211915001041371e+00,1.154918682914852640e-01,0.000000000000000000e+00,1.118628113290785597e+00,1.374023770582191413e-03,-3.709752648991342799e-02,1.848773785898162048e-01,6.580446164778588555e-03,4.728089363945216922e-02,1.049222998191417788e-01,2.595932615672721586e-02,9.955702719744170814e-03,9.371066420033842270e-01,-1.073260846452840589e+00,-6.770309245732383241e-01
4.000000000000000000e+02,-5.441984710100150613e-01,1.062343036629634536e-02,-5.857505586939721898e-01,-9.217047506679636529e-03,-1.002647986600854052e-01,-2.877432402175142401e-01,-1.484936226623134910e-02,3.790409708329055771e+00,-7.585531390494096859e-01,-4.708521238658746610e-01,1.159295323850732862e+00,1.154918682914852640e-01,0.000000000000000000e+00,1.123793091299233327e+00,0.000000000000000000e+00,-4.711362617098027034e-02,1.848773785898162048e-01,9.857847038241523974e-03,5.434055089412545558e-02,8.880200619547534702e-02,3.584713234631390494e-02,9.924433397916399349e-03,9.371066420033842270e-01,-1.068425870712641057e+00,-6.770309245732383241e-01
5.000000000000000000e+02,-5.441984710100150613e-01,1.062343036629634536e-02,-5.857505586939721898e-01,-9.192549318790535148e-03,-1.002647986600854052e-01,-2.885667923316120875e-01,-1.485637849660878008e-02,4.188312997696356454e+00,-7.585531390494096859e-01,-4.708521238658746610e-01,1.159211915001041371e+00,1.154918682914852640e-01,0.000000000000000000e+00,1.118628113290785597e+00,0.000000000000000000e+00,-4.709598980885316977e-02,1.848773785898162048e-01,9.857847038241523974e-03,5.434055089412545558e-02,8.880200619547534702e-02,3.791131199359622228e-02,1.332766281590387625e-02,9.371066420033842270e-01,-1.068425870712641057e+00,-6.770309245732383241e-01
6.000000000000000000e+02,-5.443389404968076439e-01,1.062343036629634536e-02,-5.857505586939721898e-01,-9.192549318790535148e-03,-1.002647986600854052e-01,-1.771690105076572930e-01,-1.484936226623134910e-02,4.188312997696356454e+00,-4.841974753711444923e-01,-5.920513396400490791e-01,1.159211915001041371e+00,1.154918682914852640e-01,0.000000000000000000e+00,1.118628113290785597e+00,0.000000000000000000e+00,-4.711362617098027034e-02,1.848773785898162048e-01,9.857847038241523974e-03,5.434055089412545558e-02,8.880200619547534702e-02,4.099058531254761578e-02,1.332766281590387625e-02,9.371066420033842270e-01,-1.068425870712641057e+00,-6.770309245732383241e-01
7.000000000000000000e+02,-5.441984710100150613e-01,1.062343036629634536e-02,-6.724545187902439825e-01,-9.192549318790535148e-03,-1.006100347578723908e-01,-1.869381564901570481e-01,-1.460790309064912383e-02,4.190782549057330719e+00,-4.841974753711444923e-01,-5.920513396400490791e-01,1.159211915001041593e+00,1.539643106018137308e-01,0.000000000000000000e+00,1.120286257588816836e+00,0.000000000000000000e+00,-4.711362617098027034e-02,1.848773785898161770e-01,1.331228034893145937e-02,5.434055089412544864e-02,8.880200619547534702e-02,2.235156998435148049e-02,1.332766281590387625e-02,9.408916355730275738e-01,-1.220252722001238466e+00,-6.770309245732382131e-01
8.000000000000000000e+02,-5.441984710100150613e-01,1.062343036629634536e-02,-6.863779224999011497e-01,-9.192549318790535148e-03,-1.974168399225779136e-01,-1.873680826960465728e-01,-1.719942219882031678e-02,4.188312997696356454e+00,-3.480953115930729425e-01,-7.422902489311823393e-01,1.159211915001041371e+00,1.545571602644010001e-01,0.000000000000000000e+00,1.118628113290785597e+00,0.000000000000000000e+00,-4.711362617098027034e-02,1.848773785898162048e-01,1.332682613782885418e-02,5.434055089412545558e-02,9.739507029901815771e-02,2.235156998435148049e-02,1.332766281590387625e-02,9.371066420033842270e-01,-1.256060300345198222e+00,-6.770309245732383241e-01
9.000000000000000000e+02,-6.475145001911998266e-01,1.062343036629634363e-02,-1.017487266112837352e+00,-8.581172282822535982e-03,-1.974168399225778858e-01,-1.873680826960465728e-01,-1.719942219882031678e-02,4.188312997696356454e+00,-3.484236466281672717e-01,-7.112224062834681115e-01,1.159211915001041593e+00,1.545571602644010001e-01,0.000000000000000000e+00,1.118628113290785597e+00,4.689680446682667307e-03,-4.694022805208714760e-02,1.848773785898161770e-01,1.319267061273149758e-02,5.434055089412544864e-02,5.786731774244059656e-02,3.190462806219640512e-02,1.332766281590387798e-02,9.371066420033842270e-01,-1.318835679653264537e+00,-6.757820840650282657e-01
1.000000000000000000e+03,-6.475145001911998266e-01,1.062343036629634363e-02,-1.017487266112837352e+00,-9.499557850127239925e-03,-1.974168399225778858e-01,-1.348892574846601300e-01,-1.716336877321499033e-02,4.188312997696356454e+00,-3.480953115930729980e-01,-7.422902489311823393e-01,1.159211915001041593e+00,2.176782849255885777e-01,0.000000000000000000e+00,1.118628113290785597e+00,0.000000000000000000e+00,-4.711362617098027034e-02,1.848773785898161770e-01,1.360681296852190615e-02,5.434055089412544864e-02,5.784414849338967435e-02,3.175254739978752849e-02,1.332766281590387798e-02,9.371066420033842270e-01,-1.255601574799380504e+00,-6.770309245732381020e-01
1.100000000000000000e+03,-6.475145001911998266e-01,1.062343036629634536e-02,-1.017487266112837352e+00,-9.557098717796390017e-03,-1.974168399225779136e-01,-1.238291888564095056e-01,-1.719942219882031678e-02,2.929641603328750676e+00,-3.480953115930729425e-01,-7.421590644463741393e-01,1.159211915001041371e+00,2.257519171496941146e-01,0.000000000000000000e+00,1.118628113290785597e+00,0.000000000000000000e+00,-4.711362617098027034e-02,1.848773785898162048e-01,1.489036695808309933e-02,5.429355055548552855e-02,5.237348839408410145e-02,3.342238058697741265e-02,1.332766281590387625e-02,9.371066420033842270e-01,-1.256060300345198222e+00,-6.769691119691622072e-01
1.200000000000000000e+03,-6.483475726791860794e-01,1.072838214228925315e-02,-1.017487266112837352e+00,-9.557098717796390017e-03,-1.974168399225779136e-01,-1.596546419429910324e-01,-1.712650803100632113e-02,2.929641603328750676e+00,-3.480953115930729425e-01,-7.422902489311823393e-01,1.159211915001041593e+00,2.262414724732421667e-01,0.000000000000000000e+00,1.118628113290785597e+00,0.000000000000000000e+00,-4.517847174963230544e-02,1.848773785898161770e-01,1.489036695808309933e-02,5.434055089412544864e-02,5.779761707598847498e-02,3.302058535349241403e-02,1.330155338657744955e-02,9.371066420033842270e-01,-1.256060300345198222e+00,-6.770309245732382131e-01
1.300000000000000000e+03,-6.446494875271747693e-01,1.062343036629634536e-02,-1.017487266112837352e+00,-9.824188770449149982e-03,-1.974168399225779136e-01,-1.596546419429910324e-01,-1.719942219882031678e-02,2.929641603328750676e+00,-3.480953115930729425e-01,-7.391400106112557822e-01,8.158080827495041154e-01,2.257519171496941146e-01,0.000000000000000000e+00,1.118628113290785597e+00,0.000000000000000000e+00,-4.711362617098027034e-02,1.848773785898161770e-01,1.273583625288913362e-02,5.434055089412544864e-02,7.051173730232981884e-02,3.335435518108605113e-02,1.332766281590387625e-02,1.378321513712505997e+00,-1.256179909161615926e+00,-6.770309245732382131e-01
1.400000000000000000e+03,-6.475145001911998266e-01,1.065994081503382138e-02,-1.027154471168728600e+00,-9.557098717796390017e-03,-2.422134270638028331e-01,-1.596546419429910324e-01,-1.719942219882031678e-02,2.929641603328750676e+00,-3.480953115930729425e-01,-7.390392307141543382e-01,8.158080827495041154e-01,2.257519171496941146e-01,0.000000000000000000e+00,1.118628113290785597e+00,0.000000000000000000e+00,-4.051327672944840530e-02,1.848773785898161770e-01,1.271491680834351164e-02,5.434055089412544864e-02,7.051173730232981884e-02,3.312653083959519323e-02,1.332766281590387625e-02,1.378321513712505997e+00,-1.256060300345198222e+00,-7.568994049656498913e-01
1.500000000000000000e+03,-6.475145001911998266e-01,1.062343036629634536e-02,-1.027154471168728600e+00,-1.122059531009759331e-02,-2.422134270638028331e-01,-1.240473714021224222e-01,-1.719942219882031678e-02,1.911521359691894517e+00,-3.480338574546036901e-01,-7.391185448582442419e-01,8.158080827495040044e-01,2.257519171496941146e-01,0.000000000000000000e+00,1.118628113290785597e+00,0.000000000000000000e+00,-2.753588291955840275e-02,1.848773785898162048e-01,1.859984787443492993e-02,5.434055089412545558e-02,7.051173730232981884e-02,3.312653083959519323e-02,1.332766281590387625e-02,1.378321513712505997e+00,-1.256060300345198222e+00,-7.568994049656498913e-01
1.600000000000000000e+03,-6.475145001911998266e-01,1.062343036629634363e-02,-1.028989881281875629e+00,-1.095515843127852981e-02,-2.422134270638028608e-01,-1.254695291157408021e-01,-1.719942219882031678e-02,2.725316013506871915e+00,-3.627128299137665213e-01,-1.004123045801893266e+00,8.158080827495041154e-01,2.257519171496941146e-01,0.000000000000000000e+00,1.124307990011229608e+00,0.000000000000000000e+00,-2.753646430953727089e-02,1.848773785898161770e-01,1.820669331968978802e-02,5.434055089412544864e-02,7.040384541774118154e-02,3.277976651408905095e-02,1.331665311645322154e-02,1.378321513712505997e+00,-1.252846626766947136e+00,-7.568994049656497802e-01
1.700000000000000000e+03,-6.001937392177600916e-01,1.563681619282336621e-02,-1.026951687483422804e+00,-1.125467871693010963e-02,-3.109391172771613365e-01,-1.065411395909414138e-01,-1.719942219882031678e-02,2.829289387873308748e+00,-3.480953115930729425e-01,-1.037613287262100670e+00,8.158080827495040044e-01,2.257519171496941146e-01,0.000000000000000000e+00,1.118628113290785597e+00,0.000000000000000000e+00,-2.750035949018033235e-02,1.848773785898162048e-01,1.865648572989285492e-02,5.434055089412545558e-02,7.017458422227151882e-02,3.273541293757085274e-02,1.332766281590387625e-02,1.378321513712505997e+00,-6.944894259237487377e-01,-7.568994049656498913e-01
1.800000000000000000e+03,-6.001937392177602026e-01,1.560333580822249704e-02,-1.027154471168728600e+00,-1.125467871693010963e-02,-3.109391172771613365e-01,-1.065411395909414138e-01,-1.719942219882031678e-02,2.185920538528709489e+00,-3.480953115930729980e-01,-1.078313936834887077e+00,8.158080827495042264e-01,2.138289571913647713e-01,0.000000000000000000e+00,1.118628113290785597e+00,0.000000000000000000e+00,-3.084914668675457425e-02,1.848773785898161492e-01,2.495409307405922761e-02,5.434055089412544864e-02,3.992893632009177768e-02,3.273541293757084580e-02,1.332766281590387798e-02,1.378321513712505997e+00,-6.567810119976551508e-01,-7.568994049656497802e-01
1.900000000000000000e+03,-5.982520969060275418e-01,1.563681619282336621e-02,-1.253980559561401309e+00,-1.125467871693010963e-02,-3.689720419321099731e-01,-1.070453826862182434e-01,-1.719942219882031678e-02,2.782770788190042310e+00,-3.480953115930729425e-01,-1.036233085054959036e+00,8.158080827495041154e-01,2.257519171496941146e-01,0.000000000000000000e+00,7.339553336985114029e-01,0.000000000000000000e+00,-4.137215520351974346e-02,1.140506209581701597e-01,2.636888151214905607e-02,5.434055089412544864e-02,3.326679051831760159e-02,3.273541293757084580e-02,1.332766281590387625e-02,1.378321513712505997e+00,-6.766416128752947845e-01,-7.568994049656498913e-01
2.000000000000000000e+03,-6.001937392177600916e-01,1.563681619282336621e-02,-1.269589719591119215e+00,-1.119915230493854705e-02,-3.100425844986957613e-01,-1.063366855067875150e-01,-2.417188013309806358e-02,2.782770788190042310e+00,-3.480953115930729425e-01,-1.494149666126048492e+00,8.158080827495041154e-01,2.257519171496941146e-01,0.000000000000000000e+00,7.339553336985114029e-01,0.000000000000000000e+00,-2.979127429623922019e-02,1.244956040744368275e-01,2.627561481445114464e-02,5.434055089412544864e-02,4.930095976570134791e-02,3.613734607241347180e-02,7.712394740880452494e-03,1.378321513712505997e+00,-4.338892331791133206e-01,-7.568994049656498913e-01
2.100000000000000000e+03,-6.001937392177600916e-01,1.562556941934146321e-02,-1.220272891899431666e+00,-6.423880873664360343e-03,-4.046115575282189236e-01,-7.381104360413109911e-02,-2.417188013309806358e-02,1.917175461143528103e+00,-3.501107681169655095e-01,-1.494149666126048492e+00,8.158080827495041154e-01,2.257519171496941146e-01,1.952038404502045915e-03,7.515898919542048917e-01,0.000000000000000000e+00,-3.129060751273737839e-02,1.244956040744368275e-01,2.636888151214905607e-02,5.434055089412544864e-02,4.930095976570134791e-02,3.613734607241347180e-02,7.678031146753961506e-03,1.378321513712505997e+00,-4.317164151146557494e-01,-7.568994049656498913e-01
2.200000000000000000e+03,-5.715124288293915722e-01,1.563681619282336621e-02,-1.078732145348311855e+00,-5.813090341757204925e-03,-2.898470071977716778e-01,-7.129094480478376239e-02,-2.505345527421361587e-02,1.807732373815807314e+00,-4.624704750340349890e-01,-1.496343912373834018e+00,8.158080827495041154e-01,2.276880705409816408e-01,0.000000000000000000e+00,7.339553336985112919e-01,0.000000000000000000e+00,-3.088061742067010201e-02,1.244956040744368414e-01,2.636678026577088038e-02,5.434055089412544864e-02,4.930095976570134791e-02,3.613734607241347180e-02,4.227163479143687327e-03,1.378321513712505997e+00,-4.335960380403472980e-01,-7.568994049656497802e-01
2.300000000000000000e+03,-3.807663659528721656e-01,1.563681619282336621e-02,-1.078732145348311855e+00,-5.814812839141738667e-03,-2.719208503255368670e-01,-6.960365521912346976e-02,-2.505345527421361587e-02,1.807732373815807314e+00,-4.770998564043911760e-01,-1.870848623189619753e+00,8.158080827495042264e-01,2.628795907655618325e-01,0.000000000000000000e+00,7.339553336985112919e-01,0.000000000000000000e+00,-3.376318934302160318e-02,1.244956040744368414e-01,2.636888151214905260e-02,5.297317020449723857e-02,4.930095976570134791e-02,3.613734607241347180e-02,4.231031373798655772e-03,1.378321513712505997e+00,-4.349070764056855443e-01,-7.568994049656497802e-01
2.400000000000000000e+03,-3.807663659528721656e-01,1.563681619282336621e-02,-1.078732145348311855e+00,-3.934522205468440198e-03,-2.714739843799235941e-01,-6.960365521912346976e-02,-2.505345527421361934e-02,1.807732373815807314e+00,-4.770998564043912871e-01,-1.899992490063767470e+00,8.158080827495040044e-01,2.628795907655617770e-01,0.000000000000000000e+00,7.258280108286773169e-01,0.000000000000000000e+00,-3.372781988140365755e-02,1.244956040744368275e-01,3.065316061998359445e-02,5.301460598297082910e-02,4.774966778968926795e-02,3.613734607241347180e-02,4.231031373798655772e-03,1.378321513712505997e+00,-4.135791626113854424e-01,-7.564347655725538466e-01
2.500000000000000000e+03,-3.797853272878642383e-01,1.647047963361770659e-02,-1.078732145348311855e+00,-3.699701188432343198e-03,-2.714739843799235941e-01,-6.960365521912346976e-02,-2.505345527421361587e-02,1.807732373815807314e+00,-4.770998564043912316e-01,-1.391882486097568483e+00,8.189395611806679076e-01,2.614994081738319931e-01,0.000000000000000000e+00,1.102478352550655405e+00,0.000000000000000000e+00,-3.259599710962924474e-02,1.244956040744368414e-01,3.132830771132726760e-02,5.434055089412544864e-02,4.887272605394220315e-02,3.624208945896893741e-02,4.210555171854923028e-03,1.378321513712505997e+00,-4.110404037904188401e-01,-7.545839856480257568e-01
2.600000000000000000e+03,-3.807663659528721656e-01,1.630240431057475639e-02,-6.989046296679441994e-01,-3.699701188432343198e-03,-2.714739843799235941e-01,-7.355192323911127761e-02,-2.505345527421361934e-02,1.802782039153916660e+00,-4.770998564043912316e-01,-1.461390667506184293e+00,8.158080827495041154e-01,2.628795907655617770e-01,0.000000000000000000e+00,1.098504716627308753e+00,0.000000000000000000e+00,-3.259599710962924474e-02,1.244956040744368275e-01,3.128709519769356379e-02,5.434055089412544864e-02,4.887272605394220315e-02,3.613734607241347180e-02,4.231031373798655772e-03,1.378321513712505997e+00,-4.814550698356903080e-01,-7.568994049656498913e-01
2.700000000000000000e+03,-2.791234838449955236e-01,1.563681619282336621e-02,-6.977167006721317621e-01,-3.596973595805706692e-03,-2.714739843799235941e-01,-4.990089786445493086e-02,-2.736349591201675188e-02,1.806252136237339823e+00,-4.770998564043912316e-01,-1.397936830765220684e+00,8.158080827495041154e-01,2.628795907655617770e-01,0.000000000000000000e+00,1.162328038096850813e+00,0.000000000000000000e+00,-3.195887541824458944e-02,1.244956040744368275e-01,3.124649298168182335e-02,5.434055089412544864e-02,4.887272605394220315e-02,3.613814426738062163e-02,4.231031373798655772e-03,1.378321513712505997e+00,-4.864809731994692021e-01,-7.568994049656498913e-01
2.800000000000000000e+03,-2.438895939011300196e-01,1.563681619282336621e-02,-5.408832816769125751e-01,-3.699701188432342764e-03,-3.103516973680596203e-01,-4.964701316656010971e-02,-2.757656815689643603e-02,1.807732373815807314e+00,-4.770998564043912871e-01,-9.558841006523350892e-01,8.158676954302116480e-01,1.752081595332077857e-01,0.000000000000000000e+00,1.158335440095412228e+00,0.000000000000000000e+00,-3.173960927255316256e-02,1.244956040744368275e-01,3.128709519769356379e-02,5.434055089412545558e-02,5.071162336836942952e-02,3.717368706569348924e-02,4.231031373798655772e-03,1.378321513712505997e+00,-4.847085056127521385e-01,-7.568994049656498913e-01
2.900000000000000000e+03,-2.448475902367212576e-01,1.568204589017794734e-02,-5.408832816769125751e-01,-3.702793773643120283e-03,-2.714739843799235941e-01,-4.630474090779540530e-02,-2.757576201548061698e-02,1.799322556391255823e+00,-4.770998564043912316e-01,-9.565969690045947882e-01,8.193829780596348922e-01,1.752081595332077857e-01,0.000000000000000000e+00,1.158921571689751184e+00,0.000000000000000000e+00,-3.174951614578726961e-02,1.244956040744368275e-01,3.128709519769356379e-02,5.434055089412544864e-02,5.086988282510462173e-02,3.613734607241347180e-02,4.231031373798655772e-03,1.378321513712505997e+00,-4.913748166615629076e-01,-7.568994049656498913e-01
3.000000000000000000e+03,-2.557939380391616724e-01,2.235850858601937455e-02,-5.408832816769125751e-01,-3.699701188432342764e-03,-2.714739843799235941e-01,-4.740974463570371555e-02,-2.765557001564701231e-02,1.807732373815807314e+00,-4.770998564043912871e-01,-8.860230021308826975e-01,8.158080827495040044e-01,1.752081595332077857e-01,0.000000000000000000e+00,1.100894543850188478e+00,0.000000000000000000e+00,-3.196540026365204262e-02,1.244956040744368275e-01,3.125380730214757929e-02,5.434055089412545558e-02,5.083213590628163359e-02,3.613734607241347180e-02,4.231031373798655772e-03,1.380753153306511383e+00,-4.888143140161749778e-01,-7.568994049656498913e-01
3.100000000000000000e+03,-2.557939380391616724e-01,2.268318156488147511e-02,-5.404357087831911377e-01,-3.699701188432342764e-03,-1.475466386388238071e-01,-3.211564196425363560e-02,-2.765557001564701231e-02,1.807732373815807314e+00,-4.770998564043912871e-01,-8.860230021308826975e-01,8.158080827495040044e-01,1.187444897480015443e-01,0.000000000000000000e+00,1.100894543850188478e+00,0.000000000000000000e+00,-2.685801298118250385e-02,1.244956040744368275e-01,3.077702030080563256e-02,5.434055089412545558e-02,5.356151679607899091e-02,3.613734607241347180e-02,4.231031373798655772e-03,1.378321513712505997e+00,-4.871426810108765992e-01,-7.568994049656498913e-01
3.200000000000000000e+03,-2.557939380391616724e-01,2.235850858601937455e-02,-5.392985249627808564e-01,-3.696316912321335937e-03,-1.414057017473592526e-01,-3.126801349702338501e-02,-2.765557001564701231e-02,2.333435757945582001e+00,-4.770998564043912316e-01,-1.414821699056419080e+00,8.158080827495041154e-01,1.478071278873187844e-01,0.000000000000000000e+00,1.100894543850188478e+00,0.000000000000000000e+00,-2.834368122394335596e-02,1.244956040744368275e-01,3.128709519769356379e-02,7.636163890151161093e-02,5.083213590628163359e-02,3.613734607241347180e-02,4.539954341635569351e-03,1.378321513712505997e+00,-4.885099570410759151e-01,-7.568994049656498913e-01
3.300000000000000000e+03,-1.203759060622906080e-01,2.235850858601937455e-02,-5.427443109410995392e-01,-3.695905967539617198e-03,-1.885725642050235240e-01,-3.126801349702338501e-02,-2.765557001564701231e-02,2.399904001916012941e+00,-4.770998564043912871e-01,-1.481681304414820266e+00,8.158080827495040044e-01,1.478071278873187844e-01,0.000000000000000000e+00,1.100894543850188478e+00,0.000000000000000000e+00,-2.828039489964541409e-02,1.244956040744368275e-01,3.128709519769356379e-02,7.636163890151161093e-02,5.083213590628163359e-02,3.613734607241347180e-02,4.539954341635569351e-03,1.378321513712505997e+00,-4.888143140161749778e-01,-7.568994049656498913e-01
3.400000000000000000e+03,-1.203759060622905941e-01,2.235850858601937802e-02,-8.818027789614677481e-01,-2.847747484770473195e-03,-1.885725642050234963e-01,-3.126801349702338501e-02,-2.765557001564701578e-02,2.399904001916012941e+00,-4.168828416408416060e-01,-1.481681304414820266e+00,8.158080827495041154e-01,1.480422668313808032e-01,5.547477489305090463e-04,1.100894543850188478e+00,0.000000000000000000e+00,-2.826797240607617848e-02,1.244956040744368414e-01,3.128709519769356379e-02,7.636163890151161093e-02,5.083213590628163359e-02,3.613734607241347180e-02,4.539954341635569351e-03,1.378321513712505997e+00,-4.875065166946694339e-01,-7.568994049656497802e-01
3.500000000000000000e+03,-1.209936454278989632e-01,2.235850858601937455e-02,-8.818027789614678591e-01,-2.317337615860510201e-03,-1.885725642050234963e-01,-3.137987446452707163e-02,-2.765557001564701231e-02,3.438627974715380287e+00,-4.168828416408416060e-01,-1.481681304414820266e+00,8.158080827495041154e-01,1.492622836308049039e-01,0.000000000000000000e+00,1.355260484071049376e+00,0.000000000000000000e+00,-2.853492257517982467e-02,1.244956040744368275e-01,4.363245084927730444e-02,7.601163164927332572e-02,4.069314173005855739e-02,3.613734607241347180e-02,4.539954341635569351e-03,1.381957002449264449e+00,-4.888143140161749778e-01,-7.568994049656498913e-01
3.600000000000000000e+03,-1.203759060622905941e-01,2.235850858601937802e-02,-8.818027789614677481e-01,-2.317337615860510201e-03,-1.885725642050234963e-01,-3.140923101231898884e-02,-2.765557001564701578e-02,3.438627974715380731e+00,-4.168828416408416060e-01,-7.777143375635220401e-01,8.134401351237996458e-01,1.492622836308049039e-01,0.000000000000000000e+00,1.384165704550692988e+00,2.698096733862330367e-03,-2.861599503386783733e-02,1.244956040744368414e-01,4.520628635580499488e-02,7.636163890151161093e-02,4.088283245140927197e-02,3.613734607241347180e-02,3.969048254893706162e-03,1.378321513712505997e+00,-4.888143140161749778e-01,-7.568994049656497802e-01
3.700000000000000000e+03,-1.184963607884832043e-01,2.235850858601937455e-02,-8.818027789614678591e-01,-2.317337615860510201e-03,-1.885725642050234963e-01,-3.122030284386615590e-02,-2.765557001564701231e-02,3.438627974715380287e+00,-4.168828416408416060e-01,-1.094107786971392438e+00,8.134401351237996458e-01,1.492622836308049039e-01,0.000000000000000000e+00,1.384165704550693210e+00,0.000000000000000000e+00,-2.853492257517982467e-02,1.244956040744368275e-01,4.543625307895481080e-02,7.636163890151161093e-02,4.069314173005855739e-02,3.613734607241347180e-02,3.969048254893706162e-03,1.378321513712505997e+00,-4.888143140161749778e-01,-7.568994049656498913e-01
3.800000000000000000e+03,-1.184963607884832043e-01,2.235850858601937455e-02,-8.818027789614678591e-01,-2.317337615860510201e-03,-1.674774523268122428e-01,-3.126801349702338501e-02,-2.765557001564701231e-02,3.438627974715380287e+00,-4.168828416408416060e-01,-1.094107786971392438e+00,8.134401351237996458e-01,1.492622836308049039e-01,0.000000000000000000e+00,1.384165704550693210e+00,0.000000000000000000e+00,-2.853492257517982467e-02,1.244956040744368275e-01,4.551663023380830841e-02,7.636163890151161093e-02,4.069314173005855739e-02,3.580155723703201676e-02,3.969048254893706162e-03,1.378321513712505997e+00,-4.888143140161749778e-01,-7.568994049656498913e-01
3.900000000000000000e+03,-1.203759060622906080e-01,2.235850858601937455e-02,-8.848332666077241004e-01,-2.311213269612757797e-03,-1.137583223567498608e-01,-3.129681998776625423e-02,-2.765557001564701231e-02,3.438627974715380287e+00,-4.168828416408416060e-01,-1.409729520720678586e+00,8.134401351237996458e-01,1.492622836308049039e-01,0.000000000000000000e+00,1.384165704550693210e+00,0.000000000000000000e+00,-2.942231988954327124e-02,1.244956040744368275e-01,4.712099131896024112e-02,7.636163890151161093e-02,3.969172434291665802e-02,2.914091832633957171e-02,3.969048254893706162e-03,1.378321513712505997e+00,-4.663836964755679326e-01,-7.568994049656498913e-01
4.000000000000000000e+03,-1.203759060622906080e-01,2.235850858601937455e-02,-8.818027789614678591e-01,-2.243066384176086066e-03,-1.073034803902964129e-01,-3.126801349702338501e-02,-1.778322647919440558e-02,3.438627974715380287e+00,-4.168828416408416060e-01,-1.454040427207272224e+00,8.128924516760526187e-01,1.494195696821200847e-01,0.000000000000000000e+00,1.384165704550693210e+00,0.000000000000000000e+00,-2.980918011803889225e-02,1.427391048974298859e-01,4.745600697439211757e-02,1.041095101515613908e-01,4.069314173005855739e-02,2.825631251936473395e-02,3.969048254893706162e-03,1.382864046279954406e+00,-4.888143140161749778e-01,-7.568994049656498913e-01
4.100000000000000000e+03,-1.203759060622906080e-01,2.235850858601937455e-02,-4.928774461018648467e-01,-1.648896530700678237e-03,-1.073034803902964129e-01,-3.031617178779199076e-02,-1.778322647919440558e-02,3.446130317905446994e+00,-4.168828416408416060e-01,-1.377553975062995706e+00,8.134401351237996458e-01,1.492622836308049039e-01,4.983835641703590266e-03,1.384165704550693210e+00,0.000000000000000000e+00,-2.980918011803889225e-02,1.427391048974298859e-01,6.312889240917637923e-02,7.636163890151161093e-02,2.542381427408694355e-02,2.725406982388056329e-02,5.703088750240946879e-03,1.371526644840703302e+00,-4.888143140161749778e-01,-7.568994049656498913e-01
4.200000000000000000e+03,-1.248283256368131200e-01,2.235850858601937802e-02,-5.046596730175542111e-01,-1.052675943531111193e-03,-7.418979165883474169e-02,-4.062809120520313039e-02,-1.830838387607208392e-02,4.106455972033913326e+00,-4.168828416408416060e-01,-7.627736049694692211e-01,8.134401351237996458e-01,1.507784264247110095e-01,0.000000000000000000e+00,1.384165704550692988e+00,0.000000000000000000e+00,-2.867613665535551429e-02,1.427391048974298859e-01,6.098657447610623950e-02,7.636163890151161093e-02,2.549457982211213863e-02,2.930588890964483037e-02,5.694813033785089268e-03,1.371526644840703302e+00,-4.888143140161749778e-01,-7.568994049656497802e-01
4.300000000000000000e+03,-1.203759060622905941e-01,2.235850858601937802e-02,-4.937620630248396592e-01,-9.764151707536095027e-04,-6.995431984434549721e-02,-4.033678056045143095e-02,-1.858911773354308614e-02,4.124551782872060812e+00,-4.168828416408416060e-01,-7.288364786257511829e-01,8.134401351237996458e-01,1.492622836308049039e-01,0.000000000000000000e+00,1.384165704550692988e+00,0.000000000000000000e+00,-2.969057697241420102e-02,8.117020916075555481e-02,3.279698699899379066e-02,7.636163890151161093e-02,4.620769595417990178e-02,2.925170925343868050e-02,6.869276494136417228e-03,1.371526644840703302e+00,-4.888143140161749778e-01,-7.568994049656497802e-01
4.400000000000000000e+03,-1.207495073541014902e-01,2.235850858601937455e-02,-4.928774461018648467e-01,-9.764151707536096111e-04,-6.995431984434549721e-02,-4.046422704832675771e-02,-1.858911773354308614e-02,4.128620761829637331e+00,-4.168828416408416060e-01,-7.286449531393169865e-01,8.134401351237996458e-01,1.492622836308049039e-01,0.000000000000000000e+00,1.457765967246845706e+00,0.000000000000000000e+00,-2.980918011803889225e-02,8.117020916075555481e-02,3.280837040431723584e-02,9.875031560321440027e-02,4.640720233937065814e-02,2.925170925343868050e-02,6.617014321670682334e-03,1.371526644840703302e+00,-4.888143140161749778e-01,-7.568994049656498913e-01
4.500000000000000000e+03,-1.203759060622906080e-01,2.235850858601937455e-02,-4.928774461018648467e-01,-9.764151707536096111e-04,-4.353219799059489942e-02,-2.542403383347873955e-02,-1.858911773354308614e-02,4.124551782872060812e+00,-4.168828416408416060e-01,-2.483540893863676879e-01,8.134401351237996458e-01,1.492622836308049039e-01,0.000000000000000000e+00,1.467071747587738173e+00,0.000000000000000000e+00,-2.980918011803889225e-02,8.117020916075555481e-02,3.160279928429342994e-02,1.029915395994685512e-01,4.604352651670134272e-02,2.925170925343868050e-02,6.617014321670682334e-03,1.371526644840703302e+00,-4.888143140161749778e-01,-7.568994049656498913e-01
4.600000000000000000e+03,-7.933451667632418491e-02,2.235850858601937802e-02,-4.928774461018648467e-01,-9.764151707536095027e-04,-4.353219799059489942e-02,-2.547891826323605766e-02,-1.858911773354308614e-02,4.120888394926776499e+00,-4.168828416408416060e-01,-2.483540893863676879e-01,8.134401351237996458e-01,2.121805792543925429e-01,0.000000000000000000e+00,1.467071747587738173e+00,0.000000000000000000e+00,-2.980918011803889225e-02,8.117020916075555481e-02,3.279698699899379066e-02,1.029915395994685512e-01,4.620769595417990178e-02,2.925170925343868050e-02,9.865973538375627169e-03,1.371526644840703302e+00,-4.911092013732479278e-01,-7.568994049656497802e-01
4.700000000000000000e+03,-7.933451667632418491e-02,2.235850858601938149e-02,-9.085853087910455983e-01,-9.764151707536095027e-04,-4.353219799059490636e-02,-2.547891826323605766e-02,-1.858911773354308614e-02,3.314966004429786395e+00,-4.168828416408416060e-01,-2.491711239941751810e-01,8.134401351237996458e-01,2.111884883953654424e-01,0.000000000000000000e+00,1.455634291450198958e+00,4.915447122603592948e-03,-4.638114834062442848e-02,8.117020916075555481e-02,3.279698699899378372e-02,1.029915395994685512e-01,4.620769595417990178e-02,2.923251805246528459e-02,1.120688207510486985e-02,1.371526644840703080e+00,-4.888143140161749778e-01,-7.568994049656497802e-01
4.800000000000000000e+03,-7.933451667632418491e-02,2.235850858601937455e-02,-9.302302798715815779e-01,-9.764151707536096111e-04,-4.353219799059489248e-02,-1.831453540929661380e-02,-1.852222518728246017e-02,2.783233038689052918e+00,-4.168828416408416060e-01,-2.279927603719177076e-01,8.134401351237996458e-01,2.121805792543925706e-01,0.000000000000000000e+00,1.699655548561059382e+00,0.000000000000000000e+00,-5.782153514203500905e-02,8.117020916075554093e-02,3.766565167949546128e-02,1.029915395994685512e-01,4.589803371152967326e-02,2.782331950090648209e-02,1.138617226859239308e-02,1.381890057052192589e+00,-4.895409488806364284e-01,-7.568994049656498913e-01
4.900000000000000000e+03,-8.087201156380344202e-02,2.235850858601937455e-02,-6.289605041267324337e-01,-9.764151707536096111e-04,-4.353219799059489248e-02,-1.830727901591400544e-02,-1.858911773354308614e-02,2.729862658505086248e+00,-4.168828416408416060e-01,-2.263734280998935811e-01,8.134401351237996458e-01,2.121805792543925706e-01,0.000000000000000000e+00,1.730343223372729833e+00,0.000000000000000000e+00,-8.301459564128575719e-02,8.117020916075554093e-02,3.757980144849282222e-02,1.029915395994685512e-01,8.336283660305668364e-02,2.925170925343868050e-02,1.430151632894001261e-02,1.371526644840703524e+00,-4.888143140161749778e-01,-7.568994049656498913e-01
5.000000000000000000e+03,-9.271068681565179659e-02,2.242783937611848161e-02,-9.623827969037629382e-01,-9.811986041855721985e-04,-4.353219799059489942e-02,-9.665854226557309137e-03,-1.858911773354308614e-02,2.815607883957797597e+00,-4.168828416408416060e-01,-1.316398676331148598e-01,8.134401351237996458e-01,2.134865127732467338e-01,0.000000000000000000e+00,1.788484387139778642e+00,0.000000000000000000e+00,-5.905920040816944189e-02,8.117020916075555481e-02,3.757980144849282222e-02,1.029915395994685512e-01,5.566533467413434244e-02,2.925170925343868050e-02,1.211335387646474311e-02,1.371526644840703302e+00,-2.817124094616119678e-01,-7.656633957472195329e-01
5.100000000000000000e+03,-9.317197066363752667e-02,2.235850858601937455e-02,-9.623827969037629382e-01,-9.748637273631345331e-04,-4.498871902709250525e-02,-9.976570346704002890e-03,-1.861098120308101594e-02,2.815607883957797597e+00,-4.168828416408416060e-01,-1.316398676331148598e-01,8.134401351237996458e-01,2.121805792543925429e-01,0.000000000000000000e+00,2.248328136933708254e+00,0.000000000000000000e+00,-5.929788672283991396e-02,8.117020916075555481e-02,3.773674338478241741e-02,1.018257011699315456e-01,5.566533467413434244e-02,2.925170925343868050e-02,1.211335387646474311e-02,1.371526644840703302e+00,-2.827425876881131672e-01,-7.656633957472195329e-01
5.200000000000000000e+03,-9.348861506943043076e-02,2.235850858601937455e-02,-9.623827969037629382e-01,-9.764151707536096111e-04,-5.770868520165655519e-02,-9.665854226557309137e-03,-1.858911773354308614e-02,2.705373347185111577e+00,-4.168828416408416060e-01,-1.316398676331148598e-01,8.134401351237996458e-01,2.121805792543925429e-01,0.000000000000000000e+00,2.195362559585238849e+00,0.000000000000000000e+00,-4.360573171960674399e-02,8.117020916075555481e-02,3.757980144849282222e-02,1.029915395994685512e-01,5.583143744975777728e-02,2.925170925343868050e-02,1.211335387646474311e-02,1.371526644840703302e+00,-2.827451635703140953e-01,-7.656633957472195329e-01
5.300000000000000000e+03,-9.317197066363752667e-02,2.235850858601937455e-02,-9.609952746273507929e-01,-9.764151707536096111e-04,-5.768398394751338143e-02,-9.665854226557309137e-03,-1.858911773354308614e-02,2.641014193392576370e+00,-4.168828416408416060e-01,-1.308960930057159466e-01,8.134401351237996458e-01,3.364428492112736535e-01,0.000000000000000000e+00,2.192040144662276813e+00,0.000000000000000000e+00,-4.367919133604266507e-02,8.117020916075554093e-02,3.714955041124350793e-02,1.029915395994685512e-01,5.378904482345008009e-02,2.925170925343868050e-02,1.207800854351104292e-02,1.371526644840703524e+00,-2.827451635703140953e-01,-7.656633957472196439e-01
5.400000000000000000e+03,-9.317197066363752667e-02,2.488968129935256388e-02,-9.623827969037629382e-01,-9.764151707536096111e-04,-5.798657431076724433e-02,-9.665854226557309137e-03,-1.858911773354308614e-02,2.618323320175746094e+00,-4.170560160095631574e-01,-1.316398676331148876e-01,8.134401351237996458e-01,3.519756329558837438e-01,0.000000000000000000e+00,2.806105551204345350e+00,0.000000000000000000e+00,-4.363720540302998274e-02,8.117020916075554093e-02,2.696293195229209141e-02,1.029915395994685512e-01,5.344756999450325091e-02,2.932353677469275166e-02,1.211335387646474485e-02,1.371526644840703524e+00,-2.833545875364499311e-01,-7.656633957472196439e-01
5.500000000000000000e+03,-9.317197066363749891e-02,2.494476907848244135e-02,-9.623827969037628272e-01,-9.764151707536093943e-04,-5.662147749416138881e-02,-6.763063501887379460e-03,-1.858911773354308614e-02,2.619189982071924661e+00,-4.168828416408416060e-01,-8.506526726832142060e-02,8.161167746251786204e-01,3.519756329558836883e-01,0.000000000000000000e+00,2.806105551204346238e+00,0.000000000000000000e+00,-4.363720540302998274e-02,8.140774282899503056e-02,2.696293195229209835e-02,1.029915395994685512e-01,5.355450859211456638e-02,2.925170925343868397e-02,1.208165722431842580e-02,1.376927988765710875e+00,-2.827451635703140398e-01,-7.656633957472193108e-01
5.600000000000000000e+03,-9.317197066363752667e-02,2.494926588956294586e-02,-1.052001101358635671e+00,-9.764151707536096111e-04,-4.150561807706671519e-02,-6.995335400477047452e-03,-1.858911773354308614e-02,2.765678354256906779e+00,-4.189163948128588055e-01,-7.958590251952218919e-02,8.134401351237996458e-01,3.519756329558837438e-01,0.000000000000000000e+00,2.806954681461892864e+00,0.000000000000000000e+00,-4.367704828911824627e-02,1.037359076435062921e-01,2.696293195229209488e-02,1.029915395994685512e-01,5.355450859211455944e-02,2.925170925343868050e-02,1.210821326360129492e-02,1.371526644840703302e+00,-2.827451635703140953e-01,-7.656633957472195329e-01
5.700000000000000000e+03,-9.317197066363751279e-02,2.488968129935256735e-02,-1.039198054761493850e+00,-7.352050059509875925e-04,-4.133571131177083552e-02,-7.027597300734087817e-03,-1.858911773354308614e-02,2.665759271364694705e+00,-4.221705434957170877e-01,-7.958590251952220307e-02,8.134401351237996458e-01,2.656085827129230914e-01,0.000000000000000000e+00,2.464510443134663387e+00,0.000000000000000000e+00,-4.349465901873455359e-02,1.037359076435062921e-01,4.459737665619925573e-02,1.029915395994685512e-01,5.355450859211455944e-02,2.928546267175091353e-02,1.211335387646474311e-02,1.371526644840703302e+00,-2.827451635703140398e-01,-7.656633957472195329e-01
5.800000000000000000e+03,-9.317197066363752667e-02,2.495367895479534692e-02,-5.927248742957805794e-01,-7.074796996518349559e-04,-3.942181901303562497e-02,-6.763063501887379460e-03,-1.858911773354308614e-02,1.556932687566518592e+00,-4.191735107311602149e-01,-7.963353100817195662e-02,8.134401351237996458e-01,2.873526922388002225e-01,0.000000000000000000e+00,2.425246637609410616e+00,0.000000000000000000e+00,-2.947624347270108927e-02,1.037359076435062782e-01,4.633967862286067496e-02,1.029915395994685512e-01,5.355450859211455250e-02,3.701345419849667168e-02,1.684393067629114116e-02,1.371526644840703524e+00,-2.812693105854018327e-01,-7.656633957472196439e-01
5.900000000000000000e+03,-9.317197066363752667e-02,2.741903346089947027e-02,-6.031690618590664910e-01,-7.074796996518349559e-04,-3.942181901303562497e-02,-6.763063501887379460e-03,-1.858911773354308614e-02,1.558947669065343211e+00,-5.164167585359961121e-01,-7.958590251952218919e-02,8.134401351237996458e-01,2.913116118238301966e-01,0.000000000000000000e+00,2.425246637609410616e+00,3.085970541664103707e-03,-2.947624347270109274e-02,1.037359076435062921e-01,4.633967862286067496e-02,1.029915395994685512e-01,5.355450859211455944e-02,3.701345419849667862e-02,1.682745653408028452e-02,1.371526644840703302e+00,-2.830020186834344420e-01,-7.656633957472195329e-01
6.000000000000000000e+03,-9.272644160702868399e-02,2.592956235964633677e-02,-6.018018353405524268e-01,-7.065749068195916003e-04,-3.942181901303562497e-02,-8.580957881755611402e-03,-1.858911773354308614e-02,9.407084622179630040e-01,-5.164167585359961121e-01,-7.941841171768766749e-02,8.134401351237996458e-01,2.917270767540330323e-01,0.000000000000000000e+00,2.425246637609410616e+00,0.000000000000000000e+00,-2.947624347270109274e-02,1.037359076435062921e-01,4.799215045166395355e-02,1.029915395994685512e-01,5.355450859211455944e-02,3.701345419849667862e-02,1.684393067629114116e-02,1.373238764730482009e+00,-2.465679412109583468e-01,-7.656633957472195329e-01
6.100000000000000000e+03,-9.317197066363752667e-02,2.750042217115819532e-02,-6.018018353405524268e-01,-7.074796996518349559e-04,-2.411697197094397893e-02,-8.362244864380119144e-03,-2.174067618308464858e-02,5.953001250574866399e-01,-5.164167585359961121e-01,-9.428824092092959186e-02,8.134401351237996458e-01,3.247135862836125209e-01,0.000000000000000000e+00,2.415176838135223214e+00,0.000000000000000000e+00,-2.748552140996209439e-02,1.037359076435062782e-01,4.633967862286067496e-02,1.029915395994685512e-01,6.430154398122955861e-02,3.683033718824861580e-02,1.267579343293283485e-02,1.371526644840703524e+00,-2.331154486927926039e-01,-7.656633957472196439e-01
6.200000000000000000e+03,-9.317197066363752667e-02,2.741903346089947027e-02,-6.018018353405524268e-01,-7.074796996518349559e-04,-2.272605362723049971e-02,-8.425854436864601768e-03,-1.688383304624358622e-02,5.254483696111121871e-01,-5.164167585359961121e-01,-1.127027659417473987e-01,8.134401351237996458e-01,2.913116118238301966e-01,0.000000000000000000e+00,2.425246637609410616e+00,0.000000000000000000e+00,-1.911152623934548808e-02,1.037359076435062921e-01,6.257672518845161513e-02,1.029915395994685512e-01,5.604265658459679778e-02,3.701345419849667862e-02,1.267579343293283485e-02,1.371526644840703302e+00,-2.331154486927926039e-01,-7.892824841703002248e-01
6.300000000000000000e+03,-9.317197066363751279e-02,2.741903346089947027e-02,-6.018018353405524268e-01,-7.080020599071573618e-04,-2.304828598662951936e-02,-8.380743575753864250e-03,-1.688383304624358969e-02,6.715154913922436464e-01,-5.164167585359961121e-01,-1.131114833925030982e-01,8.134401351237996458e-01,2.913116118238301966e-01,0.000000000000000000e+00,3.333096703648521952e+00,5.858006858469912148e-04,-2.632528934169587817e-02,1.037359076435063060e-01,6.710275027168165207e-02,1.029915395994685512e-01,5.604812011032441615e-02,3.701345419849667862e-02,1.267579343293283312e-02,1.371526644840703080e+00,-2.319732583236008561e-01,-7.892824841703002248e-01
6.400000000000000000e+03,-9.264713984030342742e-02,2.741903346089947027e-02,-6.018018353405524268e-01,-7.074796996518349559e-04,-3.148978005990375056e-02,-1.193236182366562773e-02,-1.630628688062344886e-02,6.931831480456059902e-01,-5.164167585359961121e-01,-1.127027659417473987e-01,8.134401351237996458e-01,2.913116118238301966e-01,0.000000000000000000e+00,3.450583182782999359e+00,2.550070437974472862e-03,-2.684466852969607381e-02,1.037359076435062782e-01,6.710275027168165207e-02,1.028307791607142585e-01,5.216958831730434537e-02,3.577692002283729827e-02,1.134022687572189270e-02,1.371526644840703524e+00,-2.331154486927926039e-01,-7.892824841703002248e-01
6.500000000000000000e+03,-8.844849325363134118e-02,2.371930679896147587e-02,-6.018343348370358559e-01,-7.074796996518349559e-04,-1.629341820546479844e-02,-8.413071108716210778e-03,-1.168591755566219387e-02,8.477525308007504146e-01,-5.164167585359961121e-01,-1.127027659417473987e-01,8.134401351237996458e-01,1.795943638145993948e-01,0.000000000000000000e+00,3.450583182782999359e+00,0.000000000000000000e+00,-2.690251250800778163e-02,1.037359076435062921e-01,6.682665101360213411e-02,1.030808910235058856e-01,7.092547415810378231e-02,2.588464661756217575e-02,1.261556037133380014e-02,1.371526644840703302e+00,-2.331154486927926039e-01,-7.892824841703002248e-01
6.600000000000000000e+03,-8.844849325363134118e-02,2.329888331465033990e-02,-6.018018353405524268e-01,-7.069092944516732532e-04,-1.629341820546479844e-02,-8.362244864380119144e-03,-1.168591755566219213e-02,8.453254016545159732e-01,-5.164167585359961121e-01,-1.123851733006499404e-01,8.134401351237996458e-01,1.671534929705958961e-01,0.000000000000000000e+00,3.455349678880756503e+00,0.000000000000000000e+00,-2.690251250800778163e-02,1.037359076435062921e-01,6.738838226209287185e-02,1.029960187329463789e-01,6.956959411903093637e-02,2.588464661756217575e-02,1.004097191807359901e-02,1.371526644840703302e+00,-2.341019647696872263e-01,-7.892824841703002248e-01
6.700000000000000000e+03,-8.844849325363134118e-02,2.255571869128948984e-02,-6.018018353405524268e-01,-7.074796996518350643e-04,-1.629341820546479844e-02,-8.352581549856109844e-03,-1.168591755566219040e-02,8.453254016545158622e-01,-5.164167585359961121e-01,-1.127027659417473848e-01,8.134401351237996458e-01,1.668992219953686351e-01,0.000000000000000000e+00,3.450583182782998470e+00,0.000000000000000000e+00,-2.699797196189214488e-02,1.037194975902549637e-01,6.710275027168165207e-02,1.029915395994685512e-01,7.092547415810378231e-02,2.588464661756217575e-02,9.703959863847422262e-03,1.371526644840703080e+00,-2.767229887316525194e-01,-7.892824841703002248e-01
6.800000000000000000e+03,-8.844849325363134118e-02,2.255571869128948984e-02,-6.400756235418384454e-01,-7.074796996518350643e-04,-2.281716773328183734e-02,-8.362244864380119144e-03,-1.168591755566219213e-02,8.461453999360127876e-01,-5.164167585359961121e-01,-1.597778735806739958e-01,8.134401351237996458e-01,1.036016627372298715e-01,0.000000000000000000e+00,3.450583182782998914e+00,2.621334163846444128e-03,-1.935105381631024510e-02,1.407561747727843759e-01,7.521427333429796247e-02,1.144303793781874523e-01,8.773536851351627919e-02,2.588464661756217575e-02,9.703959863847422262e-03,1.371526644840703080e+00,-2.860284454149891742e-01,-7.859980319333339516e-01
6.900000000000000000e+03,-9.302291408291153696e-02,2.256496711027456900e-02,-6.400756235418385565e-01,-7.074796996518349559e-04,-1.972671185763137311e-02,-8.507473469387374226e-03,-1.168591755566219387e-02,8.453254016545159732e-01,-5.164167585359961121e-01,-1.600275430850733871e-01,8.134401351237996458e-01,1.036016627372298715e-01,2.581123109947802870e-03,3.450583182782999359e+00,0.000000000000000000e+00,-3.725517983890060808e-02,1.408539907269279190e-01,5.511114594676633921e-02,1.469238739226960966e-01,8.339885479809887314e-02,2.588464661756217575e-02,9.636064236390884039e-03,1.371526644840703302e+00,-2.860284454149891742e-01,-7.892824841703002248e-01
7.000000000000000000e+03,-9.360128913029189257e-02,2.255571869128949677e-02,-6.234301545637195296e-01,-7.347898935674448788e-04,-1.933596456300890401e-02,-8.362244864380119144e-03,-1.168591755566219387e-02,1.275336062055486996e+00,-5.164167585359961121e-01,-9.744958279944605783e-02,8.134401351237996458e-01,1.036016627372298715e-01,0.000000000000000000e+00,3.437883779963505582e+00,0.000000000000000000e+00,-6.646413432699246893e-02,1.455491565258175135e-01,6.654763010078335039e-02,1.785304474649617168e-01,8.261620413634575277e-02,2.111195560396497695e-02,9.703959863847422262e-03,1.371526644840703524e+00,-2.860284454149891742e-01,-7.892824841703002248e-01
7.100000000000000000e+03,-1.181459222985732221e-01,2.255571869128949331e-02,-6.261734938709746512e-01,-7.353529903492099637e-04,-1.952808068719953660e-02,-8.487270891175804910e-03,-1.168591755566219213e-02,1.470735041060016624e+00,-5.164167585359961121e-01,-1.168099224972837108e-01,8.134401351237996458e-01,1.076195061795364449e-01,0.000000000000000000e+00,2.870530590364544388e+00,0.000000000000000000e+00,-6.682473560816455660e-02,1.455491565258175413e-01,8.044910360766642510e-02,1.778679333929930051e-01,8.103116958303314965e-02,2.110921163626638605e-02,9.919701667233394790e-03,1.371526644840703302e+00,-2.993445540729570142e-01,-7.892824841703002248e-01
7.200000000000000000e+03,-1.180116165400762057e-01,2.817387001730358581e-02,-6.264543449754366167e-01,-7.347898935674448788e-04,-1.952419955337750257e-02,-8.494298941940038941e-03,-1.168591755566219387e-02,1.471513884413964135e+00,-5.164167585359961121e-01,-8.836994969843928183e-02,8.134401351237996458e-01,1.036432161612350356e-01,7.676984844937842110e-04,2.861691083721000783e+00,0.000000000000000000e+00,-4.203225023556426271e-02,1.455491565258175135e-01,8.047570722877711580e-02,1.782820326098905062e-01,8.212217856662450133e-02,2.109687201099172058e-02,7.207423779623409361e-03,1.371526644840703524e+00,-2.983072934337928084e-01,-7.892824841703002248e-01
7.300000000000000000e+03,-8.866293391468636764e-02,3.067190108102018156e-02,-6.400756235418385565e-01,-7.931489319024274346e-04,-1.247011333920274023e-02,-8.369868391730287890e-03,-1.168591755566219387e-02,1.509287787080410004e+00,-5.164167585359961121e-01,-8.069937882333783064e-02,8.134401351237996458e-01,1.036016627372298715e-01,0.000000000000000000e+00,2.788079571338249352e+00,0.000000000000000000e+00,-5.467725623917000372e-02,1.455491565258175135e-01,8.736398113465686233e-02,1.817869362876937123e-01,8.402404358679753382e-02,2.049840018517041715e-02,6.895356769095402870e-03,1.371526644840703302e+00,-2.860284454149891742e-01,-7.892824841703002248e-01
7.400000000000000000e+03,-8.866293391468636764e-02,3.201837082130473688e-02,-6.400756235418385565e-01,-8.039806739111224733e-04,-1.160201720745713400e-02,-8.629451206657709830e-03,-1.168591755566219387e-02,1.439546615220513415e+00,-5.164167585359961121e-01,-7.552081175767073884e-02,8.134401351237996458e-01,1.036016627372298715e-01,1.444535676118309823e-03,2.788079571338249352e+00,0.000000000000000000e+00,-5.620759531603966574e-02,1.455491565258175135e-01,7.887680589497521322e-02,1.817869362876937123e-01,8.339885479809887314e-02,2.049840018517041368e-02,6.895356769095402870e-03,1.371526644840703524e+00,-2.860284454149891742e-01,-7.892824841703002248e-01
7.500000000000000000e+03,-8.866293391468636764e-02,3.107328832850922776e-02,-6.400756235418385565e-01,-8.039806739111225817e-04,-1.160201720745713400e-02,-8.362244864380119144e-03,-1.168591755566219387e-02,1.509287787080410004e+00,-5.164167585359961121e-01,-9.109172109633340009e-02,8.134401351237996458e-01,1.036016627372298715e-01,0.000000000000000000e+00,2.788079571338249352e+00,0.000000000000000000e+00,-1.618791583748463783e-02,1.455491565258175135e-01,5.981280788632818007e-02,1.817869362876937123e-01,8.339885479809887314e-02,2.043391231367033475e-02,6.895356769095402870e-03,1.371526644840703302e+00,-2.860284454149891742e-01,-7.977125353474759928e-01
7.600000000000000000e+03,-8.910398937751307091e-02,3.099340272732648005e-02,-6.400756235418385565e-01,-8.039806739111225817e-04,-7.290729300745306396e-03,-7.969016783784820673e-03,-1.170155252051818980e-02,1.509287787080410004e+00,-5.164167585359961121e-01,-8.761232702700916253e-02,8.134401351237996458e-01,1.036016627372298715e-01,0.000000000000000000e+00,2.488260843475727402e+00,0.000000000000000000e+00,-1.618791583748463783e-02,1.455491565258175135e-01,6.315641702270095859e-02,1.817869362876937123e-01,8.377493831125044921e-02,1.680230353147673869e-02,6.895356769095402870e-03,1.371526644840703302e+00,-2.860284454149891742e-01,-8.008713293298698188e-01
7.700000000000000000e+03,-8.866293391468636764e-02,3.112514394534143455e-02,-6.400756235418385565e-01,-8.439774937422110570e-04,-7.388034018254277351e-03,-1.318804381709528725e-02,-1.168591755566219387e-02,1.578535008425730801e+00,-5.164167585359961121e-01,-9.526762273540947956e-02,8.134401351237996458e-01,1.042107838980104451e-01,0.000000000000000000e+00,2.450352728458627283e+00,9.471532275278546874e-04,-1.303881887840689993e-02,1.766021368960125071e-01,5.977659179368203374e-02,1.817869362876937123e-01,8.339885479809887314e-02,1.677416218668702219e-02,6.895356769095402870e-03,1.371526644840703302e+00,-2.787592327559035299e-01,-8.008713293298698188e-01
7.800000000000000000e+03,-8.890761895821412686e-02,3.097450539958961774e-02,-6.397065358957449988e-01,-1.160315977860814978e-03,-6.542339771598164148e-03,-7.604793044478622491e-03,-1.168591755566219387e-02,2.118702316338603175e+00,-5.164167585359961121e-01,-1.341723507405400417e-01,8.134401351237996458e-01,1.036016627372298715e-01,0.000000000000000000e+00,2.450352728458627283e+00,0.000000000000000000e+00,-8.109212986839956297e-03,1.455491565258175135e-01,6.006444844871777072e-02,1.817869362876937123e-01,8.670667433517284528e-02,1.677416218668702219e-02,7.949578216105514239e-03,1.371526644840703302e+00,-2.787592327559035299e-01,-8.010523608378491422e-01
7.900000000000000000e+03,-6.641455582967670246e-02,3.107328832850922776e-02,-6.400756235418385565e-01,-9.273467081364765484e-04,-6.441066523911674092e-03,-7.680713152037551422e-03,-1.168591755566219387e-02,2.015477217469330729e+00,-6.476846457919480660e-01,-1.849929159305968573e-01,8.134401351237996458e-01,1.036016627372298715e-01,0.000000000000000000e+00,2.450352728458627283e+00,0.000000000000000000e+00,-6.379754794164986878e-03,1.455491565258175135e-01,5.991679221730833449e-02,1.817869362876937123e-01,8.339885479809887314e-02,1.677416218668702219e-02,8.082870582968866568e-03,1.375563888081351660e+00,-2.787592327559035299e-01,-7.974923716958537412e-01
8.000000000000000000e+03,-6.641455582967670246e-02,3.105993183604913860e-02,-4.636965457054531004e-01,-1.274267211206495803e-03,-6.441066523911674092e-03,-1.037516639621840521e-02,-1.168591755566219387e-02,2.126217577247821122e+00,-6.476846457919480660e-01,-1.368427394611813619e-01,8.134401351237996458e-01,1.036016627372298715e-01,4.668397538994913283e-03,2.450352728458627283e+00,3.819633519076631300e-03,-6.531460087030606897e-03,1.455491565258175135e-01,5.991679221730833449e-02,1.817869362876937123e-01,1.153288993784488681e-01,1.656562377700782421e-02,8.082870582968866568e-03,1.371526644840703524e+00,-2.799566976705193388e-01,-8.010523608378490312e-01
8.100000000000000000e+03,-6.641455582967670246e-02,3.107328832850922776e-02,-4.636965457054531004e-01,-1.274267211206495587e-03,-6.441066523911674960e-03,-1.082600250416768106e-02,-1.168813038740515800e-02,1.688195410485695991e+00,-6.476846457919479549e-01,-1.972132364491357981e-01,8.134401351237996458e-01,1.036016627372298715e-01,0.000000000000000000e+00,2.622931600216162895e+00,0.000000000000000000e+00,-6.531460087030606029e-03,1.455491565258175135e-01,7.541350011425750066e-02,1.817869362876937123e-01,1.153288993784488681e-01,1.663707182320183983e-02,8.082272330477579050e-03,1.371526644840703302e+00,-2.787592327559035299e-01,-8.017632655332121994e-01
8.200000000000000000e+03,-6.637828838982372248e-02,3.107328832850922776e-02,-4.430444867873266634e-01,-1.247323650023381093e-03,-6.441066523911675827e-03,-1.359297733705162360e-02,-1.168591755566219213e-02,1.691898508782641031e+00,-6.476846457919479549e-01,-1.972132364491357703e-01,8.134401351237996458e-01,1.038905542332039106e-01,0.000000000000000000e+00,2.622931600216162895e+00,0.000000000000000000e+00,-6.531460087030605162e-03,1.455491565258175413e-01,7.534111973856562339e-02,1.822152932461789110e-01,1.153288993784488681e-01,1.663707182320183983e-02,8.082870582968866568e-03,1.371526644840703080e+00,-2.782963207872967693e-01,-8.017632655332121994e-01
8.300000000000000000e+03,-6.641455582967670246e-02,3.107328832850922776e-02,-4.689707046490501074e-01,-1.190268598982703683e-03,-6.419384485607779016e-03,-1.294482899066062148e-02,-1.168591755566219387e-02,1.688947040774107400e+00,-6.476846457919480660e-01,-2.387760669422906989e-01,8.134401351237996458e-01,1.065668148658756031e-01,0.000000000000000000e+00,2.622931600216163339e+00,0.000000000000000000e+00,-6.531460087030606897e-03,1.455491565258175135e-01,7.508561711629208046e-02,1.808968500400197632e-01,8.215674109281280446e-02,1.590631329055450585e-02,8.082870582968866568e-03,1.371526644840703524e+00,-2.787592327559035299e-01,-8.017632655332121994e-01
8.400000000000000000e+03,-6.650549353717936929e-02,3.107328832850922776e-02,-4.921594933367737790e-01,-1.274267211206495587e-03,-3.837951554005796569e-03,-1.286671496885896659e-02,-1.168591755566219213e-02,1.688947040774107400e+00,-6.476846457919479549e-01,-2.907296050587329650e-01,8.134401351237996458e-01,1.036016627372298715e-01,0.000000000000000000e+00,2.622931600216162895e+00,0.000000000000000000e+00,-6.512229570898425343e-03,1.455491565258175413e-01,9.084628018482558687e-02,1.817869362876937123e-01,7.821851112569633280e-02,1.663707182320183983e-02,6.457047506313746618e-03,1.371526644840703302e+00,-2.775515977461390782e-01,-8.017632655332121994e-01
8.500000000000000000e+03,-6.632970453833213209e-02,3.120569538749155478e-02,-4.921594933367738345e-01,-1.274267211206495587e-03,-3.837951554005796569e-03,-1.285330452539541757e-02,-1.711888060472245565e-02,1.720068841959610406e+00,-6.476846457919479549e-01,-2.912750127228394548e-01,8.134401351237996458e-01,1.036016627372298715e-01,0.000000000000000000e+00,2.622931600216162895e+00,0.000000000000000000e+00,-6.531460087030605162e-03,1.455491565258175413e-01,9.282024042640987793e-02,1.817869362876937123e-01,7.821851112569633280e-02,1.663707182320183983e-02,5.182400295904374989e-03,1.371526644840703080e+00,-1.610824948975420334e-01,-8.017632655332121994e-01
8.600000000000000000e+03,-6.641455582967670246e-02,3.118847606301477712e-02,-4.921594933367737790e-01,-1.274267211206495587e-03,-3.837951554005796136e-03,-1.286671496885896833e-02,-1.712950396630168182e-02,1.723177356194960597e+00,-6.476846457919479549e-01,-3.306030534076142557e-01,8.134401351237996458e-01,1.036016627372298715e-01,0.000000000000000000e+00,2.622931600216162895e+00,0.000000000000000000e+00,-6.564425244868913809e-03,1.455491565258175135e-01,9.282024042640985018e-02,1.817869362876937123e-01,7.821851112569633280e-02,1.663707182320183983e-02,5.182400295904374121e-03,1.371526644840703302e+00,-1.610824948975420334e-01,-8.017632655332121994e-01
8.700000000000000000e+03,-6.610089308631876548e-02,3.769836611054497993e-02,-4.921594933367737790e-01,-1.274267211206495587e-03,-3.837951554005796136e-03,-1.286671496885896833e-02,-1.711888060472245565e-02,1.719974225324892636e+00,-6.476846457919479549e-01,-2.680866695426268875e-01,8.136798892515680892e-01,1.036016627372298715e-01,1.935991403400065926e-03,2.622931600216162895e+00,0.000000000000000000e+00,-6.531460087030606029e-03,1.455491565258175135e-01,9.282024042640985018e-02,1.817869362876937123e-01,7.821851112569633280e-02,1.663707182320183983e-02,5.182400295904374121e-03,1.371526644840703302e+00,-1.610824948975420334e-01,-8.017632655332121994e-01
8.800000000000000000e+03,-6.631790099782919334e-02,3.763756086447332672e-02,-4.921594933367737790e-01,-8.452065437050667934e-04,-4.664670487306489532e-03,-1.286671496885896833e-02,-1.711888060472245565e-02,1.721278729490870685e+00,-6.476846457919479549e-01,-1.963919066126054158e-01,8.134401351237996458e-01,1.036016627372298715e-01,0.000000000000000000e+00,2.563013200090663357e+00,0.000000000000000000e+00,-8.503971968984695359e-03,1.590137453917615795e-01,9.282024042640985018e-02,1.817869362876937123e-01,7.821851112569633280e-02,1.617890151458970666e-02,5.182400295904374121e-03,1.371526644840703302e+00,-1.623469352247116915e-01,-8.017632655332121994e-01
8.900000000000000000e+03,-5.097001945117386745e-02,3.763756086447332672e-02,-4.921594933367737235e-01,-8.485563600215424024e-04,-4.597853856152573152e-03,-1.229888291851050953e-02,-1.801790760394944221e-02,1.792418717908151882e+00,-6.476846457919480660e-01,-2.294927618410466386e-01,8.134401351237996458e-01,1.037931931288108567e-01,0.000000000000000000e+00,2.554671965019825741e+00,0.000000000000000000e+00,-1.177637689937801463e-02,1.672698101696453721e-01,9.321741766591065681e-02,1.817869362876937123e-01,7.543391053729546492e-02,1.617831636732455780e-02,3.738782105156227865e-03,1.371526644840703524e+00,-1.619268621927006657e-01,-8.017632655332121994e-01
9.000000000000000000e+03,-4.999029671527875640e-02,3.112711514080236663e-02,-4.685195641883438400e-01,-8.496535529369674987e-04,-5.454741365515028764e-03,-1.230312376795968110e-02,-1.803644424310876099e-02,1.802283678917528498e+00,-6.476846457919479549e-01,-2.297293345766956429e-01,8.134401351237996458e-01,1.036016627372298715e-01,2.973566899583720419e-03,2.549479962967299951e+00,0.000000000000000000e+00,-1.176285907254206835e-02,1.672138291035530078e-01,5.790104442510049521e-02,1.817869362876937123e-01,7.537649609217379754e-02,1.617949872674692355e-02,4.527813423065115382e-03,1.371526644840703302e+00,-1.623599706920021146e-01,-8.017632655332121994e-01
9.100000000000000000e+03,-5.003051184662263284e-02,3.115100668393502512e-02,-3.113651626204261835e-01,-8.496535529369674987e-04,-5.454741365515028764e-03,-1.268914210409512362e-02,-1.803644424310876099e-02,1.796310329076412415e+00,-6.476846457919479549e-01,-3.102205271312895030e-01,8.134401351237996458e-01,1.036016627372298715e-01,0.000000000000000000e+00,2.555419775262931736e+00,0.000000000000000000e+00,-8.950833541198039561e-03,1.672138291035530078e-01,5.800641815743546453e-02,1.817869362876937123e-01,7.499163720849140458e-02,1.617949872674692355e-02,4.530070679248066404e-03,1.371526644840703302e+00,-1.611424023776802383e-01,-8.017632655332121994e-01
9.200000000000000000e+03,-4.926002792793343632e-02,3.114117385167913463e-02,-3.317981568837956585e-01,-7.953425036234237694e-04,-5.795127621175854421e-03,-1.232285915688042903e-02,-1.711888060472245565e-02,2.372686222412712986e+00,-6.476846457919480660e-01,-2.916195814308579215e-01,8.134401351237996458e-01,1.036542743852378878e-01,0.000000000000000000e+00,2.622931600216163339e+00,0.000000000000000000e+00,-9.260288285335732672e-03,1.699848918751238891e-01,3.158981540627414653e-02,1.817869362876937123e-01,7.821851112569633280e-02,1.612097193533989711e-02,4.444087195143815380e-03,1.371526644840703524e+00,-1.610824948975420334e-01,-8.017632655332121994e-01
9.300000000000000000e+03,-4.903945240386099746e-02,3.151309385332012186e-02,-3.317981568837956585e-01,-7.953425036234237694e-04,-5.783179202633738185e-03,-1.110456633555399406e-02,-1.711888060472245565e-02,2.350856561763609243e+00,-6.476846457919480660e-01,-2.916195814308579215e-01,8.134401351237996458e-01,1.444359810415928869e-01,3.260996481274296404e-03,3.259879399990717186e+00,0.000000000000000000e+00,-9.260288285335732672e-03,1.699848918751238891e-01,2.515027722678242483e-02,1.817869362876937123e-01,7.835425207464909170e-02,1.612097193533989711e-02,4.444087195143815380e-03,1.371526644840703524e+00,-1.610824948975420334e-01,-8.017632655332121994e-01
9.400000000000000000e+03,-4.860821821844464596e-02,3.054572651417327561e-02,-3.317981568837957140e-01,-8.074843690244752799e-04,-5.795127621175854421e-03,-1.113282492161618738e-02,-1.713843847279019825e-02,1.655014344714229590e+00,-6.476846457919479549e-01,-3.330021020803447529e-01,8.134401351237996458e-01,1.444359810415928869e-01,0.000000000000000000e+00,3.391292478967846691e+00,0.000000000000000000e+00,-9.223957983373739719e-03,1.699848918751238891e-01,3.121899836229798803e-02,1.817869362876937123e-01,9.287881776783711574e-02,1.612097193533989711e-02,4.444087195143815380e-03,1.373886762363772052e+00,-1.610824948975420334e-01,-8.017632655332121994e-01
9.500000000000000000e+03,-4.903945240386100440e-02,3.054572651417327561e-02,-3.199730176280392580e-01,-8.074843690244752799e-04,-5.774750208171285266e-03,-1.590411416303591507e-02,-1.710326992733431084e-02,1.660262129926727059e+00,-9.203402347634105363e-01,-3.315057731553947007e-01,8.140985879091866551e-01,1.449088039066090960e-01,0.000000000000000000e+00,3.391292478967846691e+00,0.000000000000000000e+00,-9.260288285335732672e-03,1.687007225059379001e-01,3.123783397973154199e-02,1.817869362876937123e-01,8.013194818110064288e-02,1.612097193533989711e-02,4.653230243113830669e-03,1.371526644840703302e+00,-1.608472802368921262e-01,-8.017632655332121994e-01
9.600000000000000000e+03,-4.903945240386100440e-02,3.054572651417327561e-02,-3.317981568837957140e-01,-8.080842719273917743e-04,-3.798141146728110668e-03,-1.585815343514964185e-02,-1.711888060472245565e-02,1.647344074514102141e+00,-9.203402347634105363e-01,-3.346028135034742057e-01,8.134401351237996458e-01,1.444359810415928869e-01,0.000000000000000000e+00,3.391292478967846691e+00,0.000000000000000000e+00,-9.260288285335732672e-03,1.699848918751238891e-01,2.999827226640295122e-02,1.817869362876937123e-01,8.023191192666073723e-02,1.612097193533989711e-02,4.653230243113830669e-03,1.371526644840703302e+00,-1.610824948975420334e-01,-8.234570488859470627e-01
9.700000000000000000e+03,-4.903945240386100440e-02,3.054572651417327214e-02,-3.317981568837957140e-01,-8.074843690244752799e-04,-3.653471703412371468e-03,-8.761050990380367387e-03,-1.710892277238031112e-02,1.653836331430008855e+00,-8.502536780910090464e-01,-3.827330742306551681e-01,8.134401351237996458e-01,1.444359810415929146e-01,0.000000000000000000e+00,3.531885157530296748e+00,0.000000000000000000e+00,-9.218412118883620443e-03,1.761197148903785314e-01,4.363000880197170223e-02,1.738481496667473869e-01,8.203738760352986825e-02,1.612097193533989711e-02,5.343241613816648861e-03,1.371526644840703302e+00,-1.610824948975420334e-01,-8.234570488859471737e-01
9.800000000000000000e+03,-5.807637038162809240e-02,3.048090117254115272e-02,-3.317981568837957140e-01,-4.916768698917864519e-04,-3.798141146728110668e-03,-1.008253917476622900e-02,-1.711888060472245565e-02,1.108061595965255330e+00,-8.502536780910090464e-01,-2.514671331609900640e-01,8.134401351237996458e-01,1.444359810415929146e-01,0.000000000000000000e+00,3.374564863800087799e+00,0.000000000000000000e+00,-9.260288285335732672e-03,1.699848918751238891e-01,4.581391991632707827e-02,1.729356454574432211e-01,8.013194818110065676e-02,1.612837727242810368e-02,5.331612515263662797e-03,1.371526644840703302e+00,-1.610824948975420334e-01,-8.234570488859471737e-01
9.900000000000000000e+03,-5.324389688905399598e-02,2.332734714100913667e-02,-2.807049261485946579e-01,-4.916768698917864519e-04,-3.798141146728110668e-03,-7.698944775436034060e-03,-1.687438308788241637e-02,9.304908551490189694e-01,-8.502536780910090464e-01,-2.512881232532360176e-01,8.134401351237996458e-01,1.444359810415928869e-01,0.000000000000000000e+00,1.950839985082941652e+00,0.000000000000000000e+00,-9.228479490621556772e-03,1.699848918751238891e-01,5.764564781090257550e-02,1.729356454574432211e-01,4.531991447383763166e-02,1.489996799956399762e-02,5.343241613816647993e-03,1.371526644840703302e+00,-1.610824948975420334e-01,-8.217313046177240343e-01
