-1.000000000000000000e+00,0.000000000000000000e+00,0.000000000000000000e+00,0.000000000000000000e+00,1.378809081600753217e+00,8.400910564282696238e-03,8.911735699844325342e-01,0.000000000000000000e+00,5.310204603064689992e-03,-9.885423627459701337e-03,0.000000000000000000e+00,1.926498186640477783e+00,0.000000000000000000e+00,0.000000000000000000e+00,-7.820001178966151656e-01,-6.199415118693871359e-03,-1.138644085486238744e+00,1.642405853819492334e+00,0.000000000000000000e+00,0.000000000000000000e+00,0.000000000000000000e+00,-4.341284852433993993e-03,3.856011879447073243e-01,0.000000000000000000e+00,0.000000000000000000e+00,-2.929093489978281117e-01
0.000000000000000000e+00,0.000000000000000000e+00,0.000000000000000000e+00,0.000000000000000000e+00,1.378809081600753217e+00,0.000000000000000000e+00,8.949118507551464541e-01,0.000000000000000000e+00,0.000000000000000000e+00,0.000000000000000000e+00,0.000000000000000000e+00,1.935495222958962591e+00,2.713801730769796298e-03,0.000000000000000000e+00,-7.820001178966151656e-01,0.000000000000000000e+00,-1.131420204681156338e+00,1.635652007614520898e+00,0.000000000000000000e+00,0.000000000000000000e+00,0.000000000000000000e+00,-4.775413337677392872e-02,3.856011879447073243e-01,0.000000000000000000e+00,0.000000000000000000e+00,-2.929093489978281117e-01
1.000000000000000000e+02,0.000000000000000000e+00,0.000000000000000000e+00,0.000000000000000000e+00,1.375803406404883411e+00,-2.965863558460245177e-04,8.941818646271193494e-01,5.930662584760355545e-04,1.854409943913674086e-01,0.000000000000000000e+00,0.000000000000000000e+00,2.817204782170470434e+00,0.000000000000000000e+00,0.000000000000000000e+00,-7.859251206300850168e-01,3.431347470517277006e-03,-1.134881677656916832e+00,1.635652007614520898e+00,3.641884741239145296e-01,0.000000000000000000e+00,-4.433326477443880198e-02,1.289576595956369413e-02,3.856011879447073243e-01,0.000000000000000000e+00,2.733269459386079066e-03,-2.929093489978281117e-01
2.000000000000000000e+02,0.000000000000000000e+00,5.269504136548367173e-04,-3.929117948380173031e-01,1.378809081600753217e+00,-2.269351852276187196e-04,7.512062157801492335e-01,5.930662584760355545e-04,1.846851339930948577e-01,-2.914461327667560754e-03,0.000000000000000000e+00,2.877932541371083452e+00,0.000000000000000000e+00,0.000000000000000000e+00,-7.820001178966151656e-01,-2.597408814659193932e-01,-1.046256987440954189e+00,1.635652007614520898e+00,3.641884741239145296e-01,-3.662368262245971947e-03,-4.407514310323894235e-02,0.000000000000000000e+00,3.856011879447073243e-01,1.210816232815831450e-01,-1.223952451568312399e-05,-2.929093489978281117e-01
3.000000000000000000e+02,0.000000000000000000e+00,0.000000000000000000e+00,-3.929112554530297396e-01,1.378809081600753217e+00,-2.481142033996218150e-04,7.471073460654032994e-01,6.552384078699395814e-04,1.854409943913674086e-01,0.000000000000000000e+00,0.000000000000000000e+00,3.782891678348626385e+00,6.871516093765239752e-03,-1.209046626031977517e-01,-9.030607170803284234e-01,-2.597408814659193932e-01,-1.524533834217542960e+00,1.635652007614520898e+00,3.646490545109337122e-01,0.000000000000000000e+00,-3.810416513561001861e-02,0.000000000000000000e+00,3.856011879447073243e-01,1.210816232815831450e-01,-2.145479366070396701e-03,-2.971553517966617486e-01
4.000000000000000000e+02,-1.694921974808500688e-05,-1.956554725581766407e-01,-3.987480189037429512e-01,1.378809081600753217e+00,-2.595692508924570051e-04,7.491395751431751959e-01,5.930662584760355545e-04,1.355424573668261023e-01,0.000000000000000000e+00,3.985101907358480459e-03,3.782850568789285273e+00,0.000000000000000000e+00,-1.554488519183970796e-01,-9.377301713988102083e-01,-2.597408814659193932e-01,-1.523401023826875589e+00,1.635652007614520898e+00,3.641884741239145296e-01,2.520538695464464296e-01,-5.175991410017521249e-02,-3.377784028618751599e-01,3.870562972411189517e-01,1.210816232815831450e-01,0.000000000000000000e+00,-2.992587508907246785e-01
5.000000000000000000e+02,-1.694921974808500688e-05,-1.938996039283091555e-01,-4.454421265094479776e-01,7.983992686884707757e-01,-2.595692508924570051e-04,7.491395751431751959e-01,4.736750356200258166e-04,1.355424573668261023e-01,0.000000000000000000e+00,0.000000000000000000e+00,3.785807150232359586e+00,0.000000000000000000e+00,-1.554488519183970796e-01,-9.376494597042465129e-01,-2.948182781985771994e-01,-1.516533928761203187e+00,1.635652007614520898e+00,3.641884741239145296e-01,2.520538695464464296e-01,-5.171274958916939612e-02,-3.393240113703506200e-01,3.856011879447073243e-01,1.210816232815831450e-01,0.000000000000000000e+00,-2.992587508907246785e-01
6.000000000000000000e+02,-1.694921974808500688e-05,-1.753778851507447056e-01,-4.454421265094479776e-01,7.983992686884707757e-01,-2.595692508924570051e-04,6.303547494420975728e-01,4.736750356200258166e-04,1.361611684486305207e-01,0.000000000000000000e+00,0.000000000000000000e+00,3.506728332669734272e+00,0.000000000000000000e+00,-1.554488519183970796e-01,-9.376494597042465129e-01,-2.939906905959528416e-01,-1.523401023826875589e+00,1.746385209301410724e+00,3.641884741239145296e-01,2.520538695464464296e-01,-5.179483296307019896e-02,-3.377784028618751599e-01,6.081589221568869386e-01,1.210816232815831450e-01,0.000000000000000000e+00,-2.992587508907246785e-01
7.000000000000000000e+02,-1.694921974808500688e-05,-1.753778851507447056e-01,-4.454597093080766568e-01,1.111556371557839151e+00,-1.611099021126497096e-04,5.738795951466342249e-01,4.695733952313930625e-04,1.355424573668261023e-01,0.000000000000000000e+00,0.000000000000000000e+00,3.390707208006642936e+00,0.000000000000000000e+00,-1.554488519183970796e-01,-9.376494597042465129e-01,-3.100494420246749927e-01,-2.384638529975604104e+00,1.635652007614520898e+00,3.641884741239145296e-01,2.520538695464464296e-01,-5.179483296307019896e-02,-3.377784028618751599e-01,6.064066290905217871e-01,8.725668212244819255e-02,0.000000000000000000e+00,-2.992587508907246785e-01
8.000000000000000000e+02,-2.000402863796647967e-05,-1.753778851507447056e-01,-4.454421265094479776e-01,1.188800165195046166e+00,-1.611099021126497096e-04,5.718881893861202936e-01,4.736750356200258166e-04,1.355424573668261023e-01,0.000000000000000000e+00,0.000000000000000000e+00,3.419847197851922260e+00,-1.586645913037719891e-03,-1.554488519183970796e-01,-9.376494597042465129e-01,-2.948182781985771994e-01,-3.369058542559206781e+00,1.635652007614520898e+00,3.641884741239145296e-01,2.520538695464464296e-01,-2.601956504779549123e-02,-2.518312084645447091e-01,5.768759579168171170e-01,8.725668212244819255e-02,0.000000000000000000e+00,-2.992587508907246785e-01
9.000000000000000000e+02,-2.000402863796647967e-05,-2.331854215013286769e-01,-4.453275851175024225e-01,1.111556371557839151e+00,-1.611099021126497096e-04,5.738795951466342249e-01,4.736750356200258166e-04,1.373040870364903576e-01,-1.582951619778258101e-01,0.000000000000000000e+00,4.638819875073652454e+00,0.000000000000000000e+00,-8.652102250482228418e-02,-9.376494597042465129e-01,-2.357899313693157806e-01,-4.863747908143654541e+00,1.635652007614520898e+00,3.641884741239145296e-01,2.520538695464464296e-01,-1.939487401921207582e-02,-2.345288006826988236e-01,5.768759579168171170e-01,8.725668212244819255e-02,6.149848552646614008e-02,-2.992587508907246785e-01
1.000000000000000000e+03,-1.012234521974058661e-05,-2.333971810368832556e-01,-4.464558863834170443e-01,1.118805336878874623e+00,-1.611099021126497096e-04,5.668458053604379376e-01,4.692846571445225966e-04,1.373040870364903576e-01,-1.833232515132673102e-01,0.000000000000000000e+00,4.638819875073652454e+00,0.000000000000000000e+00,-8.652102250482228418e-02,-9.012943235240601370e-01,-2.357899313693157806e-01,-4.868420079786732302e+00,1.635652007614520898e+00,3.641884741239145296e-01,3.349735099221211598e-01,-2.083358387883977106e-02,-2.518312084645447091e-01,5.768759579168171170e-01,8.725668212244819255e-02,6.149848552646614008e-02,-4.431606604096980928e-01
1.100000000000000000e+03,-1.012234521974058661e-05,-2.368394201537584731e-01,-5.447475324290143028e-01,1.111556371557839151e+00,-1.823960115820018031e-04,5.738795951466342249e-01,4.736750356200258166e-04,1.373040870364903576e-01,-1.582951619778258101e-01,0.000000000000000000e+00,6.478832117167156568e+00,-4.523214896981262063e-03,-8.652102250482228418e-02,-9.376494597042465129e-01,-2.268954205303815030e-01,-4.866645216240400806e+00,1.635652007614520898e+00,3.641884741239145296e-01,3.349735099221211598e-01,-2.567099072507303750e-02,-1.837571255986638896e-01,5.401864351900699246e-01,8.725668212244819255e-02,6.119400334765768418e-02,-4.431606604096980928e-01
1.200000000000000000e+03,-1.012234521974058661e-05,-3.004058874632312137e-01,-5.447475324290143028e-01,9.924991138513922229e-01,-1.823960115820018031e-04,5.738795951466342249e-01,4.736750356200258166e-04,1.378427471705784557e-01,-1.582951619778258101e-01,0.000000000000000000e+00,7.177591108954798571e+00,-4.483049908485799429e-01,-8.652102250482228418e-02,-9.376494597042465129e-01,-3.309552162468624714e-01,-4.612092808824058920e+00,1.715420280254487784e+00,3.641884741239145296e-01,4.436963611606877245e-01,-2.460817489785178946e-02,-1.828703760587629679e-01,5.450729322505485364e-01,8.725668212244819255e-02,6.149848552646614008e-02,-4.919966328430970814e-01
1.300000000000000000e+03,-1.054687099537266369e-05,-2.331854215013286769e-01,-5.447475324290143028e-01,5.757987118788302494e-01,-1.344578068390408273e-04,5.712268237079637379e-01,4.736750356200258166e-04,1.373040870364903576e-01,-2.090793146283805859e-01,0.000000000000000000e+00,9.457247400089165978e+00,-3.075493034287472560e-01,-8.652102250482228418e-02,-9.376494597042465129e-01,-2.732326450376676430e-01,-3.714947360454690983e+00,1.775631921890853171e+00,3.641884741239145296e-01,3.349735099221211598e-01,-1.545879027116092881e-02,-1.837571255986638896e-01,5.456682162061664565e-01,1.257457839455492221e-01,6.149848552646614008e-02,-6.600277807936805186e-01
1.400000000000000000e+03,-1.225014527451673197e-05,-2.331854215013286769e-01,-3.570123917119786272e-01,5.757987118788302494e-01,-2.029335324601859176e-04,5.738795951466342249e-01,4.736750356200258166e-04,1.373040870364903576e-01,-2.079851812867182237e-01,0.000000000000000000e+00,1.357692526500576413e+01,-3.079963007512735995e-01,-6.455679151843175811e-02,-9.376494597042465129e-01,-2.357899313693157806e-01,-2.582456958156348126e+00,1.718300761171374758e+00,3.641884741239145296e-01,3.349735099221211598e-01,-1.545879027116092881e-02,-1.837571255986638896e-01,5.450729322505485364e-01,1.257457839455492221e-01,6.149848552646614008e-02,-6.629225363599946519e-01
1.500000000000000000e+03,-1.311026360800733000e-05,-2.331854215013286769e-01,-3.033737800785400451e-01,3.018178318011761063e-01,-2.144870558163656843e-04,5.738795951466342249e-01,4.736750356200258166e-04,1.373040870364903576e-01,-2.082729422877362124e-01,-8.544969709321880011e-04,1.357865571557909057e+01,-3.425883079133673625e-01,-6.455679151843175811e-02,-9.394463347818345911e-01,-2.357899313693157806e-01,-2.082114892501247372e+00,3.263229386575967617e+00,3.641884741239145296e-01,3.349735099221211598e-01,-1.545879027116092881e-02,-1.837571255986638896e-01,5.442160019092122658e-01,1.257457839455492221e-01,6.149848552646614008e-02,-8.287714329297751759e-01
1.600000000000000000e+03,-1.805897223920607973e-05,-2.331854215013286769e-01,-3.024707772302859254e-01,3.032898491749916881e-01,-2.144870558163656843e-04,5.738795951466342249e-01,4.752888623297715342e-04,1.373040870364903576e-01,-2.612216778709035570e-01,0.000000000000000000e+00,1.357865571557909057e+01,-3.566992929307886140e-01,-6.486091686953472657e-02,-9.376494597042465129e-01,-2.267240860934391367e-01,-2.087632347714050152e+00,3.250354631415997009e+00,3.707309819822433572e-01,3.349735099221211598e-01,-1.493588941482087810e-02,-1.837571255986638896e-01,5.450729322505485364e-01,1.257457839455492221e-01,6.149848552646614008e-02,-8.287714329297751759e-01
1.700000000000000000e+03,-1.805897223920607973e-05,-2.331854215013286769e-01,-3.033737800785400451e-01,1.697104151352406831e-01,-2.144870558163656843e-04,5.738795951466342249e-01,4.733103406523191310e-04,1.373040870364903576e-01,-2.665910055114570354e-01,0.000000000000000000e+00,1.364155544687982058e+01,-3.551309121145154735e-01,-6.455679151843175811e-02,-9.376494597042465129e-01,-1.541973238864255413e-01,-1.504921111448898285e+00,3.389582145059644169e+00,3.641884741239145296e-01,3.017663424317513776e-01,-1.546831677338698224e-02,-1.837571255986638896e-01,5.450729322505485364e-01,1.257457839455492221e-01,6.264933249990421726e-02,-9.630200994850629526e-01
1.800000000000000000e+03,-1.805897223920607973e-05,-2.331854215013286769e-01,-3.018467265528999577e-01,1.697104151352406831e-01,-2.144870558163656843e-04,5.738795951466342249e-01,2.676259337972439157e-04,1.298725390718005468e-01,-2.853836522533941822e-01,1.613394893634529856e-03,1.357865571557909057e+01,-3.545527090056082575e-01,-6.455679151843175811e-02,-6.268029879545907734e-01,-1.541973238864255413e-01,-1.499183431683050349e+00,3.263229386575967617e+00,3.439743889866596627e-01,3.017663424317513776e-01,-1.545879027116092881e-02,-1.837571255986638896e-01,5.438378505000469598e-01,1.560403452406191882e-01,6.322475598662324892e-02,-9.630200994850629526e-01
1.900000000000000000e+03,-7.328037691236016844e-06,-2.331854215013286769e-01,-3.036492295446751588e-01,1.697104151352406831e-01,-2.141002087573411119e-04,5.743201326149562913e-01,2.676259337972439157e-04,1.373040870364903576e-01,-2.853836522533941822e-01,0.000000000000000000e+00,1.357865571557909057e+01,-3.551309121145154735e-01,-6.435066475897321947e-02,-6.268074641252097123e-01,-1.504453631352179743e-01,-1.504921111448898285e+00,3.263229386575967617e+00,3.641884741239145296e-01,3.017663424317513776e-01,-1.545879027116092881e-02,-1.838913003604282226e-01,5.450729322505485364e-01,1.560403452406191882e-01,6.322475598662324892e-02,-1.009193232324506972e+00
2.000000000000000000e+03,-7.346985374296424911e-06,-2.331854215013286769e-01,-1.645278315669798652e-01,1.697104151352406831e-01,-2.144870558163656843e-04,5.758938114407855524e-01,2.676259337972439157e-04,1.371369671693990488e-01,-2.853836522533941822e-01,5.419343194711099751e-03,1.357865571557909057e+01,-3.551309121145154735e-01,-6.455679151843175811e-02,-6.268029879545907734e-01,-1.541973238864255413e-01,-1.504921111448898285e+00,3.263229386575967617e+00,3.641884741239145296e-01,3.017663424317513776e-01,-1.835734740449950983e-02,-1.837571255986638896e-01,6.963586760670272824e-01,1.561735401825855296e-01,6.322475598662324892e-02,-1.009193232324506972e+00
2.100000000000000000e+03,-4.634004232419911623e-06,-2.321775445063598009e-01,-1.809114953727398167e-01,1.697104151352406831e-01,-1.199219437163306055e-04,5.738795951466342249e-01,1.521085792341416907e-04,1.173963807423170219e-01,-2.853836522533941822e-01,0.000000000000000000e+00,1.357865571557909057e+01,-3.551309121145154735e-01,-6.455679151843175811e-02,-6.268029879545907734e-01,-1.541973238864255413e-01,-1.504921111448898285e+00,3.268527552834444183e+00,3.641884741239145296e-01,2.979687981704446376e-01,-1.835734740449950983e-02,-2.310781935646789020e-01,6.963586760670272824e-01,1.560838668186877443e-01,6.398880396543214777e-02,-1.006136530480669977e+00
2.200000000000000000e+03,-4.634004232419911623e-06,-2.331854215013286769e-01,-1.809114953727398167e-01,1.697104151352406831e-01,-1.199219437163306055e-04,6.869761235925720966e-01,1.521085792341416907e-04,1.173963807423170219e-01,-2.853836522533941822e-01,0.000000000000000000e+00,1.357865571557909057e+01,-3.959529477202974879e-01,-6.455679151843175811e-02,-6.268029879545907734e-01,-2.116578692448656263e-01,-1.504921111448898285e+00,3.379983380739608467e+00,3.641884741239145296e-01,3.017663424317513776e-01,-1.712989821265370471e-02,-2.313183320011749644e-01,6.963586760670272824e-01,1.901305130724216808e-01,6.398880396543214777e-02,-1.009193232324506972e+00
2.300000000000000000e+03,-4.634004232419911623e-06,-2.338097665645203771e-01,-1.809114953727398167e-01,1.697104151352406831e-01,-1.200300861699283309e-04,7.267133884662954069e-01,1.521085792341416907e-04,1.173963807423170219e-01,-2.853836522533941822e-01,0.000000000000000000e+00,1.359596088373100287e+01,-4.241993485106971828e-01,-6.455679151843175811e-02,-6.256931978134713246e-01,-2.116578692448656263e-01,-1.511498540506768018e+00,3.379983380739608467e+00,3.660131369779464072e-01,3.052362846927728079e-01,-1.712989821265370471e-02,-2.303788195828747609e-01,6.931018746775453598e-01,1.901305130724216808e-01,6.357112766793115988e-02,-1.009193232324506972e+00
2.400000000000000000e+03,-4.634004232419911623e-06,-3.088671444195829618e-01,-1.809114953727398167e-01,1.704822623029526307e-01,-1.199219437163306055e-04,6.869761235925720966e-01,1.521168041618845891e-04,1.173963807423170219e-01,-2.853836522533941822e-01,0.000000000000000000e+00,7.447936867431203645e+00,-4.241993485106971828e-01,-8.112305736146384338e-02,-7.279250721596056684e-01,-2.397453532272342258e-01,-1.504921111448898285e+00,3.379983380739608467e+00,2.533648435016004341e-01,3.329958227809444171e-01,-2.419786501703727680e-02,-2.916949985275763546e-01,6.963586760670272824e-01,1.901305130724216808e-01,6.398880396543214777e-02,-1.009193232324506972e+00
2.500000000000000000e+03,-4.634004232419911623e-06,-3.088671444195829618e-01,-1.809114953727398167e-01,1.700885702108105579e-01,-1.199219437163306055e-04,6.854370420174011880e-01,1.517284090457918753e-04,1.173963807423170219e-01,-2.853836522533941822e-01,3.992143233115566861e-03,7.447936867431203645e+00,-4.241993485106971828e-01,-8.112305736146384338e-02,-7.279250721596056684e-01,-2.400089702452593288e-01,-1.524593778954763224e+00,3.379983380739608467e+00,1.990361765005232431e-01,2.872261371663000218e-01,-2.100541727136800985e-02,-2.910160615104971371e-01,5.821340183817563796e-01,1.901305130724216808e-01,6.398880396543214777e-02,-1.009193232324506972e+00
2.600000000000000000e+03,-4.634004232419911623e-06,-4.313580896006492527e-01,-1.829720959472428687e-01,1.704519247999611575e-01,-1.193962895417938815e-04,6.869761235925720966e-01,1.070827448224376016e-04,1.173963807423170219e-01,-2.853836522533941822e-01,0.000000000000000000e+00,7.447936867431203645e+00,-4.241993485106971828e-01,-8.112305736146384338e-02,-7.279250721596056684e-01,-1.831035206097191004e-01,-1.504921111448898285e+00,3.370255006754077964e+00,1.507372031139091184e-01,3.740641470749609954e-01,-2.485829833480051113e-02,-1.628808390308741361e-01,5.839214650040656096e-01,1.901305130724216808e-01,6.378340151695967297e-02,-1.009193232324506972e+00
2.700000000000000000e+03,-4.634004232419911623e-06,-4.550988490764262817e-01,-2.391683839149427171e-01,1.539265763600641546e-01,-1.199219437163306055e-04,6.869761235925720966e-01,1.072339233087986609e-04,1.173963807423170219e-01,-2.853836522533941822e-01,0.000000000000000000e+00,7.447936867431203645e+00,-4.241993485106971828e-01,-8.112305736146384338e-02,-7.279250721596056684e-01,-1.828275266471790506e-01,-1.504921111448898285e+00,3.379983380739608467e+00,1.507372031139091184e-01,3.740641470749609954e-01,-2.487705369240987216e-02,-1.673989326132716560e-01,2.925368296744973451e-01,1.901305130724216808e-01,6.398880396543214777e-02,-1.004995842095047553e+00
2.800000000000000000e+03,-4.628825404911379375e-06,-4.550988490764262817e-01,-3.071325666222781692e-01,1.697104151352406831e-01,-1.199219437163306055e-04,6.869761235925720966e-01,5.800781156913651504e-05,1.173963807423170219e-01,-2.861777833282937999e-01,0.000000000000000000e+00,7.447936867431203645e+00,-3.463799038443511891e-01,-8.112305736146384338e-02,-7.585493707262043195e-01,-1.828275266471790506e-01,-1.504921111448898285e+00,3.379983380739608467e+00,1.507372031139091184e-01,3.740641470749609954e-01,-2.475963585506935072e-02,-1.628808390308741361e-01,2.947915920385862920e-01,1.833234884973902190e-01,6.398880396543214777e-02,-1.009193232324506972e+00
2.900000000000000000e+03,-4.634004232419911623e-06,-4.550988490764262817e-01,-3.071325666222781692e-01,1.697104151352406831e-01,-1.193992760043301898e-04,6.869761235925720966e-01,5.800781156913651504e-05,1.173963807423170219e-01,-2.853836522533941822e-01,0.000000000000000000e+00,7.459234164367411601e+00,-4.042762503143466635e-01,-8.112305736146384338e-02,-7.279250721596056684e-01,-1.828058733988346118e-01,-1.504921111448898285e+00,2.770418317304913725e+00,1.507372031139091184e-01,3.752025489642068501e-01,-2.494946055109032931e-02,-1.628808390308741361e-01,2.925368296744973451e-01,2.338098659002340318e-01,6.398880396543214777e-02,-1.009193232324506972e+00
3.000000000000000000e+03,-4.634004232419911623e-06,-4.550988490764262262e-01,-3.071325666222781692e-01,1.697104151352406554e-01,-1.199219437163305920e-04,6.845726585995232094e-01,5.800781156913652182e-05,1.173963807423170219e-01,-3.275618486744366065e-01,0.000000000000000000e+00,7.447936867431204533e+00,-4.042762503143466635e-01,-8.112305736146384338e-02,-7.279250721596056684e-01,-1.828275266471790228e-01,-1.504921111448898063e+00,2.766398754437684904e+00,1.507372031139091184e-01,3.740641470749609954e-01,-2.672719810444662211e-02,-1.628808390308741083e-01,2.660493204431998437e-01,2.338098659002340318e-01,5.618164940254197909e-02,-1.009193232324506972e+00
3.100000000000000000e+03,-4.644934019200082778e-06,-4.438491595940288748e-01,-3.071325666222781692e-01,1.697104151352406831e-01,-1.199219437163306055e-04,6.897521805385485871e-01,5.800781156913651504e-05,1.173963807423170219e-01,-3.019970240796264194e-01,0.000000000000000000e+00,9.815356239093864232e+00,-4.745983254326966994e-01,-8.112305736146384338e-02,-7.279250721596056684e-01,-1.828275266471790506e-01,-1.504921111448898285e+00,2.992713878905362446e+00,9.663181973854870210e-02,3.740641470749609954e-01,-3.438743176795298201e-02,-1.628808390308741361e-01,2.925368296744973451e-01,2.338098659002340318e-01,5.724435707117986327e-02,-1.009193232324506972e+00
3.200000000000000000e+03,-4.634004232419911623e-06,-3.538516437348483423e-01,-3.071325666222781692e-01,1.700388592523992271e-01,-6.532692161395887260e-05,6.869761235925720966e-01,5.800781156913651504e-05,1.173963807423170219e-01,-2.694850240903859384e-01,-3.994699033097680839e-03,9.824144723382515210e+00,-4.754017300122418965e-01,-8.112305736146384338e-02,-4.523995634320172043e-01,-1.828275266471790506e-01,-7.821597236726358648e-01,4.488326537319247578e+00,9.663181973854870210e-02,3.740641470749609954e-01,-4.688370440609720968e-02,-1.395779208608639299e-01,2.925368296744973451e-01,1.818611387056898732e-01,5.618164940254197909e-02,-1.009193232324506972e+00
3.300000000000000000e+03,-5.430790648494548354e-06,-3.106029914166414940e-01,-3.071325666222781692e-01,1.697104151352406831e-01,-9.675698046131968354e-05,5.696203194395009772e-01,5.800781156913651504e-05,1.174652077766205338e-01,-1.554389415984913647e-01,0.000000000000000000e+00,1.395485116780598567e+01,-4.519940989478090088e-01,-8.112305736146384338e-02,-4.523995634320172043e-01,-1.193392976817075207e-01,-7.827860333908033263e-01,4.468829698701641817e+00,1.124608024401890505e-01,3.740641470749609954e-01,-6.687245624311978498e-02,-1.392926878331604557e-01,2.925368296744973451e-01,1.881260155954981028e-01,8.313718489808395729e-02,-1.120058489364633925e+00
3.400000000000000000e+03,-5.430790648494548354e-06,-3.106029914166414940e-01,-3.071325666222781692e-01,1.697104151352406831e-01,-9.675698046131968354e-05,5.696203194395009772e-01,5.800781156913651504e-05,1.173963807423170219e-01,-1.554389415984913647e-01,0.000000000000000000e+00,1.395485116780598567e+01,-4.731418146859681095e-01,-8.112305736146384338e-02,-4.523995634320172043e-01,-1.192044384676429203e-01,-7.821597236726358648e-01,4.468978540128050625e+00,9.848243125000952225e-02,3.742275997859287329e-01,-6.379882150610832747e-02,-1.395779208608639299e-01,2.765156971581688716e-01,1.881260155954981028e-01,8.313718489808395729e-02,-1.120058489364633925e+00
3.500000000000000000e+03,-5.430790648494548354e-06,-3.362376491705393877e-01,-3.092471605880752761e-01,1.697104151352406831e-01,-9.675698046131968354e-05,5.696203194395009772e-01,5.800781156913651504e-05,1.271556065080253484e-01,-1.554389415984913647e-01,0.000000000000000000e+00,1.399504597777637471e+01,-4.754017300122418965e-01,-8.112305736146384338e-02,-4.540419653549718770e-01,-1.190279877546145532e-01,-7.809153281639801270e-01,4.612322133616720166e+00,9.848243125000952225e-02,3.740641470749609954e-01,-6.694090639439687074e-02,-1.395779208608639299e-01,2.873424067276368898e-01,1.881260155954981028e-01,8.313718489808395729e-02,-1.120058489364633925e+00
3.600000000000000000e+03,-5.430790648494548354e-06,-3.373014468896088913e-01,-3.092471605880752761e-01,1.697104151352406831e-01,-9.675698046131968354e-05,5.696203194395009772e-01,6.461173789724206995e-05,1.356193849486709568e-01,-1.554389415984913647e-01,0.000000000000000000e+00,1.334071956165714568e+01,-4.754017300122418965e-01,-8.112305736146384338e-02,-4.523995634320172043e-01,-1.197463029615256913e-01,-7.821597236726358648e-01,4.468829698701641817e+00,9.848243125000952225e-02,3.740641470749609954e-01,-6.718430180091829185e-02,-1.395779208608639299e-01,3.056553978045182807e-01,1.904959309551539082e-01,8.313718489808395729e-02,-1.120058489364633925e+00
3.700000000000000000e+03,-5.771120299386845609e-06,-3.359664489029710599e-01,-3.100774776705535474e-01,1.697104151352406831e-01,-7.635105381143046481e-05,5.587433574978091233e-01,7.066870897469471567e-05,1.760115271928702207e-01,-1.552346603081065368e-01,0.000000000000000000e+00,1.332277133752606879e+01,-5.695233556959992116e-01,-8.112305736146384338e-02,-4.523995634320172043e-01,-1.193392976817075207e-01,-7.738859641938433676e-01,4.468829698701641817e+00,9.375367508219659141e-02,3.740641470749609954e-01,-6.936921858894665172e-02,-2.047116485243321848e-01,4.252718664708697305e-01,1.895678499180307452e-01,8.286076450980084385e-02,-1.120058489364633925e+00
3.800000000000000000e+03,-5.314478210849420784e-06,-3.373014468896088913e-01,-3.092471605880752761e-01,2.496398493363070348e-01,-7.635105381143046481e-05,5.587433574978091233e-01,9.618390170399484769e-05,1.900276123919638072e-01,-1.554389415984913647e-01,0.000000000000000000e+00,1.215075211934138011e+01,-5.649695892352183391e-01,-8.112305736146384338e-02,-4.523995634320172043e-01,-1.156349401997265602e-01,-1.096252261325831201e+00,3.300978711491799000e+00,8.443945838801959758e-02,3.740641470749609954e-01,-6.687245624311978498e-02,-1.638814101712065263e-01,4.252333085138395585e-01,1.904959309551539082e-01,8.313718489808395729e-02,-1.123328940780287777e+00
3.900000000000000000e+03,-5.314478210849420784e-06,-3.373014468896088913e-01,-3.398203424000624806e-01,2.496398493363070348e-01,-6.915832490822875736e-05,5.587433574978091233e-01,9.618390170399484769e-05,1.896049361444523129e-01,-1.669022660359383292e-01,3.300562356114796203e-01,1.709613228729166323e+01,-5.649695892352183391e-01,-8.112305736146384338e-02,-4.523995634320172043e-01,-1.156349401997265602e-01,-1.528776527620338443e+00,4.473381759201720875e+00,8.443945838801959758e-02,3.740641470749609954e-01,-6.711109736744676202e-02,-1.128436122297990646e-01,4.252333085138395585e-01,1.904959309551539082e-01,8.313718489808395729e-02,-1.120058489364633925e+00
4.000000000000000000e+03,-5.314478210849420784e-06,-3.373014468896088913e-01,-3.398203424000624806e-01,2.496398493363070348e-01,-6.066939145505679669e-05,7.422347859525629810e-01,9.618390170399484769e-05,1.900486032664734648e-01,-1.669022660359383292e-01,3.300562356114796203e-01,1.476351644929201612e+01,-5.649695892352183391e-01,-8.112305736146384338e-02,-4.523995634320172043e-01,-1.156349401997265602e-01,-1.531532800805858630e+00,4.270946553426721692e+00,8.443945838801959758e-02,3.740641470749609954e-01,-6.341669111992180585e-02,-1.128436122297990646e-01,4.261015645600638169e-01,1.904959309551539082e-01,8.307547234671025516e-02,-1.520034697598970919e+00
4.100000000000000000e+03,-5.314478210849420784e-06,-4.104435077570422474e-01,-3.398203424000624806e-01,3.093151441682734926e-01,-5.567476006482061410e-05,7.422347859525629810e-01,9.618390170399484769e-05,1.720051177423074507e-01,-1.669022660359383292e-01,3.300562356114796203e-01,1.718149166275246031e+01,-5.649695892352183391e-01,-8.112305736146384338e-02,-4.523995634320172043e-01,-1.156349401997265602e-01,-1.534059351462704557e+00,3.191808374349482058e+00,8.410865802124017909e-02,3.740641470749609954e-01,-4.871754894017374382e-02,-1.128436122297990646e-01,4.252333085138395585e-01,1.899270371116433820e-01,8.313718489808395729e-02,-1.253260748879015063e+00
4.200000000000000000e+03,-5.314478210849420784e-06,-3.063949459648329099e-01,-3.398203424000624806e-01,3.878838968288012556e-01,-3.536724659246888566e-05,5.697527819153401785e-01,8.748568429068410057e-05,1.900276123919638072e-01,-2.373736305584242812e-01,3.300562356114796203e-01,9.757577719733662391e+00,-5.649695892352183391e-01,-8.112305736146384338e-02,-4.523995634320172043e-01,-1.156349401997265602e-01,-1.534059351462704557e+00,3.191808374349482058e+00,8.440695048379788512e-02,3.740641470749609954e-01,-4.871754894017374382e-02,-1.128436122297990646e-01,4.252333085138395585e-01,1.904959309551539082e-01,8.313718489808395729e-02,-1.258298737838034143e+00
4.300000000000000000e+03,-5.653183000840618888e-06,-3.048535871670128850e-01,-3.398203424000624806e-01,3.878838968288012556e-01,-3.536724659246888566e-05,5.697527819153401785e-01,8.748568429068410057e-05,1.372339709982012546e-01,-2.374523194741035848e-01,3.300562356114796203e-01,9.751783158157996567e+00,-3.211165685441877415e-01,-8.112305736146384338e-02,-4.523995634320172043e-01,-1.156349401997265602e-01,-1.534059351462704557e+00,3.191808374349482058e+00,8.443945838801959758e-02,3.740641470749609954e-01,-4.871754894017374382e-02,-1.128436122297990646e-01,4.252333085138395585e-01,1.177408361490024785e-01,7.930675889142826951e-02,-1.253260748879015063e+00
4.400000000000000000e+03,-6.838649765809809287e-06,-3.063949459648329099e-01,-3.420655328640789805e-01,3.878838968288012556e-01,-3.536724659246888566e-05,5.697527819153401785e-01,8.748568429068410057e-05,1.372339709982012546e-01,-2.365807750105273777e-01,3.300562356114796203e-01,9.794629497869012269e+00,-3.211165685441877415e-01,-8.112305736146384338e-02,-4.523995634320172043e-01,-1.156349401997265602e-01,-1.534059351462704557e+00,3.191808374349482058e+00,8.443945838801959758e-02,3.740641470749609954e-01,-4.871754894017374382e-02,-1.151026783990289210e-01,4.239105518343239676e-01,1.177408361490024785e-01,8.313718489808395729e-02,-1.253260748879015063e+00
4.500000000000000000e+03,-6.838649765809809287e-06,-3.063949459648329099e-01,-3.460250122479030521e-01,3.878838968288012556e-01,-3.536724659246888566e-05,5.697527819153401785e-01,7.042751116827582040e-05,1.372339709982012546e-01,-2.373736305584242812e-01,3.295531947905238068e-01,9.794629497869012269e+00,-3.216099139676668051e-01,-8.112305736146384338e-02,-4.147282203618658514e-01,-8.025816939613156231e-02,-1.016056396418316909e+00,2.485397845140966400e+00,8.467519290216403427e-02,3.740641470749609954e-01,-4.871754894017374382e-02,-1.128436122297990646e-01,3.451586364217338332e-01,1.177408361490024785e-01,4.686208852868718050e-02,-1.253260748879015063e+00
4.600000000000000000e+03,-6.812234043156743986e-06,-3.063949459648329099e-01,-3.480054134498551943e-01,3.878838968288012556e-01,-3.544211414780435143e-05,5.697527819153401785e-01,7.042751116827582040e-05,1.372339709982012546e-01,-2.373736305584242812e-01,3.300562356114796203e-01,9.989704592380036274e+00,-3.211165685441877415e-01,-8.112305736146384338e-02,-4.147282203618658514e-01,-6.177727641373522566e-02,-7.006590082216038740e-01,2.485683890698956677e+00,8.443945838801959758e-02,2.897439032591493380e-01,-4.175783239499194360e-02,-1.209122359603041763e-01,3.299811180168695235e-01,1.177408361490024785e-01,4.669750401675418217e-02,-1.253260748879015063e+00
4.700000000000000000e+03,-6.838649765809809287e-06,-2.584232460138896070e-01,-3.465559137921122579e-01,3.878838968288012556e-01,-3.219189574068117654e-05,5.697527819153401785e-01,7.042751116827582040e-05,1.291907922694686683e-01,-2.373736305584242812e-01,3.445448770804288019e-01,9.798042808517589464e+00,-3.211165685441877415e-01,-8.121474028890994512e-02,-4.147282203618658514e-01,-6.174323259219160337e-02,-7.410970545543291710e-01,2.478816284186103225e+00,8.443945838801959758e-02,3.202417753695989133e-01,-3.550898421227758478e-02,-1.209122359603041763e-01,2.829470726330115538e-01,1.177408361490024785e-01,4.686050765995877776e-02,-1.252581045726306241e+00
4.800000000000000000e+03,-6.838649765809809287e-06,-2.582559348774557395e-01,-3.465559137921123134e-01,3.878838968288012556e-01,-3.536724659246888566e-05,5.693918619936219061e-01,7.040443491688519234e-05,1.011898875941492221e-01,-2.373736305584242812e-01,3.300562356114796203e-01,1.252598026254272412e+01,-4.685064677769288366e-01,-8.112305736146384338e-02,-4.147282203618658514e-01,-6.174323259219160337e-02,-7.415846968145727303e-01,2.570065110402913078e+00,8.855412542815113697e-02,3.202417753695989133e-01,-3.550898421227758478e-02,-1.206365750112110280e-01,2.829470726330115538e-01,1.177296220057952314e-01,4.669750401675418217e-02,-1.251828927840656025e+00
4.900000000000000000e+03,-6.838649765809809287e-06,-2.584232460138896070e-01,-3.465559137921123134e-01,3.878838968288012556e-01,-3.536724659246888566e-05,8.126753981467746968e-01,7.042751116827582040e-05,1.010396667189048941e-01,-2.373736305584242812e-01,3.292040890519869478e-01,1.252598026254272412e+01,-4.687682790923465292e-01,-8.112305736146384338e-02,-4.147282203618658514e-01,-8.076380691228371433e-02,-7.410970545543291710e-01,1.908017064858177125e+00,8.443945838801959758e-02,3.202417753695989133e-01,-3.593417355197701252e-02,-1.209122359603041763e-01,2.829470726330115538e-01,1.173436532875628824e-01,4.669750401675418217e-02,-1.253260748879015063e+00
5.000000000000000000e+03,-6.835308055267647706e-06,-1.815633424417081587e-01,-3.465559137921122579e-01,3.878838968288012556e-01,-3.536724659246888566e-05,8.126753981467746968e-01,7.042751116827582040e-05,1.010396667189048803e-01,-3.300307643278400649e-01,3.307632472245499722e-01,1.228988540774082949e+01,-4.464001568325743907e-01,-8.112305736146384338e-02,-4.589631741186233627e-01,-8.055831204714625216e-02,-1.106311012968536067e+00,2.135435929649588171e+00,8.443945838801959758e-02,3.202417753695989133e-01,-4.656303428958985524e-02,-1.209122359603041763e-01,2.829470726330115538e-01,1.177408361490024785e-01,4.669750401675418217e-02,-1.253260748879015063e+00
5.100000000000000000e+03,-6.838649765809809287e-06,-1.815633424417081587e-01,-3.453645103853265619e-01,3.878838968288012556e-01,-2.534137732691437659e-05,7.733573949869262387e-01,7.042751116827582040e-05,1.010396667189048803e-01,-1.950559494336165101e-01,3.300562356114796203e-01,1.236422463966767360e+01,-4.178584803618528576e-01,-8.112305736146384338e-02,-5.474330816321376636e-01,-8.030111331477138292e-02,-1.106527808757680198e+00,2.143640221556870173e+00,8.443945838801959758e-02,3.202417753695989133e-01,-4.642095961238536239e-02,-1.209122359603041763e-01,2.829470726330115538e-01,1.173341921226706136e-01,5.276806397071114735e-02,-1.253260748879015063e+00
5.200000000000000000e+03,-6.838649765809809287e-06,-1.823291311095674438e-01,-3.467620842527874836e-01,3.878838968288012556e-01,-2.534137732691437659e-05,8.126753981467746968e-01,7.025309884754888637e-05,1.010396667189048941e-01,-1.950559494336165101e-01,3.300562356114796203e-01,1.254583551597961488e+01,-6.183422499684213536e-01,-8.112305736146384338e-02,-5.474330816321376636e-01,-9.617717069034745214e-02,-1.154133976826464014e+00,2.132147107128091967e+00,8.443945838801959758e-02,3.202417753695989133e-01,-4.642095961238536239e-02,-1.209122359603041763e-01,2.563195752352423473e-01,1.177408361490024785e-01,5.276806397071114735e-02,-1.253260748879015063e+00
5.300000000000000000e+03,-6.838649765809809287e-06,-1.815633424417081587e-01,-3.465559137921122579e-01,3.878838968288012556e-01,-2.290898433736276028e-05,8.141929961526100934e-01,7.042751116827582040e-05,1.010396667189048803e-01,-1.547857991572939851e-01,3.300562356114796203e-01,1.252598026254272412e+01,-6.048185969688073538e-01,-8.077795629248678277e-02,-5.474330816321376636e-01,-9.587067578994476480e-02,-1.106311012968536067e+00,1.535075209616965530e+00,8.443945838801959758e-02,2.931667354826617555e-01,-3.137536661909758745e-02,-1.209122359603041763e-01,2.829470726330115538e-01,1.178803692440872353e-01,5.276806397071114735e-02,-1.260337153001424904e+00
5.400000000000000000e+03,-3.950169901635808208e-06,-1.815733190617761783e-01,-3.768161607580834960e-01,3.878838968288012556e-01,-1.500829427598379196e-05,8.126753981467746968e-01,7.042751116827582040e-05,1.013656061603441655e-01,-1.547857991572939851e-01,3.300562356114796203e-01,1.182901838848674814e+01,-6.160960181344697917e-01,-8.112305736146384338e-02,-5.474330816321376636e-01,-8.241167023480699960e-02,-1.330314776591576820e+00,1.508090019803469239e+00,8.443945838801959758e-02,2.931667354826617555e-01,-3.137536661909758745e-02,-7.925479928873462032e-02,2.829470726330115538e-01,1.094593898540363736e-01,5.276806397071114735e-02,-1.253260748879015063e+00
5.500000000000000000e+03,-3.962291245278735312e-06,-1.815633424417081587e-01,-4.895567598016206112e-01,3.877014045076950799e-01,-1.500829427598379196e-05,4.865000663130401026e-01,7.060611317840728728e-05,1.010396667189048803e-01,-1.547857991572939851e-01,4.022009993823970619e-01,1.186624759566645793e+01,-5.888196421646488821e-01,-8.112305736146384338e-02,-5.499585740727628291e-01,-8.241167023480699960e-02,-1.328863858587834956e+00,1.413641855456233776e+00,8.443945838801959758e-02,2.931667354826617555e-01,-4.190522403276877861e-02,-7.646117707496634386e-02,2.829470726330115538e-01,8.047432782165485354e-02,5.276806397071114735e-02,-9.087643518040097179e-01
5.600000000000000000e+03,-4.462589936526405750e-06,-1.815633424417081587e-01,-4.895567598016206112e-01,3.878838968288012556e-01,-1.500829427598379196e-05,4.666856977420319463e-01,7.042751116827582040e-05,7.883942694132740903e-02,-1.547857991572939851e-01,4.022009993823970619e-01,1.186624759566645793e+01,-6.183422499684213536e-01,-8.112305736146384338e-02,-5.474330816321376636e-01,-8.210306424772477463e-02,-1.330314776591576820e+00,7.503753257247187669e-01,8.443945838801959758e-02,2.925502557505876844e-01,-3.810386216298453782e-02,-7.646117707496634386e-02,1.961165888974460425e-01,8.148460786612291007e-02,5.276806397071114735e-02,-6.893834804374190384e-01
5.700000000000000000e+03,-4.105214640095861102e-06,-1.815633424417081587e-01,-4.905893506280086247e-01,3.878724990281485208e-01,-9.024540616231533605e-06,5.454611970312460700e-01,7.269167627057464103e-05,1.011442799035346951e-01,-1.535701189925759713e-01,5.642463167892018960e-01,1.186624759566645793e+01,-6.191165103355275035e-01,-8.112305736146384338e-02,-5.474330816321376636e-01,-8.249322476742253218e-02,-1.323978102357983522e+00,7.503753257247187669e-01,8.443945838801959758e-02,2.931667354826617555e-01,-3.657970494011392182e-02,-7.646117707496634386e-02,1.961165888974460425e-01,8.047432782165485354e-02,5.276806397071114735e-02,-6.893834804374190384e-01
5.800000000000000000e+03,-4.105214640095861102e-06,-1.815633424417081587e-01,-4.895567598016206112e-01,3.878838968288012556e-01,-9.040535088535525890e-06,5.454611970312460700e-01,7.015507358227659215e-05,6.143692732583372340e-02,-1.547857991572939851e-01,3.111538737491102435e-01,1.156125515551148197e+01,-6.183422499684213536e-01,-8.112305736146384338e-02,-5.474330816321376636e-01,-8.268927090139796543e-02,-1.330314776591576820e+00,8.792143797576283948e-01,8.443945838801959758e-02,2.931667354826617555e-01,-2.327177957446198084e-02,-7.646117707496634386e-02,1.961165888974460425e-01,8.047432782165485354e-02,5.276806397071114735e-02,-6.893834804374190384e-01
5.900000000000000000e+03,-4.105214640095861102e-06,-1.815633424417081587e-01,-4.895567598016206112e-01,3.878838968288012556e-01,-9.040535088535525890e-06,5.454611970312460700e-01,7.042751116827582040e-05,6.143692732583372340e-02,-1.548463982761122126e-01,2.853513338360461615e-01,1.181920550242613288e+01,-6.183422499684213536e-01,-8.112305736146384338e-02,-4.026172358606668888e-01,-8.241167023480699960e-02,-1.331483386198571761e+00,9.436339067740828757e-01,8.443945838801959758e-02,2.931667354826617555e-01,-2.327177957446198084e-02,-8.413341157666030801e-02,1.961165888974460425e-01,5.930791539893808667e-02,6.817643452994710807e-02,-6.893834804374190384e-01
6.000000000000000000e+03,-4.094876495177782404e-06,-1.817815135275348548e-01,-4.917792632141820830e-01,3.878838968288012556e-01,-9.040535088535525890e-06,5.454611970312461811e-01,4.781833035317031074e-05,6.143692732583373034e-02,-1.547857991572939851e-01,2.853513338360461615e-01,1.129489821721387166e+01,-4.552693384359402518e-01,-4.842869557528758917e-02,-2.868071697469115056e-01,-8.211121217700827202e-02,-1.202317400740965381e+00,9.600852778056483405e-01,8.443945838801959758e-02,2.931667354826618110e-01,-2.327177957446197737e-02,-7.596897509989089525e-02,1.961165888974460425e-01,4.872470918757967201e-02,6.817643452994710807e-02,-7.393175299453307314e-01
6.100000000000000000e+03,-4.105214640095861102e-06,-1.815633424417081587e-01,-3.549486028829820228e-01,3.878838968288012556e-01,-9.051794898779984584e-06,5.454611970312461811e-01,4.761624253558192915e-05,6.143692732583373034e-02,-1.547857991572939851e-01,2.985866351030314614e-01,1.123281398647099394e+01,-7.342431088653165183e-01,-4.842869557528758917e-02,-2.867645592434903690e-01,-1.055578562474030757e-01,-1.202317400740965381e+00,1.020406971588055045e+00,8.443945838801959758e-02,2.931667354826618110e-01,-2.328192537650064162e-02,-8.451789624099143028e-02,1.961165888974460425e-01,3.505214001862445167e-02,6.792986157792037238e-02,-7.393175299453307314e-01
6.200000000000000000e+03,-7.527713201578008372e-06,-1.815633424417081587e-01,-4.411610961291689836e-01,3.878838968288012556e-01,-9.040535088535525890e-06,5.454611970312460700e-01,4.761624253558192915e-05,8.641150676873916858e-02,-1.547857991572939851e-01,2.117414542781566600e-01,1.123281398647099394e+01,-9.358056949044324391e-01,-4.836790880670473192e-02,-2.867645592434903690e-01,-1.051342585755667691e-01,-1.169016834092719614e+00,1.020406971588055045e+00,8.443945838801959758e-02,2.931667354826617555e-01,-2.327177957446198084e-02,-9.215725311238978645e-02,1.878213369923698861e-01,3.505214001862445167e-02,6.812657488953226259e-02,-7.421091880963015530e-01
6.300000000000000000e+03,-7.245605795719514341e-06,-1.815633424417081587e-01,-4.411610961291689836e-01,3.878838968288012556e-01,-9.040535088535525890e-06,5.454611970312460700e-01,4.761624253558192915e-05,8.641150676873916858e-02,-1.547857991572939851e-01,2.853513338360461615e-01,1.443203151880027413e+01,-9.319388384504390110e-01,-4.857348403607510828e-02,-2.867645592434903690e-01,-1.055873518154718110e-01,-1.426379815854782018e+00,1.115058279953256903e+00,8.443945838801959758e-02,3.319350617867830033e-01,-2.327177957446198084e-02,-9.215725311238978645e-02,1.973022732019951708e-01,3.505214001862445167e-02,6.817643452994710807e-02,-7.393175299453306204e-01
6.400000000000000000e+03,-7.280800124478603103e-06,-1.815633424417081587e-01,-4.411610961291689836e-01,3.177979002587876245e-01,-9.081407554167261978e-06,6.416186158732661848e-01,4.761624253558192915e-05,8.626327201347584739e-02,-1.022876412774084559e-01,3.828757635518584279e-01,7.046270678814154031e+00,-8.868931508500577099e-01,-4.842869557528758917e-02,-2.867645592434903690e-01,-1.050579211672141855e-01,-1.125113667865150768e+00,1.020406971588055045e+00,8.443945838801959758e-02,3.319350617867830033e-01,-2.327177957446198084e-02,-9.379531136216573417e-02,1.973022732019951708e-01,3.603079355063600053e-02,6.817643452994710807e-02,-7.407697944368106802e-01
6.500000000000000000e+03,-7.215336984721969049e-06,-1.815633424417081587e-01,-4.411610961291689836e-01,3.878838968288012556e-01,-9.040535088535525890e-06,6.896973252942761867e-01,5.684337413508200310e-05,6.344990648511725229e-02,-1.021282375639103041e-01,3.828757635518584279e-01,7.027014651792550026e+00,-9.551943428962015314e-01,-4.842869557528758917e-02,-3.015578430703120816e-01,-1.050579211672141855e-01,-7.553497873094603410e-01,1.020406971588055045e+00,8.443945838801959758e-02,3.319350617867830588e-01,-2.322129732744242919e-02,-6.974826397668730527e-02,1.973022732019951708e-01,3.505214001862445167e-02,7.965752888663035769e-02,-7.393175299453307314e-01
6.600000000000000000e+03,-7.270004200691142302e-06,-1.815633424417081587e-01,-4.411610961291689836e-01,3.878838968288012556e-01,-9.040535088535525890e-06,4.159952391892217105e-01,5.684337413508200987e-05,6.377460034587036086e-02,-1.021282375639103041e-01,3.828757635518584279e-01,7.011973480814689630e+00,-7.729220749390949274e-01,-4.842869557528758917e-02,-3.015578430703120816e-01,-1.050579211672141855e-01,-1.198340863478859708e+00,1.020406971588055045e+00,8.443945838801959758e-02,3.185827636149574649e-01,-2.327177957446198084e-02,-5.015437351444573116e-02,2.878985443243169962e-01,3.521642243617637696e-02,7.965752888663035769e-02,-7.393175299453306204e-01
6.700000000000000000e+03,-7.245605795719514341e-06,-1.815633424417081587e-01,-4.411610961291689836e-01,3.878838968288012556e-01,-9.040535088535525890e-06,4.159952391892217105e-01,5.684337413508200310e-05,5.768367289254495295e-02,-1.019049312261069151e-01,3.828757635518584279e-01,7.011973480814689630e+00,-7.729220749390950385e-01,-4.842869557528758917e-02,-3.015578430703120816e-01,-1.050579211672141855e-01,-1.466392424993651522e+00,1.020406971588055045e+00,8.443945838801959758e-02,3.319350617867830588e-01,-3.034265571892816316e-02,-5.015437351444572422e-02,2.898985004830771373e-01,3.951941034043356116e-02,5.840383553693526131e-02,-7.393175299453307314e-01
6.800000000000000000e+03,-7.245605795719514341e-06,-1.815633424417081587e-01,-4.200077924015649389e-01,3.878838968288012556e-01,-9.040535088535525890e-06,4.159952391892217105e-01,5.684337413508200987e-05,6.377460034587036086e-02,-1.021282375639103041e-01,3.828757635518584279e-01,9.915944854711433720e+00,-7.729220749390949274e-01,-4.842869557528758917e-02,-3.015578430703120816e-01,-1.415365084143367647e-01,-1.475582005357826576e+00,1.005391208230764111e+00,8.443945838801959758e-02,3.319350617867830033e-01,-2.331764704649370162e-02,-5.015437351444573116e-02,3.129029240641214571e-01,4.831857915611811188e-02,5.840383553693526131e-02,-7.393175299453306204e-01
6.900000000000000000e+03,-7.245605795719514341e-06,-1.815633424417081587e-01,-4.411610961291689836e-01,5.676008392751923370e-01,-9.040535088535525890e-06,4.159952391892217105e-01,5.679482429706833856e-05,6.377460034587036086e-02,-1.021282375639103041e-01,3.828757635518584279e-01,8.953016877404758489e+00,-7.729220749390949274e-01,-4.842869557528758917e-02,-3.015578430703120816e-01,-1.394315981453003450e-01,-9.387169212565565912e-01,9.656034536582717154e-01,8.636024675990605637e-02,3.319350617867830033e-01,-2.235322637001527224e-02,-5.015437351444573116e-02,3.121397021677515538e-01,4.831857915611811188e-02,5.840383553693526131e-02,-6.017510062965916173e-01
7.000000000000000000e+03,-7.232599127593624316e-06,-1.815633424417081587e-01,-4.411610961291689836e-01,5.676008392751923370e-01,-9.040535088535525890e-06,4.146447441980274928e-01,5.684337413508200987e-05,3.750750720159293228e-02,-1.021282375639103041e-01,3.828757635518584279e-01,9.523157321828778166e+00,-7.729220749390949274e-01,-4.842869557528758917e-02,-3.015578430703120816e-01,-1.394315981453003450e-01,-9.387169212565565912e-01,9.670088669270695547e-01,9.308300606150866907e-02,3.319350617867830033e-01,-3.478529670098816362e-02,-6.879638340555789544e-02,3.129029240641214571e-01,5.844377861757082265e-02,5.840383553693526131e-02,-7.732298076424763966e-01
7.100000000000000000e+03,-7.245605795719514341e-06,-1.815633424417081587e-01,-4.411610961291689836e-01,5.676008392751923370e-01,-9.040535088535525890e-06,4.159952391892217105e-01,5.684337413508200987e-05,3.756622867493094459e-02,-1.022878486005200788e-01,3.828622227567622383e-01,6.844229764434366814e+00,-8.995692747552485047e-01,-4.842869557528758917e-02,-3.015578430703120816e-01,-1.394315981453003450e-01,-9.420213704473436866e-01,9.667165034325678752e-01,9.497007350647183876e-02,3.319350617867830033e-01,-4.809913195738498709e-02,-6.879638340555789544e-02,3.245862635672765451e-01,5.857179381773502946e-02,5.840383553693526131e-02,-7.735000982548428938e-01
7.200000000000000000e+03,-7.245605795719514341e-06,-1.815633424417081587e-01,-3.909044171632197751e-01,5.676008392751923370e-01,-9.040535088535525890e-06,4.159952391892217105e-01,5.650492552688781556e-05,3.761947013756469088e-02,-1.021282375639103041e-01,4.762461891772601930e-01,6.862020860446587989e+00,-8.569698857611515175e-01,-4.842869557528758917e-02,-3.015578430703120816e-01,-1.394315981453003450e-01,-9.387169212565565912e-01,9.643840028562939981e-01,9.308300606150866907e-02,3.319350617867830033e-01,-4.770955470495660822e-02,-6.879638340555789544e-02,3.245862635672765451e-01,5.856002468548730799e-02,5.840383553693526131e-02,-7.735000982548428938e-01
7.300000000000000000e+03,-7.245605795719514341e-06,-1.815633424417081587e-01,-3.909044171632197751e-01,5.630061254103060353e-01,-9.040535088535525890e-06,4.159952391892217105e-01,5.684337413508200987e-05,2.969072573749362287e-02,-1.047733692787833765e-01,4.762461891772601930e-01,6.629666505673400323e+00,-1.344541509475885022e+00,-4.826078885838615967e-02,-3.015578430703120816e-01,-1.394315981453003450e-01,-9.387169212565565912e-01,5.246789042291356564e-01,9.025617685018144654e-02,3.319350617867830033e-01,-4.777664408917372402e-02,-7.273753872645928598e-02,3.245862635672765451e-01,5.856002468548730799e-02,5.840383553693526131e-02,-7.702532107405835049e-01
7.400000000000000000e+03,-7.245605795719514341e-06,-1.815633424417081587e-01,-3.915812596542084245e-01,5.572412335584064902e-01,-9.040535088535525890e-06,4.159952391892217105e-01,5.946419336342289430e-05,2.951956514130834805e-02,-1.020674243846706325e-01,4.762461891772601930e-01,6.836321334520153670e+00,-1.344541509475885022e+00,-4.842869557528758917e-02,-3.015578430703120816e-01,-1.611069841173438100e-01,-9.343117119674028137e-01,5.069790004134234751e-01,9.308300606150866907e-02,3.319350617867830033e-01,-6.410038211286051002e-02,-7.296498768295796300e-02,3.245862635672765451e-01,6.493511711855530499e-02,5.840383553693526131e-02,-7.736588261261087007e-01
7.500000000000000000e+03,-4.098609333668914519e-06,-1.815633424417081587e-01,-3.924273127679434592e-01,6.830334506967279395e-01,-8.685562157093050967e-06,4.162740737305131722e-01,6.274021739884901678e-05,2.951956514130834805e-02,-1.021282375639103041e-01,6.352108878272607617e-01,6.817168992337641065e+00,-1.216314740517437709e+00,-4.842869557528758917e-02,-3.027337705579457583e-01,-1.611069841173438100e-01,-9.343597968293655409e-01,5.246789042291356564e-01,9.308300606150866907e-02,3.319350617867830033e-01,-6.497913817420392091e-02,-4.646103881581452322e-02,3.245862635672765451e-01,5.856002468548730799e-02,6.277351745430581609e-02,-1.118616370644403668e+00
7.600000000000000000e+03,-4.098609333668914519e-06,-1.821586629470028085e-01,-3.924273127679434592e-01,5.328192105412413726e-01,-9.040535088535525890e-06,4.159952391892217105e-01,6.274021739884901678e-05,2.951956514130834805e-02,-1.021282375639103041e-01,6.313214669868458806e-01,8.264986365664414691e+00,-1.214933322700527896e+00,-4.842869557528758917e-02,-3.015578430703120816e-01,-2.096852638117685519e-01,-9.387169212565565912e-01,5.246789042291356564e-01,9.308300606150866907e-02,3.319350617867830033e-01,-6.381982691829926613e-02,-4.646103881581452322e-02,3.245862635672765451e-01,5.710471859327864719e-02,6.274112514662545659e-02,-1.118616370644403668e+00
7.700000000000000000e+03,-4.098609333668914519e-06,-1.815633424417081587e-01,-4.001534861067433391e-01,5.328192105412413726e-01,-9.040535088535525890e-06,4.159952391892217105e-01,6.274021739884901678e-05,2.951956514130834805e-02,-1.024453418232281060e-01,6.330014919514553862e-01,8.228415842203686381e+00,-1.203360121386602088e+00,-4.842869557528758917e-02,-3.015578430703120816e-01,-3.073898613718376582e-01,-9.387169212565565912e-01,5.246789042291356564e-01,9.308300606150866907e-02,3.319350617867830033e-01,-6.410038211286051002e-02,-4.593843311161639048e-02,3.245862635672765451e-01,5.856002468548730799e-02,3.590428853850158308e-02,-1.118616370644403668e+00
7.800000000000000000e+03,-4.072326669436212681e-06,-1.815633424417081587e-01,-4.001534861067433391e-01,5.328192105412413726e-01,-9.067554019123854405e-06,4.005443173703285842e-01,6.274021739884901678e-05,1.944857751512690802e-02,-1.021282375639103041e-01,7.414502577140139605e-01,8.264986365664414691e+00,-1.214933322700527896e+00,-4.842869557528758917e-02,-1.990088031255532186e-01,-3.073898613718376582e-01,-9.306041277163393799e-01,5.246789042291356564e-01,9.308300606150866907e-02,3.319350617867830033e-01,-4.993236271327734788e-02,-4.593843311161639048e-02,3.245862635672765451e-01,5.856002468548730799e-02,4.213974425594112228e-02,-1.118616370644403668e+00
7.900000000000000000e+03,-2.465645880281032551e-06,-1.815633424417081587e-01,-4.001534861067433391e-01,5.565681564947554394e-01,-9.048946560963888134e-06,4.159952391892217105e-01,6.274021739884901678e-05,1.839238284517661845e-02,-1.021282375639103041e-01,7.143788452047487025e-01,8.264986365664414691e+00,-1.345394206134787440e+00,-4.842869557528758917e-02,-1.990088031255532186e-01,-3.073898613718376582e-01,-1.172447453012044116e+00,3.922533572863121099e-01,9.308300606150866907e-02,3.319350617867830033e-01,-4.583158927583834419e-02,-3.548931286515833589e-02,3.245862635672765451e-01,7.076363354237735770e-02,4.294024380271200397e-02,-1.118616370644403668e+00
8.000000000000000000e+03,-2.465645880281032551e-06,-1.815633424417081587e-01,-4.001534861067433391e-01,5.565681564947554394e-01,-9.040535088535525890e-06,4.159952391892217105e-01,4.402827107664376328e-05,1.839238284517661845e-02,-1.021282375639103041e-01,7.143788452047487025e-01,8.264986365664414691e+00,-1.345394206134787440e+00,-4.842869557528758917e-02,-1.990088031255532186e-01,-3.073898613718376582e-01,-1.172447453012044116e+00,3.935470993511179794e-01,9.308300606150866907e-02,3.319350617867830033e-01,-4.592650655995731551e-02,-3.548931286515833589e-02,2.883951454728676533e-01,7.670104918551949591e-02,4.605881689746871982e-02,-1.118616370644403668e+00
8.100000000000000000e+03,-2.457246310042967882e-06,-1.815633424417081587e-01,-4.001534861067433391e-01,5.565681564947554394e-01,-9.040535088535525890e-06,4.159952391892217105e-01,6.274021739884901678e-05,1.839238284517661845e-02,-1.021282375639103041e-01,7.143788452047487025e-01,5.588529037550312495e+00,-1.345394206134787440e+00,-4.842869557528758917e-02,-1.990088031255532186e-01,-3.645529023381937073e-01,-1.172447453012044116e+00,3.519778232060909451e-01,9.308300606150866907e-02,2.546643054608541679e-01,-5.267653960983881278e-02,-3.548931286515833589e-02,2.160129092840499532e-01,1.149255105165239432e-01,3.846802433833406559e-02,-1.178990747769018466e+00
8.200000000000000000e+03,-2.465645880281032551e-06,-1.526633090485582100e-01,-4.001534861067433391e-01,5.565681564947554394e-01,-9.040535088535525890e-06,4.159952391892217105e-01,6.269914361973936902e-05,1.839238284517661845e-02,-1.021282375639103041e-01,7.143788452047487025e-01,5.555799438354384279e+00,-1.345394206134787440e+00,-4.842869557528758917e-02,-1.990088031255532186e-01,-3.729271510241631282e-01,-1.158745035108146082e+00,3.514950317176858130e-01,9.308300606150866907e-02,2.546643054608541679e-01,-5.267653960983881278e-02,-3.548931286515833589e-02,2.272552711252841529e-01,1.149255105165239432e-01,2.593245896052834634e-02,-1.118616370644403668e+00
8.300000000000000000e+03,-2.465645880281032551e-06,-1.515334132743943740e-01,-3.779987154007606320e-01,5.565681564947554394e-01,-9.021050169884411546e-06,4.159952391892217105e-01,6.073285986660869560e-05,1.839238284517661845e-02,-1.021282375639103041e-01,7.143788452047487025e-01,5.544964934464377215e+00,-1.345394206134787440e+00,-4.842869557528758917e-02,-1.990088031255532186e-01,-3.771142753671475889e-01,-9.366220067244130920e-01,3.489143565551430792e-01,9.308300606150866907e-02,2.546643054608541679e-01,-5.267653960983881278e-02,-4.771963757037981507e-02,2.328764520459012943e-01,1.149065357066622189e-01,1.223225872176173130e-02,-1.114020630187332994e+00
8.400000000000000000e+03,-2.465645880281032551e-06,-1.515334132743943740e-01,-4.001534861067433391e-01,5.565681564947554394e-01,-9.062806421385462852e-06,4.159952391892217105e-01,6.274021739884901678e-05,1.839238284517661845e-02,-1.021282375639103041e-01,7.143788452047487025e-01,5.549689198468637841e+00,-1.345394206134787440e+00,-4.842869557528758917e-02,-1.990088031255532186e-01,-2.582861519516514992e-01,-9.186533697046425084e-01,3.521475562720302599e-01,9.308300606150866907e-02,2.342959548418589166e-01,-6.851915693223600834e-02,-4.771963757037981507e-02,2.328764520459012943e-01,1.149255105165239432e-01,8.403288306423220208e-03,-1.115307022156557304e+00
8.500000000000000000e+03,-2.457179592413662978e-06,-1.513060395834365246e-01,-4.006955660765613159e-01,5.565681564947554394e-01,-9.040535088535525890e-06,4.175659049050331473e-01,6.274021739884901678e-05,1.839238284517661845e-02,-1.021282375639103041e-01,7.143788452047487025e-01,5.559934390996192910e+00,-1.345394206134787440e+00,-4.842869557528758917e-02,-2.462301054410724888e-01,-2.809847198071226959e-01,-1.375628933798057396e+00,3.521854683447999679e-01,9.308300606150866907e-02,2.546643054608541679e-01,-6.842298097054540229e-02,-4.771963757037981507e-02,2.328764520459012943e-01,1.149255105165239432e-01,8.403288306423220208e-03,-1.118616370644403668e+00
8.600000000000000000e+03,-2.465645880281032551e-06,-1.518074062933945922e-01,-4.001534861067433391e-01,5.565681564947554394e-01,-9.040535088535525890e-06,4.169352668045120391e-01,6.274021739884901678e-05,1.839238284517661845e-02,-1.021282375639103041e-01,7.143788452047487025e-01,5.559934390996192910e+00,-1.282891808113430399e+00,-4.842869557528758917e-02,-2.462301054410724888e-01,-2.809847198071226959e-01,-2.061942246086733821e+00,3.601242584627264431e-01,9.308300606150866907e-02,2.546643054608541679e-01,-6.901255998278849058e-02,-6.204293178690937355e-02,2.200610702882916381e-01,1.149255105165239432e-01,8.339020709340906265e-03,-1.118616370644403668e+00
8.700000000000000000e+03,-2.721753714316341344e-06,-1.507345105297177024e-01,-4.001534861067433391e-01,5.565681564947554394e-01,-9.040535088535525890e-06,4.159952391892217105e-01,6.274021739884901678e-05,1.839238284517661845e-02,-1.018119008863082875e-01,7.143788452047487025e-01,5.559934390996192910e+00,-1.278251038564389708e+00,-4.842869557528758917e-02,-2.462301054410724888e-01,-2.809847198071226959e-01,-1.975196765968248558e+00,4.614864821909070991e-01,9.308300606150866907e-02,2.546643054608541679e-01,-6.728452682395211215e-02,-6.387089868964458683e-02,2.200610702882916381e-01,1.149255105165239432e-01,8.403288306423220208e-03,-1.113730134262558291e+00
8.800000000000000000e+03,-2.266807696429177632e-06,-1.515334132743943740e-01,-2.429180493506730154e-01,5.565681564947554394e-01,-9.994901329826644720e-06,4.159952391892217105e-01,6.274021739884901678e-05,1.839238284517661845e-02,-1.021282375639103041e-01,7.143788452047487025e-01,5.784168738978463509e+00,-1.183859982181332704e+00,-4.842869557528758917e-02,-2.462301054410725165e-01,-1.407252748192054093e-01,-2.058455052311361388e+00,4.955004344689287743e-01,9.308300606150866907e-02,2.546643054608541679e-01,-6.728452682395211215e-02,-8.614447914497608272e-02,2.200610702882916381e-01,1.149255105165239432e-01,8.403288306423220208e-03,-1.123922293119361759e+00
8.900000000000000000e+03,-2.266807696429177632e-06,-1.515334132743943740e-01,-2.426770411351819590e-01,5.565681564947554394e-01,-9.040535088535525890e-06,4.159952391892217105e-01,6.247683203021336582e-05,1.839238284517661845e-02,-1.021282375639103041e-01,7.172058422182403525e-01,7.694996162120507854e+00,-1.243665799084183732e+00,-3.079974842685210407e-02,-1.443731055652884010e-01,-1.424546996345572858e-01,-2.058455052311361388e+00,4.614864821909070991e-01,9.308300606150866907e-02,2.546643054608541679e-01,-7.082040175845218111e-02,-8.614447914497606884e-02,2.600674359925039258e-01,1.149255105165239432e-01,8.403288306423220208e-03,-1.122985605019418243e+00
9.000000000000000000e+03,-2.309955604561257379e-06,-7.052059922132178360e-02,-2.429180493506730432e-01,6.962162147864966455e-01,-9.040535088535525890e-06,4.162054321565745174e-01,6.274021739884901678e-05,1.839238284517661845e-02,-1.586440635802364441e-01,7.143788452047487025e-01,7.711353797560643208e+00,-8.591355650405297917e-01,-3.091093082613216234e-02,-1.443731055652884010e-01,-1.425245142156613687e-01,-2.061394034413915222e+00,5.501924469133329110e-01,9.308300606150866907e-02,2.546643054608541679e-01,-6.713383317437068842e-02,-8.614447914497606884e-02,3.252753093684504493e-01,1.149255105165239432e-01,1.067541912706078053e-02,-1.123402506623992769e+00
9.100000000000000000e+03,-2.309955604561257379e-06,-7.079222104535987103e-02,-2.429180493506730432e-01,5.565681564947554394e-01,-9.040535088535525890e-06,4.217278075476873500e-01,6.274021739884901678e-05,1.947203910586137177e-02,-1.800049007714364102e-01,7.143788452047487025e-01,7.392085319870858484e+00,-7.151107058451472431e-01,-4.180680595557764029e-02,-1.443731055652884010e-01,-1.420749999940301711e-01,-2.058455052311361388e+00,4.614864821909070991e-01,9.571304355450302448e-02,2.546643054608541679e-01,-6.728452682395211215e-02,-8.614447914497606884e-02,3.252753093684504493e-01,1.149255105165239432e-01,1.201591798961510783e-02,-1.118616370644403668e+00
9.200000000000000000e+03,-2.309955604561257379e-06,-7.052059922132178360e-02,-2.429180493506730154e-01,5.565681564947554394e-01,-9.040535088535525890e-06,3.100103962008413649e-01,6.274021739884901678e-05,2.128559032930371978e-02,-1.800049007714364102e-01,7.089644387629949751e-01,7.063365363596101787e+00,-5.692779746172592636e-01,-4.180680595557764029e-02,-1.443731055652884010e-01,-1.443128002280355537e-01,-2.848114855195813533e+00,4.614864821909070991e-01,9.308300606150866907e-02,2.546643054608541679e-01,-6.674876359815556937e-02,-8.614447914497608272e-02,3.252753093684504493e-01,1.099126516414851845e-01,1.053970042674189957e-02,-1.118616370644403668e+00
9.300000000000000000e+03,-2.320274971245512490e-06,-7.052059922132178360e-02,-2.437650958332628348e-01,5.565681564947554394e-01,-9.040535088535525890e-06,3.100103962008413649e-01,6.122329678813252872e-05,2.512440315234105645e-02,-1.800049007714364102e-01,7.143788452047487025e-01,7.063365363596101787e+00,-3.528708561822711531e-01,-5.045927350542374346e-02,-1.443731055652884010e-01,-1.441733875087936601e-01,-1.836636408077076066e+00,4.653179903198558232e-01,9.308300606150866907e-02,2.546643054608541679e-01,-6.728452682395211215e-02,-7.654595467294551814e-02,3.248191695446154825e-01,1.149255105165239432e-01,1.053970042674189957e-02,-1.118616370644403668e+00
9.400000000000000000e+03,-2.309955604561257379e-06,-4.963274372794135997e-02,-2.429180493506730432e-01,5.707440945917100494e-01,-9.040535088535525890e-06,3.100103962008413649e-01,6.672026502561780991e-05,2.827317516842860201e-02,-1.796822472834063156e-01,7.143788452047487025e-01,7.085691830541981595e+00,-3.528708561822711531e-01,-5.045927350542374346e-02,-1.443731055652884010e-01,-1.443128002280355815e-01,-1.829040860534581148e+00,5.535122928470450621e-01,9.308300606150866907e-02,2.546643054608541679e-01,-1.018725379328110220e-01,-7.654595467294551814e-02,3.252753093684504493e-01,1.270536933851503514e-01,1.052288881205590623e-02,-1.118616370644403668e+00
9.500000000000000000e+03,-2.309955604561257379e-06,-5.464237688958199779e-02,-2.429180493506730432e-01,5.868966007183682443e-01,-9.040535088535525890e-06,2.892917943083377907e-01,8.065043171930858586e-05,2.827317516842860201e-02,-1.800049007714364102e-01,7.421136917746494754e-01,7.471981171373003328e+00,-3.528708561822711531e-01,-5.045927350542374346e-02,-1.443731055652884010e-01,-1.440520624677341655e-01,-1.735789398682926477e+00,9.164549823743435297e-01,9.308300606150866907e-02,2.546643054608541679e-01,-7.342589417501921289e-02,-6.847357297542130961e-02,3.252753093684504493e-01,1.423277659883412372e-01,1.053970042674189957e-02,-1.118616370644403668e+00
9.600000000000000000e+03,-2.309955604561257379e-06,-5.484571596323294801e-02,-2.429180493506730432e-01,5.868966007183682443e-01,-9.040535088535525890e-06,3.100103962008413649e-01,8.065043171930858586e-05,2.827317516842860201e-02,-1.800049007714364102e-01,6.927569691625089510e-01,8.917946074105845611e+00,-3.528708561822711531e-01,-5.045927350542374346e-02,-1.443731055652884010e-01,-1.446830435432113204e-01,-1.664796040961362911e+00,4.639422604445677667e-01,9.308300606150866907e-02,2.546643054608541679e-01,-4.745019193428141879e-02,-4.032742777563080860e-02,3.252753093684504493e-01,1.303198422744480389e-01,1.262055100910413827e-02,-1.118616370644403668e+00
9.700000000000000000e+03,-2.309955604561257379e-06,-5.484571596323294801e-02,-2.384202392107675483e-01,5.868966007183682443e-01,-9.040535088535525890e-06,3.100103962008413649e-01,7.745341562682031924e-05,2.735933263661168707e-02,-1.800049007714364102e-01,6.927569691625089510e-01,8.658016221724219363e+00,-3.528708561822711531e-01,-5.031237996331992812e-02,-1.443731055652884010e-01,-1.443128002280355815e-01,-6.546526049235198430e-01,4.616132857255569877e-01,9.308300606150866907e-02,2.988141432126134034e-01,-4.745019193428141879e-02,-4.022023703408662137e-02,3.252753093684504493e-01,1.209881295288646047e-01,1.428523147499394762e-02,-1.113559786749290570e+00
9.800000000000000000e+03,-2.309955604561257379e-06,-5.484571596323294801e-02,-1.942613952890660800e-01,5.868966007183682443e-01,-9.040535088535525890e-06,3.100103962008413649e-01,8.065043171930858586e-05,2.827317516842860201e-02,-1.800123296077391910e-01,6.927569691625089510e-01,1.221875710487702094e+01,-3.528708561822711531e-01,-3.609328246317711902e-02,-1.443731055652884010e-01,-1.450018955888074945e-01,-3.539123831931501041e-01,3.879327343314949439e-01,9.308300606150866907e-02,2.988141432126134034e-01,-4.745019193428141879e-02,-4.003979194989686075e-02,3.051576519800657250e-01,1.604274026728852720e-01,1.428523147499394762e-02,-1.122256334315579140e+00
9.900000000000000000e+03,-2.309955604561257379e-06,-5.059952525187674105e-02,-2.266824764819382887e-01,5.868966007183682443e-01,-9.040535088535525890e-06,3.100103962008413649e-01,8.065043171930858586e-05,2.827317516842860201e-02,-1.602934202626080940e-01,6.110508039260883484e-01,1.517107748124069566e+01,-3.511931889499209647e-01,-3.389977347564019500e-02,-1.443731055652884010e-01,-1.443128002280355815e-01,-3.653143847733927307e-01,5.277942047316914742e-01,9.308300606150866907e-02,2.988141432126134034e-01,-4.745019193428141879e-02,-4.811115337774881512e-02,3.252753093684504493e-01,1.610336896916835236e-01,1.692879540080353268e-02,-1.118616370644403668e+00
