-1.000000000000000000e+00,-2.309955604561257379e-06,-5.484571596323294801e-02,-1.942613952890661078e-01,5.868966007183682443e-01,-9.040535088535525890e-06,3.100103962008413649e-01,8.142877752194353758e-05,2.842762776234676256e-02,-1.602934202626080940e-01,6.927569691625090620e-01,1.929665879659863492e+01,-3.502444233398872009e-01,-3.388421579333076444e-02,-1.443731055652884010e-01,-1.445612356472822935e-01,-3.539123831931501041e-01,5.735904804373546106e-01,9.308300606150866907e-02,2.988141432126134034e-01,-5.121297898329514597e-02,-4.815147560969776364e-02,3.252753093684504493e-01,1.613331662776287534e-01,1.692077486007414686e-02,-1.118616370644403668e+00
0.000000000000000000e+00,-2.309955604561257379e-06,-5.484571596323294801e-02,-1.942613952890660800e-01,5.868966007183682443e-01,-9.040535088535525890e-06,3.100103962008413649e-01,8.065043171930858586e-05,2.842762776234676256e-02,-1.605688159919228530e-01,6.927569691625089510e-01,1.929665879659863492e+01,-3.528708561822711531e-01,-3.373036760160422198e-02,-1.443731055652884010e-01,-1.443128002280355815e-01,-3.539123831931501041e-01,5.473727963425338849e-01,9.308300606150866907e-02,2.988141432126134034e-01,-5.154380953298812185e-02,-4.811115337774881512e-02,3.252753093684504493e-01,1.613395403890341140e-01,1.692077486007414686e-02,-1.118616370644403668e+00
1.000000000000000000e+02,-2.309955604561257379e-06,-5.506382739020936057e-02,-1.946802608721318606e-01,5.868966007183682443e-01,-9.235531995076406652e-06,3.100103962008413649e-01,8.065043171930858586e-05,2.845700145859084151e-02,-1.602934202626080940e-01,6.927569691625089510e-01,1.925141491869991839e+01,-5.097765885142401254e-01,-3.389977347564019500e-02,-1.443731055652884010e-01,-1.443128002280355815e-01,-3.539123831931501041e-01,5.303744296406360803e-01,9.308300606150866907e-02,2.992188595836969278e-01,-5.136642907461294594e-02,-4.811115337774881512e-02,3.252753093684504493e-01,1.607001933875072952e-01,1.692077486007414686e-02,-1.118616370644403668e+00
2.000000000000000000e+02,-2.516233917751004658e-06,-5.484571596323294801e-02,-1.942785916703796689e-01,5.870790806530248318e-01,-5.872919070727819053e-06,3.100103962008413649e-01,8.032216592136521031e-05,2.837473797513006407e-02,-1.602934202626080940e-01,3.683132801625770836e-01,1.935542890472329702e+01,-5.082346964033536141e-01,-3.389977347564019500e-02,-1.449969357155034555e-01,-1.443128002280355815e-01,-1.423597953760379897e-01,3.108149187414416814e-01,9.308300606150866907e-02,2.988141432126134034e-01,-5.390875246038132756e-02,-4.811115337774881512e-02,3.252753093684504493e-01,1.607001933875072952e-01,1.692077486007414686e-02,-1.118616370644403668e+00
3.000000000000000000e+02,-2.494334305967719282e-06,-5.484571596323294801e-02,-1.942613952890660800e-01,5.893594005172700934e-01,-5.841574535466859741e-06,3.155380405723038351e-01,8.436171978053184949e-05,2.842762776234676256e-02,-1.602934202626080940e-01,3.683132801625770836e-01,1.929665879659863492e+01,-4.988101952633778313e-01,-3.389977347564019500e-02,-1.443731055652884010e-01,-1.443128002280355815e-01,-1.506180516077950948e-01,3.116814156116013979e-01,9.308300606150866907e-02,2.988141432126134034e-01,-4.886639618961953480e-02,-4.800450581125943056e-02,4.575934008491818195e-01,1.715546062690243012e-01,1.692077486007414686e-02,-1.114951606938014983e+00
4.000000000000000000e+02,-2.501573420044347725e-06,-5.484571596323294801e-02,-1.942613952890660800e-01,3.431235082817571946e-01,-5.872919070727819053e-06,3.155380405723038351e-01,8.428273938166367307e-05,2.842762776234676256e-02,-1.602934202626080940e-01,2.502249452172714550e-01,2.317354318726509277e+01,-5.003455985578622034e-01,-2.399547656855285233e-02,-1.443731055652884010e-01,-1.443128002280355815e-01,-1.553881919166819892e-01,4.158835291951463176e-01,9.333129520067698359e-02,2.988141432126134034e-01,-4.886639618961953480e-02,-4.832195940474690032e-02,4.012373568387150313e-01,1.714865477739777322e-01,1.630882187984860829e-02,-1.117882524936538946e+00
5.000000000000000000e+02,-2.495998673351391685e-06,-5.484571596323294801e-02,-1.942613952890660800e-01,2.764442154138429530e-01,-7.410502050256145360e-06,3.155380405723038351e-01,8.436171978053184949e-05,2.028799824139420130e-02,-1.655677554821951003e-01,2.491824350240748609e-01,2.318743679189440954e+01,-5.220968853552460098e-01,-2.397355121015114221e-02,-1.443731055652884010e-01,-1.443128002280355815e-01,-4.503321366340698462e-02,4.413430264506032485e-01,9.308300606150866907e-02,2.988141432126134034e-01,-4.886639618961953480e-02,-4.797311201359861360e-02,4.575934008491818195e-01,1.715546062690243012e-01,1.622899916009569107e-02,-1.118616370644403668e+00
6.000000000000000000e+02,-2.501573420044347725e-06,-5.484571596323294801e-02,-1.942613952890660800e-01,3.827032153459725139e-01,-7.385988286520525630e-06,3.155380405723038351e-01,8.436171978053184949e-05,2.019729072852291529e-02,-1.655677554821951003e-01,2.491824350240748609e-01,2.932212244173705429e+01,-5.865197544659793705e-01,-2.397355121015114221e-02,-1.443731055652884010e-01,-1.443128002280355815e-01,-4.485453212635142489e-02,4.037353196790113841e-01,9.308300606150866907e-02,2.988141432126134034e-01,-4.886639618961953480e-02,-4.811115337774881512e-02,4.959092400103699005e-01,2.416712529545958776e-01,1.630882187984860829e-02,-1.543595872705853189e+00
7.000000000000000000e+02,-2.501573420044347725e-06,-4.258708280971379434e-02,-1.942613952890660800e-01,3.827032153459725139e-01,-1.046641267068840387e-05,3.155380405723038351e-01,8.436171978053184949e-05,2.028799824139420130e-02,-1.655677554821951003e-01,2.491824350240748609e-01,3.368103899196329820e+01,-5.603766062946765603e-01,-2.397355121015114221e-02,-1.443731055652884010e-01,-1.443128002280355815e-01,-4.503321366340698462e-02,4.047074320571437678e-01,9.308300606150866907e-02,2.988141432126134034e-01,-4.906188683146220364e-02,-4.811115337774881512e-02,5.105965464234288875e-01,2.416712529545958776e-01,1.630882187984860829e-02,-1.543595872705853189e+00
8.000000000000000000e+02,-2.910937112883993969e-06,-4.164803706286222817e-02,-1.942613952890660800e-01,3.827032153459725139e-01,-1.046641267068840387e-05,3.155380405723038351e-01,8.421650803192385628e-05,2.024261021309219089e-02,-1.655677554821951003e-01,2.491824350240748609e-01,3.648189405172202981e+01,-8.317614884315672752e-01,-2.397355121015114221e-02,-1.443731055652884010e-01,-1.443128002280355815e-01,-4.524436830612157956e-02,4.367532051107494429e-01,9.325312386901078721e-02,2.988141432126134034e-01,-8.916116632537555986e-02,-4.811115337774881512e-02,5.105965464234288875e-01,2.416712529545958776e-01,1.630882187984860829e-02,-1.548866666943364168e+00
9.000000000000000000e+02,-2.910937112883993969e-06,-4.163062603879684465e-02,-1.942613952890660800e-01,3.827032153459725139e-01,-1.001866990074249296e-05,3.149830842298163014e-01,8.436171978053184949e-05,2.052429011473911810e-02,-1.655677554821951003e-01,2.491824350240748609e-01,3.946119471353842556e+01,-8.317614884315672752e-01,-2.393674729318494981e-02,-1.443731055652884010e-01,-1.439972409891125682e-01,-4.979795472204655293e-02,3.343050348951927542e-01,9.308300606150866907e-02,2.988141432126134034e-01,-8.896179880471054291e-02,-4.811115337774881512e-02,5.081027374342339531e-01,2.406903424380651968e-01,1.630882187984860829e-02,-1.035544622130156522e+00
1.000000000000000000e+03,-2.922071672167789276e-06,-4.163062603879684465e-02,-1.942613952890660800e-01,3.827032153459725139e-01,-1.071879214479642110e-05,3.141805923937803779e-01,8.436171978053184949e-05,1.777405522658549730e-02,-1.655677554821951003e-01,3.504903878762228864e-01,3.648189405172202981e+01,-8.672521249581262026e-01,-2.397355121015114221e-02,-1.392099267396679496e-01,-1.443128002280355815e-01,-2.665504318846043108e-02,3.740024391711743723e-01,9.308300606150866907e-02,2.988141432126134034e-01,-8.885109330879198408e-02,-4.811115337774881512e-02,6.570460104996609374e-01,2.416712529545958776e-01,1.630882187984860829e-02,-1.079238668081311081e+00
1.100000000000000000e+03,-2.910937112883993969e-06,-4.371460277944753253e-02,-1.942613952890660800e-01,3.827032153459725139e-01,-1.071879214479642110e-05,3.155380405723038351e-01,8.436171978053184949e-05,7.989730477861832145e-03,-1.655677554821951003e-01,3.493103578529332398e-01,3.648189405172202981e+01,-8.317614884315672752e-01,-2.397355121015114221e-02,-1.443731055652884010e-01,-1.424666762167332013e-01,-2.643733586320259898e-02,6.567902958199385299e-01,9.308300606150866907e-02,2.988141432126134034e-01,-8.885109330879198408e-02,-4.811115337774881512e-02,6.570460104996609374e-01,2.416712529545958776e-01,1.638338496792371771e-02,-1.075199926260495209e+00
1.200000000000000000e+03,-2.907113165300694879e-06,-4.163062603879684465e-02,-1.942613952890660800e-01,5.501311501271872739e-01,-1.071879214479642110e-05,3.443113068604447546e-01,8.044086249316650917e-05,6.320765160959798332e-03,-1.657064747826871021e-01,4.549068938606263823e-01,3.648189405172202981e+01,-4.480967680657122476e-01,-2.397355121015114221e-02,-1.771924202753412114e-01,-1.420503138075505378e-01,-2.205304473968029005e-02,8.340772781959256976e-01,9.308300606150866907e-02,2.988141432126134034e-01,-8.885109330879198408e-02,-4.811115337774881512e-02,6.570460104996609374e-01,2.794113344446053637e-01,1.704901142647010509e-02,-1.075199926260495209e+00
1.300000000000000000e+03,-2.910937112883993969e-06,-4.163062603879684465e-02,-1.942613952890660800e-01,5.501311501271872739e-01,-1.117747457156292148e-05,3.155380405723038351e-01,5.353863517913898961e-05,6.320765160959798332e-03,-9.146694941006588975e-02,4.534297543825884791e-01,3.648189405172202981e+01,-2.527390924061261313e-01,-2.397355121015114221e-02,-1.308380847148527260e-01,-1.407243959418953694e-01,-1.506492768704985503e-02,8.340772781959256976e-01,1.258309651450796318e-01,2.988141432126134034e-01,-8.868527741049504753e-02,-4.811115337774881512e-02,6.570460104996609374e-01,2.416712529545958776e-01,1.857732791774835759e-02,-9.000100518139479977e-01
1.400000000000000000e+03,-2.910937112883993969e-06,-5.407769072290471990e-02,-2.117726951340356545e-01,5.501311501271872739e-01,-1.071879214479642110e-05,3.155380405723038351e-01,3.160536479487135276e-05,3.949881799738916288e-03,-7.584838460412625383e-02,3.932642113452444743e-01,2.807712760119009943e+01,-2.519683105046635063e-01,-2.397355121015114221e-02,-1.308380847148527260e-01,-1.407235241277358384e-01,-1.133232098879100036e-02,8.340772781959258086e-01,1.258309651450796318e-01,2.988141432126134034e-01,-6.074266530060113550e-02,-5.562174083574244338e-02,6.570460104996609374e-01,2.416712529545958776e-01,1.857732791774835759e-02,-1.075199926260495209e+00
1.500000000000000000e+03,-4.075507547573352942e-06,-5.407769072290471990e-02,-2.098971710033044336e-01,5.501311501271872739e-01,-1.071879214479642110e-05,3.155380405723038351e-01,3.160536479487135276e-05,3.960762560121178222e-03,-7.584838460412625383e-02,3.932642113452444743e-01,2.807712760119009943e+01,-2.527390924061261313e-01,-2.397355121015114221e-02,-1.308380847148527260e-01,-1.462966448616568882e-01,-1.133232098879100036e-02,1.085529983812289156e+00,1.258309651450796318e-01,2.988141432126134034e-01,-6.080397958361592053e-02,-5.544800650636104444e-02,6.570460104996609374e-01,3.555125407857666620e-01,1.857732791774835759e-02,-1.075199926260495209e+00
1.600000000000000000e+03,-4.075507547573352942e-06,-6.338710393994664849e-02,-1.942613952890660800e-01,5.501311501271872739e-01,-1.151023411873779516e-05,3.155380405723038351e-01,3.160536479487135276e-05,3.949881799738916288e-03,-7.584838460412625383e-02,3.789276444426261659e-01,2.807712760119009943e+01,-2.527390924061261313e-01,-2.403362282693102467e-02,-1.306379142163746065e-01,-1.465032052644594518e-01,-1.133232098879100036e-02,1.085529983812289379e+00,1.258309651450796318e-01,2.988141432126134034e-01,-7.541817169927751696e-02,-8.270143777341593117e-02,6.570460104996609374e-01,3.541394024783016126e-01,1.857732791774835759e-02,-1.531529501946897520e+00
1.700000000000000000e+03,-4.075507547573352942e-06,-9.206110330693190180e-02,-1.942613952890660800e-01,5.501311501271872739e-01,-1.151023411873779516e-05,3.133251245120544648e-01,3.160536479487135276e-05,2.212971201975492529e-03,-7.584838460412625383e-02,3.932642113452444743e-01,2.850085218281139632e+01,-2.527390924061261313e-01,-2.412187017626213001e-02,-1.308380847148527260e-01,-1.462868885815045428e-01,-1.199067856824089645e-02,8.666676014145803242e-01,1.258309651450796318e-01,2.988141432126134034e-01,-8.018263804048604559e-02,-8.270143777341593117e-02,6.569144753914101242e-01,3.555125407857666620e-01,1.864162652126816200e-02,-1.532408088629382270e+00
1.800000000000000000e+03,-3.345235497418380152e-06,-7.783003200585909831e-02,-1.942613952890661078e-01,5.474830637264208599e-01,-1.151023411873779516e-05,3.157579406438147385e-01,3.160569535601339682e-05,2.212971201975492529e-03,-7.584838460412625383e-02,3.938076490213800462e-01,2.807712760119009943e+01,-2.520395264550088776e-01,-2.646458282179092736e-02,-1.308380847148527260e-01,-1.459368151273546521e-01,-1.133232098879100036e-02,8.703921853109313211e-01,1.258309651450796318e-01,2.988141432126134034e-01,-8.023054612320473789e-02,-8.270143777341593117e-02,6.570460104996609374e-01,4.652765699448622727e-01,1.862968651820189059e-02,-1.532408088629382270e+00
1.900000000000000000e+03,-3.547611172885587774e-06,-7.783003200585909831e-02,-1.942613952890660800e-01,5.501311501271872739e-01,-1.151023411873779516e-05,3.155380405723038351e-01,3.160536479487135276e-05,2.212971201975492529e-03,-7.584838460412625383e-02,3.932642113452444743e-01,1.450567137602255663e+01,-2.040008779284933071e-01,-2.646458282179092736e-02,-1.308380847148527260e-01,-1.459368151273546521e-01,-1.133232098879100036e-02,8.677298159228709062e-01,1.258309651450796318e-01,2.988141432126134034e-01,-9.240228206256334564e-02,-8.270143777341593117e-02,6.570460104996609374e-01,4.970503678593373720e-01,1.852418853537368335e-02,-1.532408088629382270e+00
2.000000000000000000e+03,-3.539901883031001335e-06,-7.783003200585909831e-02,-1.942613952890660800e-01,5.501311501271872739e-01,-1.152257214706834400e-05,3.161052895997020218e-01,3.168975707061989994e-05,2.212971201975492529e-03,-7.444968586135132516e-02,3.932642113452444743e-01,1.468980371076120406e+01,-2.037095214127687959e-01,-2.646458282179092736e-02,-1.308380847148527260e-01,-9.217390164411901066e-02,-1.133232098879100036e-02,8.995394448447640023e-01,1.258309651450796318e-01,2.997146894412588969e-01,-9.240228206256334564e-02,-8.270143777341593117e-02,4.616074752317206875e-01,5.670060507043861442e-01,1.857732791774835759e-02,-1.532408088629382270e+00
2.100000000000000000e+03,-3.516927124462913965e-06,-7.803006478927541900e-02,-1.942613952890660800e-01,5.501311501271872739e-01,-1.151023411873779516e-05,3.152712113705678498e-01,3.155761494572527825e-05,2.212971201975492529e-03,-7.584838460412625383e-02,3.932642113452444743e-01,1.468980371076120406e+01,-2.043544183969933925e-01,-2.638381549354729474e-02,-1.308380847148527260e-01,-1.214378312519290709e-01,-1.131359513641087833e-02,7.801675173641048344e-01,1.232778244446144505e-01,2.988141432126134034e-01,-9.240228206256334564e-02,-8.270143777341593117e-02,3.587259842412418021e-01,5.670060507043861442e-01,1.857732791774835759e-02,-1.532408088629382270e+00
2.200000000000000000e+03,-3.547611172885587774e-06,-7.828835233053796361e-02,-1.942613952890660800e-01,5.501311501271872739e-01,-1.151023411873779516e-05,3.639456336648176915e-01,2.687812972940969200e-05,2.212971201975492529e-03,-9.589811680311699504e-02,3.932642113452444743e-01,1.468980371076120406e+01,-2.858055091334498199e-01,-2.646458282179092736e-02,-1.055179245268280663e-01,-1.278347787930690094e-01,-1.133232098879100036e-02,8.945184717004552866e-01,1.258309651450796318e-01,2.988141432126134034e-01,-9.240228206256334564e-02,-6.937583810973689535e-02,3.587259842412418021e-01,5.448295728915696357e-01,1.923978765729884854e-02,-1.532408088629382270e+00
2.300000000000000000e+03,-3.547611172885587774e-06,-7.783003200585909831e-02,-1.942613952890660800e-01,5.501311501271872739e-01,-1.030009701300781720e-05,3.155380405723038351e-01,1.958303337125166322e-05,2.212971201975492529e-03,-1.059229829026122754e-01,2.355366127087234196e-01,1.468980371076120406e+01,-2.745063290421461133e-01,-2.640219398322751418e-02,-1.055179245268280663e-01,-1.278347787930690094e-01,-1.384095326406575843e-02,8.938296751953386243e-01,1.608629394424664349e-01,2.988141432126134034e-01,-9.240228206256334564e-02,-6.258632287740018008e-02,4.194393213552695121e-01,3.674177503890351804e-01,1.857732791774835759e-02,-1.532408088629382270e+00
2.400000000000000000e+03,-3.547611172885587774e-06,-4.033254118558603912e-02,-1.952175490899835386e-01,5.501311501271872739e-01,-8.410646047784851680e-06,3.155380405723038351e-01,1.958303337125166322e-05,2.212971201975492529e-03,-1.059229829026122754e-01,1.270698647560545014e-01,1.468980371076120406e+01,-2.743888772827942080e-01,-2.646458282179092736e-02,-1.055179245268280663e-01,-1.277680507775534879e-01,-1.379693730000849071e-02,8.633820935387437334e-01,1.608629394424664349e-01,2.988141432126134034e-01,-1.054928358605338179e-01,-6.258632287740018008e-02,4.200693883651682725e-01,3.665893265365448572e-01,1.857732791774835759e-02,-1.532408088629382270e+00
2.500000000000000000e+03,-3.539861010277058547e-06,-4.033254118558603912e-02,-1.945301938878865877e-01,5.501311501271872739e-01,-8.418262310665291240e-06,3.155380405723038351e-01,1.958303337125166322e-05,2.212971201975492529e-03,-1.059229829026122754e-01,1.270698647560545014e-01,1.468980371076120406e+01,-2.745063290421461133e-01,-2.646458282179092736e-02,-1.055179245268280663e-01,-1.200464973200012497e-01,-1.378443023242879178e-02,9.665930989128714845e-01,1.608629394424664349e-01,2.976237447303836103e-01,-9.073210307590606760e-02,-6.252879951947884485e-02,4.194393213552695121e-01,3.674177503890351248e-01,2.696391509233291017e-02,-1.532408088629382270e+00
2.600000000000000000e+03,-3.547611172885587774e-06,-5.588978086577232191e-02,-2.804020427122424497e-01,5.501311501271872739e-01,-8.394019009130805013e-06,3.155380405723038351e-01,1.857167575500394107e-05,2.212971201975492529e-03,-1.059229829026122754e-01,1.270698647560545014e-01,1.465986365726976004e+01,-2.745063290421461133e-01,-2.646458282179092736e-02,-9.699142801590614205e-02,-1.194969587138144940e-01,-1.378443023242879178e-02,9.713704267427262229e-01,1.608629394424664349e-01,2.988141432126134034e-01,-9.053091523713241440e-02,-6.478299753192208466e-02,4.194393213552695121e-01,3.674177503890351804e-01,2.692581832762011920e-02,-1.532408088629382270e+00
2.700000000000000000e+03,-3.547611172885587774e-06,-5.588978086577232191e-02,-2.815369632131822231e-01,5.501311501271872739e-01,-8.072927503165454078e-06,3.129039454080201899e-01,1.958303337125166322e-05,2.212971201975492529e-03,-1.059229829026122754e-01,1.270698647560545014e-01,1.604410128995407447e+01,-2.745063290421461133e-01,-2.646458282179092736e-02,-9.699142801590614205e-02,-1.194969587138144940e-01,-1.351182133585499857e-02,8.450303824886457038e-01,1.608629394424664349e-01,2.988141432126134034e-01,-9.062874412964261328e-02,-6.258632287740018008e-02,4.194393213552695121e-01,3.674177503890351804e-01,2.696391509233291017e-02,-1.532408088629382270e+00
2.800000000000000000e+03,-3.538863670176913251e-06,-5.588978086577232191e-02,-2.828388871831170603e-01,5.501311501271872739e-01,-8.445766018271139340e-06,3.148593788571987795e-01,1.958303337125166322e-05,2.064912286541503977e-03,-1.059229829026122754e-01,1.270698647560545014e-01,1.604410128995407447e+01,-2.754424432085191832e-01,-2.358187870033449929e-02,-9.699142801590614205e-02,-1.193841814294529374e-01,-1.351182133585499857e-02,7.919081353983113969e-01,2.245844529536572542e-01,2.988141432126134034e-01,-7.989977264797852585e-02,-6.258632287740018008e-02,4.194393213552695121e-01,3.674177503890351804e-01,2.696391509233291017e-02,-1.532408088629382270e+00
2.900000000000000000e+03,-3.547611172885587774e-06,-5.565561886717571710e-02,-2.815369632131822231e-01,5.501311501271872739e-01,-1.080351573238473241e-05,3.155380405723038351e-01,1.958303337125166322e-05,1.983073758691944032e-03,-1.057449667799479354e-01,1.270698647560545014e-01,9.021082502061297248e+00,-2.885122185653268834e-01,-2.646458282179092736e-02,-9.699142801590614205e-02,-1.194969587138144940e-01,-1.351182133585500031e-02,8.291887465675753521e-01,2.245844529536572542e-01,2.988141432126134034e-01,-7.631361260161663440e-02,-6.258632287740018008e-02,4.194393213552695121e-01,3.674177503890351248e-01,2.697548676866899989e-02,-1.532408088629382270e+00
3.000000000000000000e+03,-3.547611172885587774e-06,-7.505531971098822197e-02,-1.999858411104706579e-01,5.628466567676509991e-01,-1.080351573238473241e-05,3.155380405723038351e-01,1.632628720997227222e-05,1.983073758691944032e-03,-1.070301404582394422e-01,1.270698647560545014e-01,9.048255325095118096e+00,-2.745063290421461133e-01,-2.646458282179092736e-02,-9.699142801590614205e-02,-1.194969587138144940e-01,-4.348651319760864740e-03,5.909947801807290402e-01,2.245844529536572542e-01,2.988141432126134034e-01,-7.260967691358827247e-02,-9.178243314540526776e-02,4.194393213552695121e-01,3.674177503890351804e-01,2.696391509233291017e-02,-1.532408088629382270e+00
3.100000000000000000e+03,-3.547611172885587774e-06,-7.505531971098822197e-02,-1.629090953871906444e-01,5.787410400682310163e-01,-1.080351573238473241e-05,3.327368972213634590e-01,1.585251579178402942e-05,2.031633308317131945e-03,-1.070301404582394422e-01,1.270698647560545014e-01,1.125221123522978317e+01,-2.812437085614392096e-01,-2.646458282179092736e-02,-9.699142801590614205e-02,-1.194969587138144940e-01,-4.345853070409445851e-03,5.079145041062940180e-01,2.245844529536572542e-01,2.975900993862820587e-01,-7.631361260161663440e-02,-9.178243314540526776e-02,4.194393213552695121e-01,2.980544918172026714e-01,2.696391509233291017e-02,-1.532408088629382270e+00
3.200000000000000000e+03,-3.389288358013935607e-06,-7.505531971098822197e-02,-1.629090953871906444e-01,5.761147931624863716e-01,-1.080351573238473241e-05,3.155380405723038351e-01,1.632628720997227222e-05,1.983073758691944032e-03,-1.070301404582394422e-01,1.270698647560545014e-01,7.225626047367760485e+00,-2.824679105892058950e-01,-2.646458282179092736e-02,-9.699142801590614205e-02,-8.549971708194863129e-02,-6.418800619901295773e-03,3.184382132016868039e-01,2.245844529536572542e-01,2.988141432126134034e-01,-7.631361260161663440e-02,-9.178243314540526776e-02,4.915274467378551448e-01,2.303388188103422385e-01,2.696391509233291017e-02,-1.532408088629382270e+00
3.300000000000000000e+03,-3.262630106116612773e-06,-7.503740745412208757e-02,-1.720069934511565812e-01,5.787410400682310163e-01,-1.080513014140664619e-05,3.267911560148677452e-01,1.932070584773177641e-05,1.983073758691944032e-03,-1.070301404582394561e-01,1.270698647560545014e-01,7.225626047367760485e+00,-2.261396564325521275e-01,-2.646458282179092389e-02,-9.699142801590614205e-02,-8.822671662872948184e-02,-6.586869992926466279e-03,3.385193103953421101e-01,2.245844529536572542e-01,2.988141432126134034e-01,-4.577554120610445587e-02,-9.178243314540525388e-02,4.915274467378551448e-01,2.381476834545155907e-01,2.696391509233291017e-02,-1.532408088629382270e+00
3.400000000000000000e+03,-3.175695356081861953e-06,-7.505531971098822197e-02,-2.431360146785263299e-01,5.787410400682310163e-01,-1.100129851423588801e-05,3.147077943417759816e-01,1.632628720997227222e-05,1.939861197763233930e-03,-1.070301404582394561e-01,1.009497497882765465e-01,7.205935968173167616e+00,-2.261758408375755536e-01,-2.646458282179092389e-02,-9.699142801590614205e-02,-8.876495034719356081e-02,-6.586869992926466279e-03,3.385193103953421101e-01,2.245844529536572542e-01,2.988141432126134034e-01,-4.595779310956304986e-02,-9.178243314540525388e-02,4.915274467378551448e-01,2.314877902772772833e-01,2.696391509233291017e-02,-1.534053645697581958e+00
3.500000000000000000e+03,-3.175695356081861953e-06,-7.505531971098822197e-02,-2.441202890205645681e-01,5.766976868342412743e-01,-7.044052112385429597e-06,3.056757144648117319e-01,1.909130271096859356e-05,2.161787173977803168e-03,-1.070301404582394422e-01,1.270698647560545014e-01,6.235896400777706461e+00,-2.237003709118071670e-01,-2.646458282179092736e-02,-9.699142801590614205e-02,-1.021690500585185207e-01,-6.586869992926466279e-03,3.385193103953421101e-01,2.245844529536572542e-01,2.988141432126134034e-01,-4.597993691440214331e-02,-9.178243314540526776e-02,4.915274467378551448e-01,2.303388188103422385e-01,2.696391509233291017e-02,-1.532408088629382270e+00
3.600000000000000000e+03,-3.175695356081861953e-06,-7.505531971098822197e-02,-1.453125361226131340e-01,5.787410400682310163e-01,-5.948312057310344701e-06,3.056757144648117319e-01,1.909130271096859356e-05,2.161787173977803168e-03,-1.070301404582394422e-01,1.270698647560545014e-01,7.202548085865347005e+00,-2.246160052963500353e-01,-2.646458282179092736e-02,-9.699142801590614205e-02,-1.025637760107665775e-01,-3.652139004350882494e-03,3.277675555903659665e-01,2.245844529536572542e-01,3.190501183120560413e-01,-4.496950806785991739e-02,-9.178243314540526776e-02,6.776990665419613258e-01,2.303388188103422385e-01,2.696391509233291017e-02,-1.533746976477883717e+00
3.700000000000000000e+03,-2.149404330536403043e-06,-7.529617659366993898e-02,-1.448005565977943943e-01,5.787410400682310163e-01,-7.111561728133297466e-06,3.056757144648117319e-01,1.909130271096859356e-05,2.161787173977803168e-03,-1.070301404582394422e-01,1.270698647560545014e-01,7.225626047367760485e+00,-2.332131466034141065e-01,-2.654036502848127616e-02,-9.699142801590614205e-02,-1.025637760107665775e-01,-3.653171148267908997e-03,3.385193103953421101e-01,1.594456484882958713e-01,3.190501183120560413e-01,-4.859938427011431528e-02,-9.178243314540526776e-02,6.776990665419613258e-01,2.133735302153696722e-01,2.696391509233291017e-02,-1.532408088629382270e+00
3.800000000000000000e+03,-2.149404330536403043e-06,-7.505531971098822197e-02,-1.453125361226131340e-01,5.787410400682310163e-01,-8.128167734610413880e-06,3.056757144648117319e-01,1.909130271096859356e-05,2.161787173977803168e-03,-1.070301404582394422e-01,1.270698647560545014e-01,7.207537168927859561e+00,-2.465260189036409255e-01,-2.646458282179092736e-02,-9.699142801590614205e-02,-1.029673081323807388e-01,-3.652070951629133883e-03,3.661347265166265963e-01,2.008534244068479468e-01,3.190501183120560413e-01,-4.859938427011431528e-02,-9.161581681647384956e-02,6.776990665419613258e-01,1.998012993393915027e-01,2.696391509233291017e-02,-1.531619908115811501e+00
3.900000000000000000e+03,-2.156627804778921636e-06,-8.271742332954441779e-02,-1.687923025661109966e-01,5.787410400682310163e-01,-8.578045011265863083e-06,4.343660717803073945e-01,1.909130271096859356e-05,2.161787173977803168e-03,-1.070301404582394422e-01,1.270698647560545014e-01,7.225626047367760485e+00,-2.465260189036409255e-01,-2.649142468969688941e-02,-9.699142801590614205e-02,-9.823629895830729430e-02,-3.628520857018519615e-03,3.401149631240060200e-01,2.008534244068479468e-01,3.190501183120560413e-01,-4.872278195236379172e-02,-9.178243314540526776e-02,6.776990665419613258e-01,1.998012993393915027e-01,2.696391509233291017e-02,-1.532408088629382270e+00
4.000000000000000000e+03,-2.149404330536403043e-06,-8.665032493409838277e-02,-1.969937812095270413e-01,5.787410400682310163e-01,-8.128167734610413880e-06,4.348359181408792407e-01,1.909130271096859356e-05,2.161787173977803168e-03,-1.070301404582394422e-01,1.270698647560545014e-01,6.405504354041743120e+00,-2.474843022935206138e-01,-2.646458282179092736e-02,-9.277818989338106059e-02,-1.082656990698804278e-01,-5.382291121549905542e-03,2.830288488461703555e-01,2.008534244068479468e-01,3.190501183120560413e-01,-8.255240162542064331e-02,-8.822746287116493835e-02,6.776990665419613258e-01,1.998012993393915027e-01,2.380436120090374807e-02,-1.526963419889368456e+00
4.100000000000000000e+03,-2.149404330536403043e-06,-8.309876880236828633e-02,-2.317069332686426397e-01,6.899152663404204411e-01,-8.128167734610413880e-06,3.395304231886714930e-01,2.108629529039243004e-05,2.161787173977803168e-03,-1.070301404582394422e-01,1.271837741599982641e-01,6.971807239335640283e+00,-2.465260189036409255e-01,-2.025840404139102671e-02,-9.699142801590614205e-02,-1.049434387256933110e-01,-5.398902253302625964e-03,3.055950508745224892e-01,2.008534244068479468e-01,3.190501183120560413e-01,-8.285181748946286728e-02,-9.178243314540525388e-02,6.776990665419613258e-01,1.998012993393915027e-01,2.457222191327910685e-02,-1.531415502291200825e+00
4.200000000000000000e+03,-2.149404330536403043e-06,-8.309876880236830021e-02,-2.322456295137970139e-01,7.805016729325743308e-01,-1.045120053561130021e-05,2.618740939683529834e-01,1.909130271096859356e-05,2.161787173977803168e-03,-1.072438582644712757e-01,1.270698647560545014e-01,7.407861775977434782e+00,-1.807191696704888995e-01,-1.520151762773187983e-02,-9.699142801590614205e-02,-1.018132737342346411e-01,-5.398902253302625964e-03,3.055950508745224892e-01,2.008534244068479468e-01,3.190501183120560413e-01,-8.255240162542064331e-02,-9.178243314540526776e-02,6.776990665419613258e-01,1.998012993393915027e-01,2.380436120090374807e-02,-2.167860958393980741e+00
4.300000000000000000e+03,-2.149404330536403043e-06,-8.309876880236830021e-02,-2.328552922445408790e-01,7.767645051128924116e-01,-1.071060141582226162e-05,2.610397210851883587e-01,1.909130271096859356e-05,2.161787173977803168e-03,-1.071953370209116352e-01,1.270698647560545014e-01,7.417567479097807670e+00,-1.585433431837922347e-01,-1.520151762773187983e-02,-9.681703950337736120e-02,-1.018132737342346411e-01,-5.890166652517920404e-03,3.264889988072208205e-01,2.655568030514680600e-01,3.190501183120560413e-01,-8.255240162542064331e-02,-9.178243314540526776e-02,6.806218027907873225e-01,1.998012993393915027e-01,2.375692400945485228e-02,-2.163513344718035025e+00
4.400000000000000000e+03,-2.145502272675603032e-06,-8.309876880236830021e-02,-2.322456295137970139e-01,7.805016729325743308e-01,-1.082273521117164073e-05,2.547261630549672029e-01,1.016989603286743271e-05,2.161787173977803168e-03,-1.070301404582394422e-01,1.270698647560545014e-01,7.371699065717622013e+00,-1.446332300295138096e-01,-1.520151762773187983e-02,-9.782542023853378621e-02,-1.292260339896395549e-01,-5.890166652517920404e-03,3.055950508745224892e-01,2.655568030514680600e-01,3.204659725324686681e-01,-8.255240162542064331e-02,-8.088380946390620607e-02,6.774568326134726703e-01,2.369181782836631833e-01,2.380436120090374807e-02,-2.167860958393980741e+00
4.500000000000000000e+03,-2.146168141518033320e-06,-8.309876880236830021e-02,-2.322456295137970139e-01,7.805016729325743308e-01,-1.014981945228373618e-05,2.618740939683529834e-01,1.018243057022123299e-05,2.087587114969737846e-03,-1.070301404582394422e-01,1.270698647560545014e-01,8.390532894569922462e+00,-1.454361375183018390e-01,-1.520151762773187983e-02,-9.699142801590614205e-02,-1.362964494077735789e-01,-5.890166652517920404e-03,3.274667602572955971e-01,2.655568030514680600e-01,3.190501183120560413e-01,-8.255240162542064331e-02,-7.622482316863803120e-02,6.788594887386253385e-01,2.827716040587121560e-01,2.380436120090374807e-02,-2.167860958393980741e+00
4.600000000000000000e+03,-2.149404330536403043e-06,-8.309876880236830021e-02,-2.322456295137970139e-01,7.805016729325743308e-01,-1.071060141582226162e-05,2.624216986030378784e-01,1.018243057022123299e-05,2.161787173977803168e-03,-1.126488357761936954e-01,1.270698647560545014e-01,7.404925343453545139e+00,-1.585433431837922347e-01,-1.520151762773187983e-02,-9.699142801590614205e-02,-1.295567132146384914e-01,-5.890166652517920404e-03,3.274667602572955971e-01,2.780385358807997420e-01,3.190501183120560413e-01,-8.255240162542064331e-02,-7.639056158540831476e-02,6.784963215755173138e-01,2.833142769640027425e-01,2.380436120090374807e-02,-2.167860958393980741e+00
4.700000000000000000e+03,-2.149404330536403043e-06,-8.309876880236830021e-02,-3.430615261004421601e-01,7.805016729325743308e-01,-1.450755999964321996e-05,3.897875576579679091e-01,1.014087360097882674e-05,2.161787173977803168e-03,-7.328073717451739910e-02,1.270698647560545014e-01,7.404925343453545139e+00,-2.527862939798169450e-01,-1.520151762773187983e-02,-9.699142801590614205e-02,-1.209180407518961609e-01,-5.875758168905727101e-03,3.274667602572955971e-01,2.776201464938189978e-01,3.158861149419285863e-01,-6.959892202124427774e-02,-8.629083080508613557e-02,6.925058918154842758e-01,2.833142769640027425e-01,2.380436120090374807e-02,-2.167860958393980741e+00
4.800000000000000000e+03,-2.149404330536403043e-06,-9.150050452985002136e-02,-3.430615261004421601e-01,7.805016729325743308e-01,-1.517542057534035329e-05,3.883938984033597497e-01,1.013199194242576485e-05,2.161787173977803168e-03,-7.361386331889516188e-02,1.270698647560545014e-01,1.026195714540406811e+01,-3.121196966476738610e-01,-1.520151762773187983e-02,-9.699142801590614205e-02,-1.209180407518961609e-01,-5.878210724887496415e-03,3.276079584509534182e-01,2.780385358807997420e-01,3.158861149419285863e-01,-8.246058022615472549e-02,-9.682401625084906260e-02,6.913683315284518960e-01,2.186709340813351166e-01,2.380436120090374807e-02,-2.167860958393980741e+00
4.900000000000000000e+03,-2.149404330536403043e-06,-5.844884411652387368e-02,-3.432454200813983003e-01,7.805016729325743308e-01,-1.450755999964321996e-05,3.897875576579679091e-01,1.019370423996834346e-05,2.251723090492927133e-03,-7.361386331889516188e-02,1.270297332236272614e-01,1.491470211217019326e+01,-3.121196966476738610e-01,-1.520151762773187983e-02,-1.215999479694000740e-01,-1.209180407518961609e-01,-5.890166652517920404e-03,3.274667602572955971e-01,2.780385358807997420e-01,3.558110789845551070e-01,-8.272277138602654456e-02,-9.558210911865025472e-02,6.925058918154842758e-01,2.882843213885351030e-01,2.040782538457974749e-02,-2.341212637250053685e+00
5.000000000000000000e+03,-2.149404330536403043e-06,-5.476947406851809252e-02,-3.432454200813983003e-01,7.805016729325743308e-01,-1.450755999964321996e-05,4.257349144148612763e-01,1.018243057022123299e-05,2.267162427859673989e-03,-7.632361759768466203e-02,1.270698647560545014e-01,1.440311207494368695e+01,-3.121196966476738610e-01,-1.520151762773187983e-02,-1.215999479694000740e-01,-1.209180407518961609e-01,-5.890166652517920404e-03,3.274667602572955971e-01,2.780385358807997420e-01,3.158861149419285863e-01,-1.216532886784650325e-01,-9.560633416890366998e-02,8.373974685577958432e-01,1.904110379857375801e-01,2.247359715057316298e-02,-2.167860958393980741e+00
5.100000000000000000e+03,-2.149404330536403043e-06,-5.451565138576038028e-02,-5.087346050368773964e-01,7.805016729325743308e-01,-1.450755999964321996e-05,3.897875576579679091e-01,1.081924794495198368e-05,2.268828691695645283e-03,-7.632361759768466203e-02,1.270698647560545014e-01,1.440311207494368695e+01,-3.197576294473984393e-01,-1.520151762773187983e-02,-1.215999479694000740e-01,-1.205165145285785194e-01,-5.889627155174935978e-03,3.274667602572955971e-01,2.780385358807997420e-01,3.197677781565180233e-01,-1.018353099433210868e-01,-1.338807869232385150e-01,4.996314068210471193e-01,1.896231259736521346e-01,2.247359715057316298e-02,-1.425464660686116991e+00
5.200000000000000000e+03,-2.149404330536403043e-06,-5.476947406851809252e-02,-5.087346050368773964e-01,5.220769445268301778e-01,-1.450755999964321996e-05,3.897875576579679091e-01,1.018243057022123299e-05,3.394411386660173020e-03,-7.632361759768466203e-02,1.270698647560545014e-01,1.440311207494368695e+01,-3.121196966476738610e-01,-1.520151762773187983e-02,-1.215999479694000740e-01,-1.213003441410846484e-01,-5.881384110741130593e-03,3.449601869915495111e-01,2.812944387571477689e-01,3.508210838732345183e-01,-6.202273514870613319e-02,-1.734424781798208914e-01,4.996314068210471193e-01,1.904110379857375801e-01,2.185979680833767883e-02,-1.425464660686116991e+00
5.300000000000000000e+03,-1.958997479422533988e-06,-5.476947406851809252e-02,-5.087346050368773964e-01,5.220769445268301778e-01,-1.450755999964321996e-05,4.413721208891862591e-01,1.018243057022123299e-05,3.394411386660173020e-03,-7.632361759768466203e-02,1.146759957895263915e-01,1.356713484181315366e+01,-2.992471056154456521e-01,-1.520151762773187983e-02,-1.215999479694000740e-01,-1.209180407518961609e-01,-5.883954758948733987e-03,2.004869963478328465e-01,2.780385358807997420e-01,3.508210838732345183e-01,-6.202273514870613319e-02,-1.734424781798208914e-01,4.996314068210471193e-01,1.904110379857375801e-01,2.390083518554320108e-02,-1.425464660686116991e+00
5.400000000000000000e+03,-2.149404330536403043e-06,-5.476947406851809252e-02,-5.275924896833974476e-01,4.673705017672131201e-01,-1.450755999964321996e-05,4.413721208891862591e-01,1.018243057022123299e-05,3.394411386660173020e-03,-7.632361759768466203e-02,1.270698647560545014e-01,1.252216330039997594e+01,-3.121196966476738610e-01,-1.520151762773187983e-02,-1.215999479694000740e-01,-1.601097021011580468e-01,-5.881384110741130593e-03,1.889845245661413153e-01,2.780385358807997420e-01,3.508210838732345183e-01,-5.775320873635261809e-02,-1.734424781798208914e-01,4.982889418754303801e-01,1.904110379857375801e-01,2.077052559198681869e-02,-9.249616607448413186e-01
5.500000000000000000e+03,-2.149404330536403043e-06,-5.451901227029596481e-02,-5.087346050368773964e-01,5.220769445268301778e-01,-1.450755999964321996e-05,4.413721208891862591e-01,1.020016870824871997e-05,3.394411386660173020e-03,-7.632361759768466203e-02,1.270698647560545014e-01,6.844541895303486001e+00,-3.121196966476738610e-01,-1.520151762773187983e-02,-1.215999479694000740e-01,-1.785244039172234065e-01,-5.663712152382873247e-03,1.547116177799711945e-01,2.780385358807997420e-01,3.522840195112695305e-01,-6.202273514870613319e-02,-2.575998788656025940e-01,4.996314068210471193e-01,1.904110379857375801e-01,1.987615142239928731e-02,-7.819608036187636335e-01
5.600000000000000000e+03,-2.144669507405024062e-06,-5.486759684639758161e-02,-3.271736895150169078e-01,3.388370663677983674e-01,-1.450755999964321996e-05,4.413721208891862591e-01,1.018243057022123299e-05,3.394411386660173020e-03,-7.627917975448617049e-02,1.270698647560545014e-01,8.070072446897741614e+00,-4.066223888148811638e-01,-1.520151762773187983e-02,-1.215999479694000740e-01,-1.794686404968545146e-01,-5.342254174447963293e-03,1.943505280920433953e-01,2.780385358807997420e-01,3.508210838732345183e-01,-5.622367646250123890e-02,-2.575998788656025940e-01,4.996314068210471193e-01,1.904110379857375801e-01,1.986342590597815413e-02,-7.819608036187636335e-01
5.700000000000000000e+03,-2.149404330536403043e-06,-4.674838412938345233e-02,-3.271736895150169633e-01,3.392859606703879094e-01,-1.455328177208929465e-05,2.708076606838361600e-01,1.018243057022123299e-05,3.398029406812285574e-03,-7.632361759768466203e-02,1.261525842184433865e-01,8.070072446897741614e+00,-5.065360433340951873e-01,-1.520151762773188156e-02,-1.215999479694000740e-01,-1.248300740530563918e-01,-5.358819353004902995e-03,1.126658091239474691e-01,2.780385358807997420e-01,3.509274021254839004e-01,-6.466875309538114291e-02,-2.582603197759137381e-01,4.996314068210471193e-01,1.904110379857376079e-01,1.987615142239928731e-02,-9.517210620785666597e-01
5.800000000000000000e+03,-2.149404330536403043e-06,-4.656266001939946692e-02,-3.271736895150169078e-01,2.359000529395204049e-01,-1.330011977750275217e-05,2.708076606838361600e-01,1.512943963734693542e-05,2.875802463066184575e-03,-7.632361759768466203e-02,1.374679630160202115e-01,8.059577724729097170e+00,-5.092632288488135872e-01,-1.520151762773187983e-02,-1.267886269357258733e-01,-1.248300740530563918e-01,-5.483494598460128024e-03,1.110052445259378656e-01,2.780385358807997420e-01,3.508210838732345183e-01,-6.202273514870613319e-02,-2.565571038988244124e-01,5.966179270822986602e-01,1.904110379857375801e-01,2.160699385987976257e-02,-9.517210620785666597e-01
5.900000000000000000e+03,-2.149404330536403043e-06,-4.674838412938345233e-02,-3.147991969765450149e-01,1.575045161500521484e-01,-1.330011977750275217e-05,2.700226213560475430e-01,1.512943963734693542e-05,2.875802463066184575e-03,-7.632361759768466203e-02,1.374679630160202115e-01,8.011095587181671362e+00,-5.052694854598784868e-01,-1.520151762773188156e-02,-1.215999479694000740e-01,-1.253133210847368617e-01,-5.342254174447962425e-03,1.110052445259378656e-01,2.780385358807997420e-01,3.508210838732345183e-01,-6.202273514870613319e-02,-2.567502136215532027e-01,5.966179270822986602e-01,1.698294971398855435e-01,1.104959312191300218e-02,-1.044652141244249099e+00
6.000000000000000000e+03,-2.149404330536403043e-06,-4.912169995308092452e-02,-3.220691367066023658e-01,2.033821423072290635e-01,-1.324073374292224431e-05,2.929249096109081685e-01,1.512943963734693542e-05,2.875802463066184575e-03,-7.632361759768466203e-02,1.377713271649913251e-01,8.055660070935736883e+00,-5.736486840637146090e-01,-1.520151762773187983e-02,-1.215999479694000740e-01,-1.248300740530563918e-01,-6.470067166050989284e-03,1.110052445259378656e-01,2.780385358807997420e-01,3.500180392908204818e-01,-6.727788924884058053e-02,-2.575998788656025940e-01,5.966179270822986602e-01,9.872962876330503013e-02,1.104959312191300218e-02,-1.124604436165868249e+00
6.100000000000000000e+03,-2.149404330536403043e-06,-4.653530194629440508e-02,-3.220691367066023658e-01,2.033821423072290635e-01,-1.330011977750275217e-05,1.767938622403054660e-01,1.512943963734693542e-05,2.875802463066184575e-03,-7.632361759768466203e-02,1.374679630160202115e-01,8.070072446897741614e+00,-5.736486840637146090e-01,-1.520151762773187983e-02,-1.215526933930040493e-01,-1.702691235826331029e-01,-6.490233942332356010e-03,1.110052445259378656e-01,2.780385358807997420e-01,3.506129038364307338e-01,-5.683611281347138861e-02,-2.575998788656025940e-01,5.966179270822986602e-01,9.872962876330503013e-02,1.104959312191300218e-02,-1.096136746458605149e+00
6.200000000000000000e+03,-2.149404330536403043e-06,-4.674838412938345233e-02,-3.220691367066023658e-01,2.033821423072290635e-01,-1.335238582418074209e-05,1.767938622403054660e-01,1.512943963734693542e-05,2.879461587996258280e-03,-7.632361759768466203e-02,1.382615651406685076e-01,8.151519238253609245e+00,-5.736486840637146090e-01,-1.520151762773187983e-02,-1.215999479694000740e-01,-1.702691235826331029e-01,-6.490233942332356010e-03,1.077151071773587016e-01,2.780385358807997420e-01,3.508210838732345183e-01,-3.588863077273361790e-02,-4.225184449097417749e-01,6.044580064485837179e-01,1.007934821771236666e-01,1.104959312191300218e-02,-1.410868457514703467e+00
6.300000000000000000e+03,-2.149404330536403043e-06,-2.525666094968314832e-02,-3.220691367066023658e-01,2.294581873701229402e-01,-1.330011977750275217e-05,1.767938622403054660e-01,1.571576473545333206e-05,2.876429277437867610e-03,-7.632361759768466203e-02,1.374679630160202115e-01,8.070072446897741614e+00,-5.185220072258160950e-01,-1.520151762773187983e-02,-1.215999479694000740e-01,-1.961140839437676142e-01,-6.464204876834342417e-03,1.055345631975883602e-01,2.780385358807997420e-01,3.508210838732345183e-01,-3.595255994273293537e-02,-4.980621484258000442e-01,6.671786413788667325e-01,1.173043094876723980e-01,1.104959312191300218e-02,-9.488556912337469118e-01
6.400000000000000000e+03,-2.143940822409193553e-06,-2.525666094968314832e-02,-3.220691367066023658e-01,2.032205539179090525e-01,-1.330011977750275217e-05,1.767938622403054660e-01,1.512943963734693542e-05,2.875802463066184575e-03,-7.632361759768466203e-02,1.319241082062726500e-01,8.070072446897741614e+00,-5.763219804780296274e-01,-1.520151762773187983e-02,-1.391118703579934668e-01,-1.972668884698690617e-01,-6.496551267091041706e-03,1.077151071773587016e-01,2.780385358807997420e-01,3.494471243318197362e-01,-3.595255994273293537e-02,-4.980621484258000442e-01,6.671786413788667325e-01,1.174772458405076575e-01,1.596249953361318641e-02,-9.488556912337469118e-01
6.500000000000000000e+03,-2.385093082156359252e-06,-2.525666094968314832e-02,-3.220691367066023658e-01,2.127085767947968775e-01,-1.330011977750275217e-05,1.767938622403054660e-01,1.512943963734693542e-05,2.875802463066184575e-03,-7.618412777374961031e-02,1.331746679146753598e-01,8.046526775169411394e+00,-5.757254983116997238e-01,-1.520151762773188156e-02,-1.391118703579934668e-01,-1.963214344113071996e-01,-6.490233942332356010e-03,1.077151071773586877e-01,2.780385358807997420e-01,3.508210838732345183e-01,-3.489574336096080975e-02,-4.980621484257999887e-01,6.671786413788667325e-01,1.173043094876723980e-01,1.974308377775864376e-02,-7.461732367891102946e-01
6.600000000000000000e+03,-2.385093082156359252e-06,-2.525666094968314832e-02,-3.232836887556094774e-01,2.116604650231469209e-01,-1.422920020904648885e-05,2.439884671564910568e-01,1.512943963734693542e-05,2.875802463066184575e-03,-7.632361759768466203e-02,1.341313861032462640e-01,5.449213270758222372e+00,-5.531702127655105938e-01,-1.520151762773187983e-02,-1.391118703579934668e-01,-1.789702852690811530e-01,-6.471764008519105202e-03,1.077151071773587016e-01,2.780385358807997420e-01,3.508210838732345183e-01,-3.497955186508493880e-02,-4.980621484258000442e-01,7.353749385999810428e-01,1.109583552283664315e-01,1.997305988726512382e-02,-7.461732367891102946e-01
6.700000000000000000e+03,-2.385093082156359252e-06,-2.525666094968314832e-02,-3.220691367066023658e-01,2.107843829646767753e-01,-1.330011977750275217e-05,3.349125262338602527e-01,1.512943963734693542e-05,2.875802463066184575e-03,-7.632361759768466203e-02,9.575770041489189977e-02,5.449213270758222372e+00,-3.676564615335456421e-01,-1.520151762773187983e-02,-1.391118703579934668e-01,-1.786594000739394894e-01,-6.490233942332356010e-03,1.308039784402655614e-01,2.780385358807997420e-01,3.508210838732345183e-01,-3.497955186508493880e-02,-4.980621484258000442e-01,7.353749385999810428e-01,1.109583552283664315e-01,1.997305988726512382e-02,-7.461732367891102946e-01
6.800000000000000000e+03,-2.385093082156359252e-06,-2.525666094968314832e-02,-3.220691367066023658e-01,2.116604650231469209e-01,-1.330011977750275217e-05,3.343223008135292607e-01,1.512943963734693542e-05,2.061917499739468473e-03,-7.645074537275697857e-02,9.575770041489189977e-02,5.449213270758222372e+00,-3.679560710653573263e-01,-1.520151762773188156e-02,-1.391118703579934668e-01,-1.398368305397572064e-01,-4.072357928358497255e-03,1.597109461691506860e-01,2.780385358807997420e-01,3.508210838732345183e-01,-3.325058543507796588e-02,-4.980621484257999887e-01,7.353749385999810428e-01,1.109583552283664315e-01,1.997305988726512382e-02,-7.461732367891102946e-01
6.900000000000000000e+03,-2.385093082156359252e-06,-2.456976600376944639e-02,-3.183248750684508077e-01,2.116604650231469209e-01,-1.937775370597877398e-05,3.343223008135293162e-01,1.512943963734693542e-05,2.061917499739468473e-03,-7.632361759768466203e-02,9.575770041489189977e-02,5.449213270758222372e+00,-3.680447849911541169e-01,-1.520151762773187983e-02,-1.391118703579934668e-01,-1.401790909239767624e-01,-6.490233942332356010e-03,1.013747176657743138e-01,2.780385358807997420e-01,3.508210838732345183e-01,-3.325058543507796588e-02,-4.980621484258000442e-01,7.380054245089787690e-01,9.503028493203359572e-02,1.997305988726512382e-02,-7.456335358504393440e-01
7.000000000000000000e+03,-2.385093082156359252e-06,-2.521553897884381765e-02,-3.220691367066023658e-01,2.116604650231469209e-01,-1.841814905351922766e-05,3.133102153994729022e-01,1.512943963734693542e-05,2.400884298097046010e-03,-7.632361759768466203e-02,9.575770041489189977e-02,5.449213270758222372e+00,-4.241492106638869442e-01,-1.520151762773187983e-02,-1.391118703579934668e-01,-1.399610625543701026e-01,-5.955391869509284869e-03,1.013747176657743138e-01,2.780385358807997420e-01,3.508210838732345183e-01,-3.376856845681236452e-02,-4.980621484258000442e-01,7.353749385999810428e-01,9.503028493203359572e-02,1.997305988726512382e-02,-1.387031651002236243e+00
7.100000000000000000e+03,-1.883595168722617254e-06,-2.525666094968314832e-02,-3.601710342471192705e-01,2.116604650231469209e-01,-1.900116589508564597e-05,3.133102153994729022e-01,1.512943963734693542e-05,3.536819678862153631e-03,-7.632361759768466203e-02,9.575770041489189977e-02,5.449213270758222372e+00,-3.914596802474133996e-01,-1.520151762773187983e-02,-2.019865258683446463e-01,-9.723380502371624379e-02,-5.955391869509284869e-03,9.910196520619331262e-02,2.780385358807997420e-01,3.508210838732345183e-01,-3.308433270582975677e-02,-4.980621484258000442e-01,7.323552456378410458e-01,8.157214972276810583e-02,1.997305988726512382e-02,-1.387031651002236243e+00
7.200000000000000000e+03,-1.884479627133939223e-06,-2.525666094968314832e-02,-3.792219830173776951e-01,2.116604650231469209e-01,-1.900116589508564597e-05,3.135942496022810499e-01,1.408827238612035730e-05,3.536819678862153631e-03,-7.632361759768466203e-02,1.060823097454672986e-01,5.449213270758222372e+00,-4.379057334781701893e-01,-1.520151762773187983e-02,-2.019865258683446463e-01,-9.720135408268686106e-02,-5.966960214108718921e-03,9.164962131764897713e-02,2.777519564893968229e-01,3.512402151056906452e-01,-3.334316105489761040e-02,-4.980621484258000442e-01,9.715897382700832141e-01,8.157214972276810583e-02,1.997305988726512382e-02,-1.387031651002236243e+00
7.300000000000000000e+03,-1.884479627133939223e-06,-1.601573333009180880e-02,-3.792219830173776951e-01,2.116604650231469209e-01,-1.900116589508564597e-05,3.133102153994729022e-01,1.408827238612035730e-05,3.536819678862153631e-03,-7.632361759768466203e-02,1.060823097454672986e-01,8.019065828532314200e+00,-4.572029416714084027e-01,-1.525771950516292830e-02,-2.019865258683446463e-01,-9.195955829581396734e-02,-5.955391869509284869e-03,7.421281364534607072e-02,2.780385358807997420e-01,3.527071744192868952e-01,-2.143658833899921706e-02,-4.980621484258000442e-01,7.236113794512075703e-01,9.736638158672031307e-02,1.997305988726512382e-02,-1.387031651002236243e+00
7.400000000000000000e+03,-2.803982446950758297e-06,-1.601573333009180880e-02,-3.793477733871473134e-01,2.116604650231469209e-01,-1.907667542843719102e-05,3.133102153994729022e-01,1.408827238612035730e-05,3.536819678862153631e-03,-7.632361759768466203e-02,1.060823097454672986e-01,8.146936423149620410e+00,-5.414588018259606228e-01,-2.172519405600346551e-02,-2.019865258683446463e-01,-9.231164425896595804e-02,-5.275315560942453116e-03,8.205314256129381256e-02,2.634841458796977065e-01,3.527071744192868952e-01,-1.510156519853112118e-02,-4.980621484258000442e-01,7.236113794512075703e-01,8.157214972276810583e-02,1.997305988726512382e-02,-1.387031651002236243e+00
7.500000000000000000e+03,-2.726862183277899471e-06,-1.601573333009180880e-02,-3.792219830173776951e-01,2.116604650231469209e-01,-1.900116589508564597e-05,3.133102153994729022e-01,1.408827238612035730e-05,3.917627003450900071e-03,-1.121399112033127782e-01,1.060823097454672986e-01,8.096644027221943318e+00,-5.171563570815912447e-01,-2.172519405600346551e-02,-2.002721959825333464e-01,-9.222235382302930440e-02,-2.700989485027893277e-03,8.175275514852919923e-02,2.634841458796977065e-01,4.256481670228036696e-01,-1.510156519853112118e-02,-4.980621484258000442e-01,1.045458961623369376e+00,8.157214972276810583e-02,1.908951946827372459e-02,-1.388432206527152823e+00
7.600000000000000000e+03,-3.823553397617578018e-06,-1.760763181525287074e-02,-3.792219830173776396e-01,2.116604650231469209e-01,-1.900116589508564597e-05,3.133102153994729022e-01,1.408827238612035730e-05,3.536819678862153631e-03,-1.121399112033127782e-01,1.060823097454672986e-01,5.405699845100074619e+00,-6.291908787944304748e-01,-2.172519405600346898e-02,-1.865575568960429476e-01,-9.222235382302930440e-02,-2.700989485027893277e-03,4.222683305956426852e-02,2.634841458796977065e-01,4.647705435862052314e-01,-1.520156583313616444e-02,-4.980621484257999887e-01,9.838099319385090746e-01,8.157214972276810583e-02,1.997305988726512382e-02,-1.067463223490407787e+00
7.700000000000000000e+03,-5.879275296807901657e-06,-1.760763181525287074e-02,-3.792219830173776951e-01,2.116604650231469209e-01,-1.900116589508564597e-05,3.133102153994729022e-01,1.408827238612035730e-05,3.536819678862153631e-03,-1.121399112033127782e-01,1.269983547547939851e-01,5.405699845100074619e+00,-6.291908787944304748e-01,-2.172519405600346551e-02,-1.865575568960429753e-01,-9.398112655406248850e-02,-1.380945208828779532e-03,4.404659653780624434e-02,2.634841458796977065e-01,4.647705435862052314e-01,-1.525005098930830132e-02,-4.980621484258000442e-01,9.838099319385090746e-01,8.157214972276810583e-02,1.997305988726512382e-02,-1.067463223490407787e+00
7.800000000000000000e+03,-8.079342486516848541e-06,-1.760763181525287074e-02,-3.792219830173776951e-01,2.118807130480136192e-01,-2.440646142844042946e-05,3.133102153994729022e-01,1.408827238612035730e-05,3.536819678862153631e-03,-1.121399112033127782e-01,1.237331738760615862e-01,5.184106978911130703e+00,-6.291908787944304748e-01,-2.172519405600346551e-02,-1.865575568960429753e-01,-8.952921850886765009e-02,-1.480536800394584773e-03,6.958073924944026267e-02,2.640405587165707280e-01,4.647705435862052314e-01,-1.446120073673765917e-02,-4.845175674706381774e-01,9.799037754924604382e-01,8.157214972276810583e-02,2.703199027761359063e-02,-1.530009524619364347e+00
7.900000000000000000e+03,-1.058711470077832523e-05,-1.760763181525287074e-02,-3.792219830173776951e-01,1.553710459297641677e-01,-2.440646142844042946e-05,3.133102153994729022e-01,1.322941985958589868e-05,3.536819678862153631e-03,-9.085473448597330970e-02,1.232680118788619522e-01,6.985991141881033428e+00,-6.291908787944304748e-01,-2.172519405600346551e-02,-1.865575568960429753e-01,-9.544579237004119365e-02,-1.470066302429358807e-03,7.309348319200223432e-02,2.634841458796977065e-01,5.050016497351067501e-01,-1.440481995496946041e-02,-5.297734099608131242e-01,8.896209460683145442e-01,8.158332614500445057e-02,2.703199027761359063e-02,-1.530009524619364347e+00
8.000000000000000000e+03,-1.058711470077832523e-05,-1.765079341922405273e-02,-3.792219830173776951e-01,1.548523696783039860e-01,-2.440646142844042946e-05,3.140684642146528982e-01,1.322941985958589868e-05,3.536819678862153631e-03,-6.101657276768797378e-02,7.891184806219798953e-02,7.349412456166518837e+00,-6.291908787944304748e-01,-2.172519405600346551e-02,-1.865575568960429753e-01,-9.492901872851323974e-02,-1.477411165324275626e-03,7.216250075265613628e-02,2.634841458796977065e-01,5.050016497351067501e-01,-1.442157769430147188e-02,-5.569465759331977406e-01,8.896209460683145442e-01,5.937091481136389653e-02,2.703199027761359063e-02,-1.530009524619364347e+00
8.100000000000000000e+03,-1.136305766506852894e-05,-1.760763181525287074e-02,-3.792219830173776396e-01,1.548523696783039860e-01,-2.440646142844042946e-05,3.133102153994729022e-01,1.322941985958589868e-05,3.536819678862153631e-03,-6.101657276768797378e-02,7.891184806219798953e-02,6.999533237839201227e+00,-6.291908787944304748e-01,-2.464863682916580354e-02,-1.781487451537215605e-01,-9.544579237004119365e-02,-1.470694172393828200e-03,7.309348319200223432e-02,2.634841458796977065e-01,5.050016497351067501e-01,-3.117622630245485763e-02,-5.569465759331977406e-01,8.896209460683144332e-01,5.956957660969308677e-02,2.692841434351909632e-02,-1.488437963590385493e+00
8.200000000000000000e+03,-8.700981877608571582e-06,-1.760763181525287074e-02,-3.776810147881770052e-01,1.473596494319496242e-01,-2.440646142844042946e-05,3.133102153994729022e-01,1.322941985958589868e-05,3.536819678862153631e-03,-5.960189190263324999e-02,7.891184806219798953e-02,6.985991141881033428e+00,-6.318128081294239751e-01,-2.662734186895249211e-02,-1.781487451537215605e-01,-9.544579237004119365e-02,-1.477411165324275626e-03,7.352601984454847084e-02,1.918152753731412197e-01,5.050016497351067501e-01,-3.131201177292246285e-02,-5.569465759331977406e-01,8.896209460683145442e-01,5.957805103104361205e-02,2.703199027761359063e-02,-1.530009524619364347e+00
8.300000000000000000e+03,-7.192075619072758331e-06,-1.760763181525287074e-02,-3.792219830173776951e-01,1.548523696783039860e-01,-2.440646142844042946e-05,3.133102153994729022e-01,1.322941985958589868e-05,3.536819678862153631e-03,-6.072938662528808151e-02,6.214885326908858865e-02,5.860189945991217009e+00,-8.058323736126282721e-01,-2.662734186895249211e-02,-1.781487451537215605e-01,-9.544579237004119365e-02,-1.477411165324275626e-03,7.309348319200223432e-02,1.918152753731412197e-01,5.038774821022036221e-01,-3.117158939262854381e-02,-5.569465759331977406e-01,1.323274305905787429e+00,7.405017089628188054e-02,2.703199027761359063e-02,-1.533220213905070572e+00
8.400000000000000000e+03,-7.213347893168645976e-06,-1.362481366042578995e-02,-3.792219830173776951e-01,1.581397654736288183e-01,-2.440646142844042946e-05,3.133102153994729022e-01,1.328754959003884148e-05,3.536819678862153631e-03,-6.101657276768797378e-02,6.542768218480084219e-02,4.952224982042285006e+00,-8.681211089038911588e-01,-2.662734186895249211e-02,-1.781487451537215605e-01,-9.561887628460127853e-02,-6.808726998058687533e-04,7.309348319200223432e-02,1.919136184049101967e-01,5.050016497351067501e-01,-3.117622630245485763e-02,-5.569465759331977406e-01,1.323274305905787429e+00,7.457386060999358912e-02,2.703199027761359063e-02,-1.530009524619364347e+00
8.500000000000000000e+03,-7.287800852504238757e-06,-1.662161344234773866e-02,-1.567597295142476865e-01,1.344584475304516913e-01,-2.440646142844042946e-05,3.133102153994729022e-01,1.322941985958589868e-05,3.536819678862153631e-03,-6.101657276768797378e-02,6.544490313768996925e-02,4.959548989279368492e+00,-6.058128484628254595e-01,-2.573175524759077626e-02,-1.781487451537215605e-01,-9.544579237004119365e-02,-8.804233680053716966e-04,7.048494681058088684e-02,1.918152753731412197e-01,5.048265496456201262e-01,-4.381739406069486142e-02,-5.569465759331977406e-01,1.323274305905787429e+00,7.824424406340128868e-02,2.703199027761359063e-02,-1.530009524619364347e+00
8.600000000000000000e+03,-7.287800852504238757e-06,-1.662161344234773866e-02,-1.614107822574427642e-01,1.344584475304516913e-01,-2.440646142844042946e-05,4.374629805097500768e-01,1.538567451077045185e-05,3.536819678862153631e-03,-6.101657276768797378e-02,6.542768218480084219e-02,6.686941959174427907e+00,-6.058128484628254595e-01,-2.573175524759077626e-02,-1.351375154102121556e-01,-9.581402845407074875e-02,-1.025119059424633300e-03,1.024018709401330468e-01,1.918152753731412197e-01,5.050016497351067501e-01,-4.382238794268619037e-02,-5.569465759331977406e-01,1.323274305905787429e+00,7.798593996970175357e-02,2.703199027761359063e-02,-1.530009524619364347e+00
8.700000000000000000e+03,-7.287800852504238757e-06,-1.662161344234773866e-02,-1.567597295142476865e-01,1.344584475304516913e-01,-2.630375757582499103e-05,4.374629805097500768e-01,1.538567451077045185e-05,3.536819678862153631e-03,-6.101657276768797378e-02,6.542768218480084219e-02,6.251796193454827844e+00,-6.058128484628254595e-01,-2.573175524759077626e-02,-1.175045885164050508e-01,-1.263897425374077010e-01,-1.058608208024686831e-03,1.073290068449219009e-01,1.918152753731412197e-01,6.965756776700403607e-01,-4.381739406069486142e-02,-5.575625540209300235e-01,1.391634691854295447e+00,5.516542955994821473e-02,2.703199027761359063e-02,-1.530009524619364347e+00
8.800000000000000000e+03,-7.287800852504238757e-06,-1.662161344234773519e-02,-1.567597295142476865e-01,1.344584475304516913e-01,-3.560982204042663894e-05,4.374629805097500768e-01,2.020556272292953334e-05,3.536819678862153631e-03,-6.123642156965392741e-02,3.490576484845760857e-02,1.151190309004931223e+01,-6.058128484628254595e-01,-2.573175524759077626e-02,-1.228485926263522682e-01,-9.191803064429121539e-02,-1.025119059424633300e-03,1.082236670378460969e-01,1.918152753731412197e-01,6.965756776700403607e-01,-4.365768051244318937e-02,-5.586301616667791459e-01,6.895738436920733072e-01,5.493402445307215415e-02,2.703199027761358716e-02,-1.530009524619364125e+00
8.900000000000000000e+03,-7.287800852504238757e-06,-1.662722449964417967e-02,-1.567597295142476865e-01,1.344584475304516913e-01,-3.573301308489908857e-05,2.629989111199544372e-01,2.012327358947622893e-05,3.869790463820239716e-03,-6.129299320618152719e-02,3.490576484845760857e-02,1.151050471498784589e+01,-6.058128484628254595e-01,-3.022296683825288419e-02,-1.223414088568374608e-01,-9.185719078116802438e-02,-9.343659137686217931e-04,1.078193608647956686e-01,1.918152753731412197e-01,6.965756776700403607e-01,-4.153506233691655475e-02,-5.557506073382891820e-01,6.895738436920733072e-01,7.674885465595444878e-02,1.583860655448976126e-02,-1.530009524619364347e+00
9.000000000000000000e+03,-7.262981413805227617e-06,-1.825787794278910595e-02,-1.567597295142476865e-01,1.349806909224860740e-01,-3.573301308489908857e-05,2.629989111199544372e-01,2.020556272292953334e-05,3.869790463820239716e-03,-6.101657276768797378e-02,3.490576484845760857e-02,7.574871714718611315e+00,-6.061103242445620154e-01,-3.017259936300076620e-02,-1.228485926263522821e-01,-9.211579353240254009e-02,-9.343659137686217931e-04,1.512400796472760101e-01,1.918152753731412197e-01,6.965756776700403607e-01,-4.191572840656244275e-02,-5.569465759331977406e-01,6.930499848567798216e-01,8.764092884612298406e-02,1.583860655448976126e-02,-1.530009524619364347e+00
9.100000000000000000e+03,-7.516462513345209778e-06,-1.092707247777838231e-02,-1.567597295142476865e-01,1.391586380587614691e-01,-3.573301308489908857e-05,2.629989111199544372e-01,2.020556272292953334e-05,3.869790463820239716e-03,-6.101657276768797378e-02,3.490576484845760857e-02,7.606737917856473352e+00,-6.345873197956333200e-01,-3.022296683825288419e-02,-1.228485926263522821e-01,-9.163879317647247169e-02,-1.130185385082292356e-03,1.006343183290910742e-01,1.918152753731412197e-01,6.714830903932302864e-01,-4.172134325931632637e-02,-5.569465759331977406e-01,6.895738436920733072e-01,8.764092884612298406e-02,1.583860655448976126e-02,-1.530009524619364347e+00
9.200000000000000000e+03,-7.490549554691403011e-06,-1.092707247777838231e-02,-1.267452584524738357e-01,1.707889704765163386e-01,-3.573301308489908857e-05,3.860937839109696013e-01,1.412196914997580764e-05,3.869790463820239716e-03,-6.101657276768797378e-02,2.531866138599495400e-02,8.139263047209379209e+00,-6.201645528051578093e-01,-3.022296683825288419e-02,-1.223469659394687686e-01,-6.182474018895573603e-02,-1.130185385082292356e-03,8.533484647916331212e-02,1.918152753731412197e-01,6.965756776700403607e-01,-3.619752359733929142e-02,-5.592394609502786551e-01,6.895738436920733072e-01,8.764092884612298406e-02,1.583860655448976126e-02,-1.985129488043505308e+00
9.300000000000000000e+03,-7.490549554691403011e-06,-1.092707247777838231e-02,-1.296955250925440895e-01,1.495072734248204249e-01,-3.573301308489908857e-05,3.860937839109696013e-01,1.412196914997580764e-05,3.869790463820239716e-03,-6.101657276768797378e-02,2.536370700554644100e-02,9.904895966051299183e+00,-6.062731006998871575e-01,-3.022296683825288419e-02,-1.228485926263522821e-01,-6.182474018895573603e-02,-4.405756398806325459e-04,7.444537813180820973e-02,1.918152753731412197e-01,6.965756776700403607e-01,-3.601755263613760916e-02,-5.569465759331977406e-01,6.876560563968492357e-01,8.803604720124497129e-02,1.583465157548044969e-02,-1.985129488043505308e+00
9.400000000000000000e+03,-5.485014375768059990e-06,-1.183397052710801790e-02,-1.296955250925440895e-01,1.489531571932216081e-01,-3.573301308489908857e-05,3.860937839109696013e-01,1.873001724132696615e-05,5.707860857623790925e-03,-6.101657276768797378e-02,2.535567832403043745e-02,7.582749054935638888e+00,-6.058128484628254595e-01,-3.022296683825288419e-02,-1.228485926263522821e-01,-6.182474018895573603e-02,-4.329289460985297731e-04,7.444537813180820973e-02,1.603911118522019508e-01,6.965756776700403607e-01,-3.674794533812171526e-02,-5.569465759331977406e-01,5.764533428670816084e-01,8.764092884612298406e-02,1.596296758680824587e-02,-1.985129488043505308e+00
9.500000000000000000e+03,-5.463126472794754647e-06,-1.180098242184571440e-02,-1.820416580626107450e-01,1.494587030414948337e-01,-3.594225000052411653e-05,3.860937839109696013e-01,2.101700390728546407e-05,5.716282844045795543e-03,-6.101657276768797378e-02,1.748643768634217111e-02,7.595786304374639641e+00,-6.057277810760085535e-01,-3.022296683825288419e-02,-1.228485926263522821e-01,-6.182474018895573603e-02,-4.405756398806325459e-04,7.443571898081097205e-02,1.204619837628212592e-01,9.920401591210710190e-01,-3.905233367074315703e-02,-1.963328337594610340e-01,6.109976387006801346e-01,8.764092884612298406e-02,1.596296758680824587e-02,-1.985129488043505308e+00
9.600000000000000000e+03,-5.485014375768059990e-06,-8.505652693128189223e-03,-1.589655432784966571e-01,1.494587030414948337e-01,-3.446255969807916655e-05,3.853839862177066422e-01,2.106594570416846126e-05,3.513038647939113399e-03,-6.101657276768797378e-02,1.524865948644136757e-02,5.184868863107669590e+00,-6.075770783403071640e-01,-3.022296683825288419e-02,-1.228485926263522821e-01,-6.896647923099195887e-02,-4.405756398806325459e-04,7.444537813180820973e-02,1.204619837628212592e-01,9.920401591210710190e-01,-3.534577856572352489e-02,-1.964930660345486080e-01,6.145995685945930820e-01,8.764092884612298406e-02,1.550076426376359971e-02,-2.795288608156138110e+00
9.700000000000000000e+03,-5.485014375768059990e-06,-8.545305071725767254e-03,-1.589655432784966571e-01,1.494587030414948337e-01,-3.221277584661709058e-05,3.860937839109696013e-01,2.106594570416846126e-05,3.523288151933662554e-03,-6.101657276768797378e-02,1.524865948644136757e-02,5.282863977349028239e+00,-6.447886444594029820e-01,-3.022296683825288419e-02,-1.228485926263522821e-01,-6.918899688189127095e-02,-4.437709768298973671e-04,7.444537813180820973e-02,1.204619837628212592e-01,8.829967246444729856e-01,-3.826533718500595149e-02,-1.963328337594610340e-01,6.132836560842791496e-01,8.764092884612298406e-02,1.504999467277047878e-02,-2.776719588769072100e+00
9.800000000000000000e+03,-4.574476397081315828e-06,-8.505652693128189223e-03,-1.589655432784966571e-01,1.011239966366107301e-01,-3.221277584661709058e-05,3.908180897467272152e-01,2.106594570416846126e-05,3.527713374195164033e-03,-6.101657276768797378e-02,1.524865948644136757e-02,5.264052379610983934e+00,-6.129063035873714149e-01,-3.022296683825288419e-02,-1.228485926263522821e-01,-6.918899688189127095e-02,-4.405756398806325459e-04,1.040996414695542771e-01,1.204619837628212592e-01,9.920401591210710190e-01,-3.534577856572352489e-02,-1.963328337594610340e-01,6.132836560842791496e-01,8.764092884612298406e-02,1.604235169766671590e-02,-4.518724334066844150e+00
9.900000000000000000e+03,-4.574476397081315828e-06,-8.525196164159516352e-03,-1.585642190704898147e-01,1.011239966366107301e-01,-3.221277584661709058e-05,3.875227518713936781e-01,2.106594570416846126e-05,3.513038647939113399e-03,-6.101657276768797378e-02,1.170203037530060872e-02,5.239438125663927082e+00,-2.783608690738726965e-01,-3.022296683825288419e-02,-1.228485926263522821e-01,-6.929376033389741951e-02,-4.405756398806325459e-04,1.050626257001874980e-01,1.204619837628212592e-01,9.920401591210710190e-01,-3.534577856572352489e-02,-1.956035268906073377e-01,3.489791080596846840e-01,8.764092884612298406e-02,2.325051799199505387e-02,-4.518724334066844150e+00
