-1.000000000000000000e+00,3.188297746350769457e-01,4.966363864146897122e-02,5.057703687792334257e-01,5.120633769501253818e-01,6.314969752375991507e-02,8.133365879803295950e-01,6.219675348490654593e-02,5.639703590520970394e-02,-5.116763171429468404e-02,7.879874274221998487e-02,1.603025733641914252e+00,-7.392786134583295699e-01,-7.865709919072381984e-02,-1.086088303303458513e+00,2.193786821502419215e-02,-7.676371031460377248e-01,3.407558119716461165e-01,-5.232133177395649482e-02,2.096124400623185779e-01,-1.138301582258763600e-01,1.582618292801019413e-02,1.782135531101341208e-01,2.149632897399434139e-01,5.579650866517993357e-01,-4.209398336563097837e-02
0.000000000000000000e+00,3.188297746350769457e-01,4.958246068342466589e-02,5.068794664815763351e-01,5.215683909967981924e-01,6.286971863263818294e-02,8.133365879803295950e-01,6.219675348490654593e-02,5.639703590520970394e-02,-5.116763171429468404e-02,7.969950030847811062e-02,1.605950109686206995e+00,-7.392786134583295699e-01,-7.865709919072381984e-02,-1.086088303303458513e+00,2.193786821502419215e-02,-7.693968414530284461e-01,3.407558119716461165e-01,-5.232133177395649482e-02,2.096124400623185779e-01,-1.138301582258763600e-01,1.582618292801019413e-02,1.739658508815003779e-01,2.157765649077632297e-01,5.564170226256398566e-01,-4.209398336563097837e-02
1.000000000000000000e+02,3.188297746350769457e-01,4.958246068342466589e-02,5.043745592076741557e-01,5.632513049852222453e-01,6.286971863263818294e-02,8.133365879803295950e-01,6.241075166466983348e-02,5.652809902139106779e-02,-5.121455382341332657e-02,8.305668889005268785e-02,6.236507047731247866e-01,-5.322384893844791520e-01,-7.865709919072381984e-02,-8.937269073853699730e-01,2.193786821502419215e-02,-7.676371031460376138e-01,3.407558119716460610e-01,-3.720686960394244819e-02,1.139179913429040764e-01,-9.914533309366997671e-02,1.582618292801019413e-02,1.541013943156155641e-01,2.157765649077632297e-01,5.564170226256398566e-01,-4.574211988912352256e-02
2.000000000000000000e+02,3.188297746350769457e-01,4.958246068342466589e-02,6.161707975131710535e-01,5.222091709907932255e-01,6.286971863263818294e-02,8.133365879803295950e-01,6.193460097749396015e-02,5.639703590520970394e-02,-5.107043564350899345e-02,8.524311922924424079e-02,8.110493480406306688e-01,-5.347036451128255319e-01,-7.865709919072381984e-02,-1.197673071225594521e+00,2.680933166189065908e-02,-7.676371031460376138e-01,3.407558119716460610e-01,-3.720686960394244819e-02,1.139179913429040764e-01,-9.876419786312434779e-02,1.582618292801019413e-02,1.472468544605147478e-01,1.703684309859521684e-01,5.564170226256399676e-01,-4.209398336563097143e-02
3.000000000000000000e+02,3.188297746350769457e-01,4.958246068342466589e-02,6.161707975131710535e-01,5.222091709907932255e-01,5.101384620655916025e-02,4.271061900254040089e-01,8.234235733155496895e-02,5.639703590520970394e-02,-5.116763171429468404e-02,8.299356040273486723e-02,8.076439644856473477e-01,-5.102703911475433562e-01,-7.865709919072381984e-02,-1.197673071225594521e+00,2.265587359474611692e-02,-7.676371031460376138e-01,2.209046798983637649e-01,-3.720686960394244819e-02,1.139179913429040764e-01,-9.914533309366997671e-02,1.543480992301958683e-02,9.852072908589205869e-02,1.085635659815882281e-01,5.564170226256398566e-01,-4.209398336563097143e-02
4.000000000000000000e+02,3.188297746350769457e-01,4.092497737903171701e-02,6.142797384810013694e-01,5.222091709907932255e-01,5.101384620655916025e-02,4.250603239468731531e-01,8.249615828142194129e-02,5.639703590520970394e-02,-3.453596114092147285e-02,8.524311922924422691e-02,8.019589133016731264e-01,-5.347036451128255319e-01,-7.865709919072381984e-02,-1.197673071225594521e+00,1.938438598887420872e-02,-7.710417489531332658e-01,2.195692512648448058e-01,-3.720686960394244819e-02,1.139179913429040764e-01,-9.914533309366997671e-02,1.582618292801019413e-02,9.868923325571024585e-02,1.087080815852412008e-01,5.564170226256398566e-01,-4.209398336563097143e-02
5.000000000000000000e+02,3.114365951010192868e-01,4.083864220436126541e-02,6.161707975131710535e-01,5.222091709907932255e-01,5.363510596334988834e-02,4.267762869956556182e-01,8.336453021580922385e-02,5.634653175870033698e-02,-3.453596114092147285e-02,8.524311922924424079e-02,8.110493480406306688e-01,-5.373568249965320343e-01,-8.503530055097659190e-02,-1.197673071225594521e+00,2.792733993063479039e-02,-7.676371031460376138e-01,2.195692512648448058e-01,-3.720686960394244819e-02,1.139179913429040764e-01,-1.059380351281286325e-01,1.582618292801019413e-02,9.868923325571024585e-02,1.087080815852411869e-01,5.564170226256399676e-01,-4.209398336563097143e-02
6.000000000000000000e+02,3.163481577976527959e-01,2.906153400657039698e-02,6.603734055979494366e-01,5.225481640176297127e-01,8.248020061618550891e-02,4.259497420079463859e-01,8.234235733155496895e-02,5.644464061432983432e-02,-3.453596114092147285e-02,8.524311922924422691e-02,5.248977530385392498e-01,-5.347036451128255319e-01,-8.503530055097660578e-02,-1.600808929952725501e+00,2.792733993063479039e-02,-7.676371031460376138e-01,2.203288403657408523e-01,-3.720686960394244819e-02,1.139179913429040764e-01,-1.056215051320759657e-01,1.582618292801019413e-02,9.893025115390667590e-02,1.087080815852412008e-01,5.564170226256398566e-01,-4.209398336563097143e-02
7.000000000000000000e+02,3.188297746350769457e-01,2.906153400657039351e-02,7.399234469064029929e-01,6.333998727754014402e-01,7.118621737364705382e-02,4.707702062747666227e-01,8.234235733155496895e-02,5.639703590520969700e-02,-1.749977150144681887e-02,8.546400555404573551e-02,5.248977530385392498e-01,-5.646002514934755911e-01,-8.503530055097659190e-02,-1.600808929952725279e+00,3.695751412586002760e-02,-7.676371031460375027e-01,2.195692512648448336e-01,-3.720686960394244819e-02,1.139179913429040902e-01,-1.545835811807872717e-01,1.582618292801019413e-02,1.239392978043050986e-01,1.088003541130610347e-01,5.564170226256399676e-01,-4.209398336563097143e-02
8.000000000000000000e+02,3.188297746350769457e-01,2.906153400657039351e-02,7.366430170885457374e-01,6.356458515279452826e-01,9.028406655586747320e-02,4.707702062747666227e-01,8.645963120379419886e-02,5.639703590520970394e-02,-1.749977150144681887e-02,8.524311922924424079e-02,4.845259120942362885e-01,-4.908077237756013900e-01,-8.503530055097659190e-02,-1.607155935512094791e+00,4.581724402745539215e-02,-7.997186171098643603e-01,2.195692512648448058e-01,-3.720686960394244819e-02,1.134196640026627345e-01,-1.434603165641822053e-01,1.583793801186984818e-02,1.239392978043050986e-01,1.087080815852411869e-01,5.564170226256399676e-01,-3.064117559515397438e-02
9.000000000000000000e+02,3.188297746350769457e-01,2.906153400657039351e-02,7.366430170885457374e-01,6.356458515279452826e-01,6.996092648122223534e-02,4.707702062747666227e-01,1.190235245569586653e-01,4.068966344920563194e-02,-1.749977150144681887e-02,8.536520467319361205e-02,4.845259120942362885e-01,-4.908077237756013900e-01,-8.503530055097659190e-02,-2.163727828313871449e+00,4.682798298894805256e-02,-7.981387276752702764e-01,2.195692512648448058e-01,-3.720686960394244819e-02,1.139179913429040764e-01,-2.270050604533505600e-01,1.582618292801019413e-02,1.766046538465885496e-01,1.087080815852411869e-01,5.538566413885169792e-01,-3.064117559515397438e-02
1.000000000000000000e+03,3.192596749197858519e-01,2.917577555448338730e-02,6.142543296530716956e-01,6.356458515279452826e-01,6.996092648122223534e-02,4.707702062747665672e-01,1.520853828822389953e-01,4.055395835600440063e-02,-1.749977150144681887e-02,9.199302061904696126e-02,7.216872587019481644e-01,-4.905322809347301694e-01,-8.503530055097660578e-02,-2.146123048652376575e+00,4.682798298894805256e-02,-6.448022633694560080e-01,2.195692512648448058e-01,-3.720686960394244819e-02,1.139179913429040764e-01,-1.784501405138842756e-01,1.582618292801019413e-02,1.765316230428833899e-01,1.087080815852412008e-01,5.564170226256398566e-01,-3.064117559515397438e-02
1.100000000000000000e+03,3.189549437911632923e-01,2.079019473425052986e-02,6.142543296530716956e-01,6.356458515279452826e-01,6.996092648122223534e-02,4.713610838815636694e-01,1.516350399984656427e-01,4.055395835600440063e-02,-1.749977150144681887e-02,8.128706025258754242e-02,7.216872587019481644e-01,-4.908077237756014455e-01,-8.503530055097660578e-02,-2.146123048652376575e+00,3.294821323316317330e-02,-6.448022633694560080e-01,2.195692512648448058e-01,-3.720686960394244819e-02,1.139179913429040764e-01,-1.858439189490624921e-01,1.582618292801019413e-02,1.765316230428833899e-01,1.087080815852412008e-01,5.564170226256398566e-01,-3.064117559515397438e-02
1.200000000000000000e+03,3.188297746350769457e-01,2.082704906596354738e-02,6.142543296530716956e-01,6.356458515279452826e-01,6.996092648122223534e-02,3.497341394585921082e-01,1.516350399984656427e-01,4.839102212813542470e-02,-2.490336539303611083e-02,9.392156387327631195e-02,7.216872587019481644e-01,-4.908077237756014455e-01,-8.503530055097660578e-02,-2.146123048652376575e+00,4.136564764142357936e-02,-9.485509373922956788e-01,2.195692512648448058e-01,-3.720686960394244819e-02,1.133604179892776648e-01,-1.862226154732030681e-01,1.582618292801019413e-02,1.765316230428833899e-01,1.087080815852412008e-01,7.881148445064255492e-01,-2.334795756663377367e-02
1.300000000000000000e+03,3.203174406359626247e-01,2.079019473425052986e-02,6.598436117602914930e-01,6.356458515279452826e-01,6.996092648122223534e-02,3.496667495701836215e-01,1.516350399984656427e-01,4.839102212813542470e-02,-2.493786968519225850e-02,9.392156387327631195e-02,7.216872587019481644e-01,-4.908077237756014455e-01,-8.503530055097660578e-02,-2.146123048652376575e+00,4.136564764142357936e-02,-1.220169309333468677e+00,2.195692512648448058e-01,-3.720686960394244819e-02,1.139179913429040764e-01,-1.858439189490624921e-01,1.114897933721667282e-02,1.765316230428833899e-01,1.087080815852412008e-01,7.858876422985037191e-01,-2.334795756663377367e-02
1.400000000000000000e+03,1.857699671582169199e-01,2.079019473425052986e-02,6.142543296530716956e-01,6.356458515279452826e-01,6.038864541515810008e-02,3.571459852937448054e-01,1.516350399984656427e-01,4.839102212813542470e-02,-2.493786968519225850e-02,9.365770057845063112e-02,7.216872587019481644e-01,-5.399711324125964218e-01,-8.503530055097660578e-02,-2.146123048652376575e+00,2.937155828837812593e-02,-1.219602427413222445e+00,1.177120016740560438e-01,-3.720686960394244819e-02,1.139179913429040764e-01,-1.940591333542429631e-01,1.114897933721667282e-02,1.772439957059520899e-01,1.087073114990319833e-01,5.676218259221725848e-01,-2.334795756663377367e-02
1.500000000000000000e+03,1.857699671582169199e-01,2.535123517806442406e-02,6.142543296530716956e-01,6.356458515279452826e-01,6.062659806746252544e-02,3.505669347946119285e-01,1.241709315455496176e-01,4.822028922917653143e-02,-2.628921512295463725e-02,9.392156387327631195e-02,7.056884195960145822e-01,-5.399711324125964218e-01,-8.503530055097660578e-02,-2.146123048652376575e+00,2.937155828837812593e-02,-1.215211599650199537e+00,1.172237475973806481e-01,-3.720686960394244819e-02,1.139179913429040764e-01,-1.858439189490624921e-01,1.114897933721667282e-02,1.592632205953712077e-01,1.087080815852412008e-01,5.676218259221725848e-01,-2.334795756663377367e-02
1.600000000000000000e+03,1.051058442999035641e-01,2.535123517806442406e-02,6.098182402309711980e-01,6.049473994851998215e-01,6.062659806746252544e-02,4.396565689922734554e-01,1.238196115862536528e-01,4.839102212813542470e-02,-2.493786968519225850e-02,9.392156387327631195e-02,6.767039404806620695e-01,-3.384776683636960271e-01,-8.503530055097660578e-02,-2.146123048652376575e+00,2.932266153036868286e-02,-1.215367294978029866e+00,1.172237475973806481e-01,-3.720686960394244819e-02,1.139179913429040764e-01,-1.574673794640504554e-01,1.114897933721667282e-02,1.376777175359810423e-01,1.087080815852412008e-01,5.381338762607337234e-01,-2.334795756663377367e-02
1.700000000000000000e+03,1.051058442999035641e-01,2.535123517806442406e-02,6.142543296530716956e-01,6.356458515279452826e-01,6.190239586883394818e-02,4.416081420563626181e-01,1.241709315455496176e-01,4.839102212813542470e-02,-2.493786968519225850e-02,9.539922864945143965e-02,6.767039404806620695e-01,-3.388397429501016633e-01,-8.503530055097660578e-02,-2.146123048652376575e+00,2.937155828837812593e-02,-1.215211599650199537e+00,1.172237475973806481e-01,-3.720686960394244819e-02,1.139179913429040764e-01,-9.935821436578091970e-02,1.114897933721667282e-02,1.381399753757878990e-01,1.087080815852412008e-01,5.664672623272274388e-01,-2.334795756663377367e-02
1.800000000000000000e+03,1.051058442999035641e-01,2.527014788511131038e-02,6.142543296530716956e-01,6.356458515279452826e-01,6.062659806746252544e-02,4.436838254221592837e-01,7.151069132726758926e-02,4.839102212813542470e-02,-2.493786968519225850e-02,9.392156387327631195e-02,6.754617657530750385e-01,-3.376258517144565818e-01,-8.503530055097660578e-02,-2.146123048652376575e+00,3.400382362845869727e-02,-1.215211599650199537e+00,1.462925524151985623e-01,-3.720686960394244819e-02,1.139179913429040764e-01,-9.935821436578091970e-02,1.114897933721667282e-02,1.350603801811847970e-01,6.973399970042050422e-02,5.676218259221725848e-01,-2.334795756663377367e-02
1.900000000000000000e+03,7.793005390559322454e-02,2.530942253813278295e-02,6.142543296530716956e-01,6.356458515279452826e-01,8.972663319692840422e-02,4.416081420563626181e-01,7.302132880286657524e-02,4.839102212813542470e-02,-2.493786968519225850e-02,1.010363927980439946e-01,4.610944767379549503e-01,-3.376258517144565818e-01,-8.503530055097660578e-02,-2.146123048652376575e+00,4.618222995697909838e-02,-1.215965688528610311e+00,4.792322283662018428e-02,-2.619428638691550723e-02,1.140597638623316590e-01,-1.625051759354051994e-01,8.127269905249487683e-03,7.571365930317870696e-02,6.973399970042050422e-02,5.634411884074562726e-01,-2.335187600390941851e-02
2.000000000000000000e+03,4.752975636195299475e-02,2.535123517806442406e-02,6.142543296530716956e-01,6.356458515279452826e-01,7.667126706791636825e-02,4.416081420563626181e-01,7.151069132726758926e-02,4.839102212813542470e-02,-2.825013237953973716e-02,1.005500336562369090e-01,4.633740973481447201e-01,-3.253135726711439135e-01,-8.503530055097660578e-02,-2.146123048652376575e+00,5.400100839385776202e-02,-1.212058061177562651e+00,4.792322283662018428e-02,-2.619428638691550723e-02,1.279534707662350890e-01,-1.778177553972412062e-01,8.127269905249487683e-03,8.171549201672302642e-02,6.973399970042050422e-02,5.676218259221725848e-01,-2.334795756663377367e-02
2.100000000000000000e+03,4.939505650902819428e-02,2.663180203020339143e-02,7.015372664106057643e-01,5.905373133080976666e-01,7.386488813591184088e-02,4.416081420563626181e-01,7.151069132726758926e-02,4.839102212813542470e-02,-3.089994253501770344e-02,1.021185404160799698e-01,4.610944767379549503e-01,-1.737606426522710912e-01,-8.503530055097660578e-02,-1.593556125296259118e+00,6.172166464484477033e-02,-8.615977659573998970e-01,4.792322283662018428e-02,-2.619428638691550723e-02,1.279534707662350890e-01,-2.008488583126568083e-01,8.127269905249487683e-03,7.571365930317870696e-02,6.216225867363552732e-02,5.676218259221725848e-01,-2.334795756663377367e-02
2.200000000000000000e+03,7.216745866244808627e-02,2.535123517806442406e-02,6.142543296530716956e-01,5.905373133080976666e-01,7.408683144402547494e-02,4.416081420563626181e-01,7.173344721669419610e-02,4.842777859131426610e-02,-3.089994253501770344e-02,1.010265847905582742e-01,3.720967819165674761e-01,-1.736996487136749923e-01,-8.503530055097660578e-02,-1.593556125296259118e+00,3.124214359802708271e-02,-8.673458062927098533e-01,4.488801642657808816e-02,-2.619428638691550723e-02,1.279534707662350890e-01,-2.415446217901819903e-01,8.133521446064337704e-03,7.596363567103547876e-02,6.953327307653384137e-02,5.676218259221725848e-01,-2.334795756663377367e-02
2.300000000000000000e+03,7.216745866244808627e-02,2.535123517806442406e-02,6.142543296530716956e-01,5.909173041477135957e-01,7.386488813591184088e-02,4.416081420563626181e-01,7.151069132726758926e-02,4.856182240377406034e-02,-3.089994253501770344e-02,1.008032854937140482e-01,2.322203504445954358e-01,-9.753784074963536832e-02,-8.503530055097659190e-02,-1.672661930251615470e+00,2.513554631672042239e-02,-8.588481364173152777e-01,4.488801642657808816e-02,-2.619428638691550723e-02,1.272370331763183759e-01,-2.532290153936514465e-01,8.127269905249487683e-03,1.000257273965979576e-01,8.236761328440897478e-02,5.676218259221725848e-01,-2.334795756663377367e-02
2.400000000000000000e+03,7.216745866244808627e-02,2.535123517806442406e-02,6.142543296530716956e-01,5.905373133080976666e-01,8.334863104026087044e-02,4.416081420563626181e-01,7.151069132726758926e-02,6.011002843703341925e-02,-3.089994253501770344e-02,1.005500336562369090e-01,2.794811130703670488e-01,-9.753784074963536832e-02,-8.503530055097659190e-02,-1.593556125296259118e+00,2.513554631672042239e-02,-8.615977659573998970e-01,4.488801642657808816e-02,-2.619428638691550723e-02,1.279534707662350890e-01,-2.406757049322425790e-01,8.127269905249487683e-03,1.000257273965979576e-01,6.973399970042050422e-02,5.659646968159471880e-01,-2.334795756663377367e-02
2.500000000000000000e+03,7.391528623594960379e-02,1.270314597907947103e-02,6.126957203423141207e-01,5.153018561428988065e-01,8.300124034982475640e-02,3.390907226756824655e-01,7.151069132726758926e-02,5.986056014072100445e-02,-3.089994253501770344e-02,1.002449838744024074e-01,2.794811130703670488e-01,-1.016568231287180296e-01,-8.503530055097660578e-02,-1.593556125296259118e+00,2.513554631672042239e-02,-7.638135085371572375e-01,4.488801642657808816e-02,-2.705288154436150463e-02,1.279534707662350890e-01,-1.478642726284196407e-01,8.101378391723571340e-03,1.000257273965979715e-01,6.973399970042050422e-02,5.676218259221725848e-01,-2.334795756663377367e-02
2.600000000000000000e+03,3.240407340564355199e-02,1.270314597907947103e-02,6.142543296530716956e-01,5.038835177498078854e-01,8.300124034982475640e-02,3.384596735515756905e-01,7.151069132726758926e-02,5.986056014072100445e-02,-3.089994253501770344e-02,1.005500336562369090e-01,2.791662281853011796e-01,-1.156365979043562642e-01,-8.503530055097660578e-02,-1.593556125296259118e+00,1.822801590987420048e-02,-8.596009684916634530e-01,4.503565040035276829e-02,-2.619428638691550723e-02,1.279534707662350890e-01,-1.478642726284196407e-01,8.127269905249487683e-03,1.000257273965979715e-01,6.973399970042050422e-02,5.676218259221725848e-01,-2.334795756663377367e-02
2.700000000000000000e+03,3.240407340564355199e-02,1.270314597907947277e-02,6.142543296530716956e-01,5.058974239972489073e-01,8.300124034982475640e-02,3.384596735515756905e-01,7.151069132726758926e-02,5.986056014072100445e-02,-3.089994253501770344e-02,1.005500336562369090e-01,3.521035452095021001e-01,-1.246859764817167815e-01,-8.185073779068913202e-02,-1.593556125296259118e+00,2.443305704719840252e-02,-8.064214496231809637e-01,4.488801642657808816e-02,-2.619428638691550723e-02,1.278624268157982635e-01,-1.478642726284196407e-01,8.127269905249487683e-03,1.000257273965979576e-01,6.973399970042050422e-02,5.859378783297886084e-01,-2.334795756663377367e-02
2.800000000000000000e+03,2.207033226064131215e-02,9.672737774529285154e-03,6.589506964332939587e-01,5.058974239972489073e-01,8.300124034982475640e-02,3.394020903609691331e-01,7.151069132726758926e-02,5.986056014072100445e-02,-3.089994253501770344e-02,1.003900042458581721e-01,3.612856918018063634e-01,-6.492157638604179049e-02,-8.503530055097660578e-02,-1.593556125296259118e+00,2.443305704719839905e-02,-8.596009684916634530e-01,4.488801642657808816e-02,-2.619428638691550723e-02,1.279534707662350890e-01,-7.696136035933576203e-02,7.882397246637093749e-03,1.000257273965979715e-01,6.973399970042050422e-02,5.859378783297886084e-01,-2.334795756663377367e-02
2.900000000000000000e+03,2.207033226064131215e-02,9.672737774529285154e-03,6.589506964332939587e-01,5.058974239972489073e-01,8.598863908108626830e-02,3.384596735515756905e-01,7.179603302281302446e-02,5.986056014072100445e-02,-3.089994253501770344e-02,7.356130933775618941e-02,3.609764860816535581e-01,-6.492157638604179049e-02,-8.503530055097659190e-02,-1.593556125296259118e+00,2.443305704719840252e-02,-1.186154950375980066e+00,4.488801642657808816e-02,-2.619428638691550723e-02,1.279534707662350890e-01,-4.495015389690269758e-02,8.147049019091695196e-03,1.080117743529858398e-01,1.012960219330819728e-01,5.859378783297886084e-01,-2.330883972236080792e-02
3.000000000000000000e+03,2.207033226064131215e-02,9.700934358361576124e-03,6.589506964332939587e-01,5.058974239972489073e-01,9.373770487099623849e-02,3.384596735515756905e-01,7.117511995574592187e-02,5.986056014072100445e-02,-3.089994253501770344e-02,7.391293271290352851e-02,3.605701059590827318e-01,-6.213439185814732119e-02,-8.503530055097659190e-02,-1.593556125296259118e+00,2.825939867406112097e-02,-1.191682945801843641e+00,3.050521134249114391e-02,-2.619428638691550723e-02,1.279534707662350890e-01,-6.102867996585557842e-02,8.127269905249487683e-03,1.077713617279153352e-01,1.014306275229804599e-01,5.859378783297886084e-01,-2.341969566558641316e-02
3.100000000000000000e+03,2.207033226064131215e-02,9.672737774529285154e-03,6.589506964332939587e-01,5.058974239972489073e-01,4.322137296997335953e-02,3.384596735515756905e-01,7.001587339958013911e-02,6.280833755427092657e-02,-3.832818570822806720e-02,7.228920216768812412e-02,3.482952704883208739e-01,-6.471857414920392793e-02,-8.503530055097659190e-02,-1.593556125296259118e+00,2.801343496725368365e-02,-1.190343778913851791e+00,2.320317183826236737e-02,-2.619428638691550723e-02,1.274908388764599276e-01,-5.860319947594128803e-02,8.127269905249487683e-03,1.078555523909421748e-01,1.021770490446594210e-01,3.142555237608071206e-01,-2.334795756663377367e-02
3.200000000000000000e+03,2.151979692165806660e-02,9.672737774529285154e-03,7.444266831126796768e-01,5.058974239972489073e-01,4.320421535041506916e-02,3.384596735515756905e-01,7.021609244076339185e-02,5.999148584411524016e-02,-3.825690897820265002e-02,7.430615115113317626e-02,3.474048180766227678e-01,-7.148167083523035426e-02,-8.503530055097659190e-02,-1.457342531262230567e+00,2.801343496725368365e-02,-1.539280425389793594e+00,2.320317183826236737e-02,-2.619428638691550723e-02,1.279534707662350890e-01,-5.860319947594128803e-02,8.127269905249487683e-03,1.184267862631580986e-01,1.017709029360886336e-01,3.142555237608071206e-01,-2.334795756663377367e-02
3.300000000000000000e+03,2.207033226064131215e-02,9.672737774529285154e-03,8.186753137806491720e-01,5.058974239972489073e-01,4.320421535041506916e-02,3.384596735515756905e-01,7.001587339958013911e-02,5.986056014072100445e-02,-3.825690897820265002e-02,7.391293271290352851e-02,3.484731132871237702e-01,-6.466605789689523764e-02,-8.503530055097660578e-02,-1.593556125296259118e+00,2.565350018505136581e-02,-1.500525883717231945e+00,1.996842510508707244e-02,-2.619428638691550723e-02,1.279534707662350890e-01,-5.860319947594128803e-02,8.139235972603938232e-03,1.077713617279153352e-01,1.012960219330819728e-01,3.142555237608071206e-01,-2.334795756663377367e-02
3.400000000000000000e+03,3.507490403416379382e-02,9.672737774529285154e-03,8.186753137806492830e-01,3.988175644493993088e-01,3.631818593171391718e-02,3.384596735515756905e-01,7.001587339958013911e-02,5.986056014072100445e-02,-3.836035281632316912e-02,7.391293271290352851e-02,3.482952704883208739e-01,-5.788298841020189656e-02,-8.503530055097659190e-02,-1.593556125296259118e+00,2.519074285904034094e-02,-1.539280425389793594e+00,2.056249881103483501e-02,-2.619428638691551070e-02,1.279534707662350890e-01,-4.829693601597782188e-02,8.566070570183003524e-03,1.077713617279153491e-01,9.108127583160863239e-02,3.142555237608071761e-01,-1.776135162434266598e-02
3.500000000000000000e+03,3.507490403416379382e-02,9.404292393671215278e-03,8.186753137806491720e-01,3.988175644493993643e-01,4.320421535041506916e-02,3.384596735515756905e-01,7.352916880968062008e-02,5.986056014072100445e-02,-3.428640162877712866e-02,7.391293271290352851e-02,4.217117695903573882e-01,-5.775210464734394783e-02,-8.503530055097660578e-02,-1.593556125296259118e+00,2.519074285904034094e-02,-1.622466264340374886e+00,2.054663192413168707e-02,-2.619428638691550723e-02,1.279534707662350890e-01,-4.829693601597782882e-02,8.780561179433961708e-03,1.077713617279153352e-01,1.012960219330819728e-01,3.142555237608071206e-01,-1.776135162434266598e-02
3.600000000000000000e+03,3.507490403416379382e-02,8.867401631955103281e-03,8.186753137806491720e-01,3.988175644493993643e-01,4.320421535041506916e-02,3.384596735515756905e-01,7.352916880968062008e-02,5.986056014072100445e-02,-3.428640162877712866e-02,7.391293271290352851e-02,3.482952704883208739e-01,-5.775210464734394783e-02,-8.503530055097660578e-02,-1.593556125296259118e+00,2.513464459014101010e-02,-1.919465006378946015e+00,2.208658990053890755e-02,-2.619428638691550723e-02,1.514023462096338590e-01,-4.169354061220358759e-02,4.874344119527654340e-03,1.077713617279153352e-01,1.012960219330819728e-01,3.142555237608071206e-01,-1.343343691258442642e-02
3.700000000000000000e+03,3.507490403416379382e-02,6.341551456220691392e-03,1.030959237742166801e+00,3.988175644493993088e-01,4.320421535041506916e-02,3.384596735515756905e-01,7.352916880968062008e-02,5.986056014072100445e-02,-3.428640162877712866e-02,7.391293271290352851e-02,1.946374347373696911e-01,-4.598198161453660032e-02,-8.503530055097659190e-02,-1.593556125296259118e+00,2.518516641103234893e-02,-1.915043142480091776e+00,2.208658990053890755e-02,-2.619428638691550723e-02,1.514023462096338590e-01,-4.172630115998005040e-02,4.895609023796551953e-03,1.077713617279153352e-01,1.012960219330819728e-01,3.142555237608071206e-01,-1.335437875443930104e-02
3.800000000000000000e+03,2.491394509468887117e-02,6.342428428799796666e-03,1.030959237742166801e+00,3.836024136078196589e-01,4.320421535041506916e-02,3.384596735515756905e-01,7.352916880968062008e-02,5.961986513233012014e-02,-3.428640162877712866e-02,7.391293271290352851e-02,1.934312337894014133e-01,-4.616901780160949376e-02,-1.186605845217147820e-01,-1.627693210639736154e+00,2.342710463489587266e-02,-1.915043142480091776e+00,2.208658990053890755e-02,-2.619428638691550723e-02,1.514023462096338590e-01,-4.168695019340254437e-02,4.874344119527654340e-03,1.077713617279153352e-01,1.012960219330819728e-01,3.142555237608071206e-01,-1.342082193436639620e-02
3.900000000000000000e+03,2.491394509468887117e-02,6.342428428799795799e-03,8.195114916832071383e-01,3.981040410769509097e-01,4.320421535041506916e-02,3.384596735515756905e-01,7.352916880968062008e-02,5.986056014072100445e-02,-3.858308450993908068e-02,7.391293271290352851e-02,1.932855725732556540e-01,-2.766133719921054848e-02,-1.386737755643157322e-01,-1.593556125296259118e+00,2.338063010629363309e-02,-1.880482392251061174e+00,2.208658990053890755e-02,-2.619428638691550723e-02,1.514023462096338590e-01,-4.160090375775643556e-02,4.768645813676407677e-03,1.077713617279153352e-01,1.012960219330819728e-01,3.142555237608071206e-01,-1.335437875443930104e-02
4.000000000000000000e+03,2.491394509468887117e-02,6.358181844409258737e-03,1.030959237742166801e+00,3.988175644493993643e-01,4.334233312689791257e-02,3.384596735515756905e-01,7.352916880968062008e-02,5.986056014072100445e-02,-2.524670269140294812e-02,7.391293271290352851e-02,1.176785102481984618e-01,-2.679299959674191767e-02,-1.386737755643157322e-01,-1.268719135221224370e+00,2.342710463489587266e-02,-1.607138276803272481e+00,2.208658990053890755e-02,-2.619428638691550723e-02,1.514023462096338590e-01,-4.168695019340254437e-02,4.768645813676407677e-03,1.077713617279153352e-01,1.012960219330819728e-01,3.075798287010271803e-01,-1.335437875443930104e-02
4.100000000000000000e+03,3.699888058850921146e-02,6.342428428799796666e-03,1.026418050335716758e+00,3.988175644493993643e-01,3.617715224981606081e-02,3.384596735515756905e-01,7.364558480841296162e-02,5.986056014072100445e-02,-2.524670269140294812e-02,7.391293271290352851e-02,1.112375804160912612e-01,-2.833704733896166492e-02,-1.386737755643157322e-01,-1.593556125296259118e+00,2.351806968570763906e-02,-1.615162402748833603e+00,2.208658990053890755e-02,-2.619428638691550723e-02,1.514023462096338590e-01,-4.183353843820510065e-02,4.768645813676407677e-03,1.077713617279153352e-01,1.012960219330819728e-01,3.142555237608071206e-01,-1.335437875443930104e-02
4.200000000000000000e+03,5.412903713771299863e-02,6.342428428799795799e-03,1.030959237742166801e+00,2.933271725586542589e-01,4.320421535041506916e-02,3.384596735515756905e-01,7.352916880968062008e-02,4.455011069111620287e-02,-2.524670269140294812e-02,8.412838530929023229e-02,1.085883198296384439e-01,-2.679299959674192114e-02,-1.385223217298036935e-01,-1.588592508011687832e+00,3.256271629850666233e-02,-9.653325384123048192e-01,2.208658990053890755e-02,-2.317704450045738815e-02,1.507049122372877414e-01,-4.168695019340254437e-02,4.580173993165064829e-03,1.077713617279153491e-01,1.012960219330819589e-01,3.142555237608071761e-01,-1.120303761241447579e-02
4.300000000000000000e+03,5.412903713771299863e-02,8.756144128845184949e-03,1.030959237742166801e+00,2.933271725586542589e-01,5.100877233382813264e-02,4.075332251948750595e-01,7.352916880968062008e-02,5.986056014072100445e-02,-2.645423324561557016e-02,8.412838530929023229e-02,1.053386273137034285e-01,-4.565650512709438363e-02,-1.197666228119340925e-01,-1.593556125296259118e+00,3.228437676393860339e-02,-7.245282920811515481e-01,2.859155319695325451e-02,-2.317704450045739162e-02,1.514023462096338590e-01,-4.168695019340254437e-02,4.517030798549718541e-03,1.077713617279153352e-01,1.012960219330819728e-01,3.142555237608071206e-01,-1.254546245147352031e-02
4.400000000000000000e+03,5.412903713771299863e-02,8.756144128845184949e-03,1.030959237742166801e+00,2.472895384495221172e-01,5.725241792055862228e-02,4.075332251948750595e-01,7.352916880968062008e-02,5.986056014072100445e-02,-2.524670269140294812e-02,8.349879116615691044e-02,1.357249532298764882e-01,-5.554331765782841851e-02,-1.046409006100288835e-01,-1.593556125296259118e+00,2.368576140262531465e-02,-5.629059420539402891e-01,2.855686889925571417e-02,-2.317704450045739162e-02,8.856342666902274063e-02,-4.168695019340254437e-02,3.453851318763638718e-03,1.077713617279153352e-01,1.012960219330819728e-01,3.142555237608071206e-01,-1.254546245147352031e-02
4.500000000000000000e+03,5.208062014763217840e-02,8.756144128845184949e-03,1.030959237742166801e+00,3.746649299446692671e-01,5.725241792055862228e-02,3.092539071083750812e-01,7.352916880968062008e-02,5.986056014072100445e-02,-2.568263361349102172e-02,8.412838530929023229e-02,1.357249532298764882e-01,-3.183125713249432970e-02,-5.649068463029038173e-02,-1.580005712192312117e+00,2.368576140262531465e-02,-5.138796889997383488e-01,2.866162734392050868e-02,-2.317704450045739162e-02,8.530243292021827406e-02,-4.168695019340254437e-02,3.463556421101687387e-03,1.077713617279153352e-01,1.012960219330819728e-01,3.142555237608071206e-01,-1.256236581950521958e-02
4.600000000000000000e+03,4.804585940959398005e-02,8.756144128845184949e-03,1.034890039619333901e+00,3.746649299446692671e-01,5.725241792055862228e-02,3.092539071083750812e-01,7.369197757420012374e-02,5.986056014072100445e-02,-2.524670269140294812e-02,1.081427468989913376e-01,1.291686949859590094e-01,-3.176616406429023237e-02,-5.649068463029038173e-02,-1.580005712192312117e+00,2.671456692087082266e-02,-2.944955581364626096e-01,2.982559220276767911e-02,-2.317704450045739162e-02,8.530243292021827406e-02,-4.168695019340254437e-02,3.463556421101687387e-03,1.077713617279153352e-01,1.012960219330819728e-01,3.142555237608071206e-01,-1.254546245147352031e-02
4.700000000000000000e+03,4.804585940959398699e-02,8.756144128845184949e-03,1.030959237742166801e+00,5.215199084084010117e-01,5.725241792055862228e-02,3.092539071083750812e-01,7.352916880968062008e-02,6.013089595660892767e-02,-2.524670269140294812e-02,1.030498660259305116e-01,1.470320064358476841e-01,-3.189029791119088464e-02,-5.649068463029038173e-02,-1.580005712192312117e+00,1.626937135450685565e-02,-2.894655285775203368e-01,3.262872017216666976e-02,-2.317704450045739162e-02,8.337927418755440578e-02,-4.168695019340254437e-02,3.463556421101687387e-03,1.082488353366755363e-01,1.012960219330819728e-01,3.153527474848088485e-01,-1.259690668091512609e-02
4.800000000000000000e+03,4.804585940959398005e-02,8.756144128845184949e-03,1.030959237742166801e+00,5.215199084084010117e-01,5.749928348630036629e-02,3.090708624742813937e-01,7.352916880968062008e-02,7.176574722252741789e-02,-2.537461684250947452e-02,1.081427468989913376e-01,1.867415842179523944e-01,-3.189029791119088464e-02,-5.649068463029038173e-02,-1.580005712192312117e+00,1.626937135450685565e-02,-3.189126499442587748e-01,1.870603010869214058e-02,-2.317704450045739162e-02,8.366100818524757621e-02,-3.449866249748939628e-02,3.463556421101687387e-03,1.077713617279153352e-01,8.620145635599585354e-02,3.142555237608071206e-01,-1.254546245147352031e-02
4.900000000000000000e+03,4.804585940959398699e-02,8.497970861187007646e-03,1.030660256529341456e+00,7.643306443410441409e-01,5.725241792055862228e-02,3.092539071083750812e-01,9.383965176988476320e-02,7.444327306406792188e-02,-2.524670269140294812e-02,1.081427468989913376e-01,1.860392455483228791e-01,-4.415582138081535629e-02,-5.649068463029038173e-02,-1.580005712192312117e+00,1.625637763554545548e-02,-3.782709855469689741e-01,1.876087794170797421e-02,-2.317704450045739162e-02,8.366100818524757621e-02,-3.995802418750766388e-02,3.463556421101687387e-03,1.077713617279153352e-01,1.012960219330819728e-01,3.142555237608071206e-01,-1.254546245147352031e-02
5.000000000000000000e+03,4.804585940959398699e-02,8.433991438052249046e-03,1.308762724027328517e+00,3.759890400190313287e-01,5.725241792055862228e-02,3.154607870493019162e-01,1.187213896728772783e-01,7.167515162359552883e-02,-2.524670269140294812e-02,1.201104017406341706e-01,1.866066926567459261e-01,-4.415582138081535629e-02,-5.649068463029038173e-02,-1.580005712192312117e+00,1.626937135450685565e-02,-2.597458009972327675e-01,1.870603010869214058e-02,-2.317704450045739162e-02,8.366100818524757621e-02,-4.168695019340254437e-02,3.786176879612579427e-03,1.077713617279153352e-01,1.187603869953132441e-01,3.142555237608071206e-01,-1.219659721594846570e-02
5.100000000000000000e+03,4.948954643641575307e-02,8.756144128845184949e-03,1.308762724027328517e+00,3.755534334864850665e-01,5.725241792055862228e-02,3.204262910020431732e-01,1.387921762568656014e-01,7.176574722252741789e-02,-2.524670269140294812e-02,1.324021568098516788e-01,1.866066926567459261e-01,-4.138592464696788653e-02,-5.649068463029038173e-02,-1.516208952691375567e+00,9.439722182955521609e-03,-2.592503040539664294e-01,1.423284242182084290e-02,-2.317704450045739162e-02,8.366100818524757621e-02,-6.550451806112260467e-02,3.786176879612579427e-03,1.076726152250043339e-01,1.012960219330819728e-01,3.142555237608071206e-01,-1.421410683684207199e-02
5.200000000000000000e+03,4.932690531145304119e-02,8.756144128845184949e-03,1.308762724027328739e+00,3.761955555147195596e-01,5.725241792055862228e-02,3.204262910020431732e-01,1.387921762568656014e-01,7.176574722252741789e-02,-2.524670269140294812e-02,1.593451506732098955e-01,1.866066926567459261e-01,-4.138592464696788653e-02,-5.649068463029038173e-02,-1.580005712192312339e+00,9.439722182955521609e-03,-2.592503040539664294e-01,1.418173311934818777e-02,-2.317704450045738815e-02,8.366100818524757621e-02,-7.948112429319346972e-02,3.786176879612579427e-03,1.077713617279153491e-01,1.012960219330819589e-01,3.142555237608071761e-01,-1.421019515775070324e-02
5.300000000000000000e+03,4.932690531145304813e-02,8.756144128845184949e-03,1.199746784931835064e+00,3.773844020439219848e-01,5.725241792055862228e-02,3.204262910020431732e-01,1.387921762568656014e-01,7.197472013181691053e-02,-2.524670269140294812e-02,1.728168417674207369e-01,1.871089188877610165e-01,-4.138592464696788653e-02,-5.649068463029038173e-02,-1.580005712192312117e+00,9.439722182955521609e-03,-2.571859633909702181e-01,8.189528510432314209e-03,-2.317704450045739162e-02,8.366100818524757621e-02,-8.668781188160501472e-02,3.786176879612579427e-03,1.081243432250888065e-01,1.015656843453119351e-01,3.142555237608071206e-01,-1.421019515775070324e-02
5.400000000000000000e+03,4.932690531145304813e-02,8.756144128845184949e-03,1.308762724027328517e+00,3.773844020439219848e-01,7.441845544737900331e-02,4.226851455539140656e-01,1.381722905524089551e-01,7.176574722252741789e-02,-2.524670269140294812e-02,2.422668728345570011e-01,2.390650134708269536e-01,-3.108356460771625335e-02,-5.649068463029038173e-02,-1.580005712192312117e+00,9.396990404338992006e-03,-2.525970143257751932e-01,4.739716850523754445e-03,-2.317704450045739162e-02,8.366100818524757621e-02,-9.260543782057945039e-02,3.786176879612579427e-03,1.074549947369412700e-01,1.337612210454638684e-01,3.142151985409895598e-01,-1.457995104331441007e-02
5.500000000000000000e+03,4.932690531145304813e-02,8.756144128845184949e-03,1.308762724027328517e+00,3.773844020439219848e-01,7.441845544737900331e-02,4.230164663311388185e-01,1.394454956359595654e-01,7.176574722252741789e-02,-2.524670269140294812e-02,2.428348268069128457e-01,2.390650134708269536e-01,-3.116106320240142127e-02,-5.649068463029038173e-02,-1.580005712192312117e+00,6.052062346046730747e-03,-2.901946674300947548e-01,4.896080026459817547e-03,-2.317704450045739162e-02,8.366100818524757621e-02,-9.260543782057945039e-02,3.781855505122980535e-03,1.077713617279153352e-01,1.335341520360287249e-01,3.142555237608071206e-01,-1.421019515775070324e-02
5.600000000000000000e+03,5.556613535740798776e-02,8.756144128845184949e-03,1.319117153580945612e+00,3.773844020439219848e-01,7.441845544737900331e-02,4.230164663311388185e-01,1.387921762568656014e-01,7.767959215303266163e-02,-2.524670269140294812e-02,2.428348268069128457e-01,2.390650134708269536e-01,-3.116106320240142127e-02,-5.649068463029038173e-02,-1.580005712192312117e+00,6.075756540473377723e-03,-3.287430490564362540e-01,4.896080026459817547e-03,-2.317704450045739162e-02,8.366100818524757621e-02,-9.260543782057945039e-02,2.209911834911815632e-03,1.077713617279153352e-01,1.269410627048780660e-01,3.142555237608071206e-01,-1.421019515775070324e-02
5.700000000000000000e+03,5.574360695846917318e-02,8.756144128845184949e-03,1.308762724027328517e+00,3.773844020439219848e-01,9.043504344404612594e-02,4.230164663311388185e-01,1.387921762568656014e-01,7.176574722252741789e-02,-2.527133219342992537e-02,2.428348268069128457e-01,2.386505822269189558e-01,-3.116106320240142127e-02,-5.649068463029038173e-02,-1.580005712192312117e+00,7.551588957741220236e-03,-3.056668491181584457e-01,4.896080026459817547e-03,-2.317704450045739162e-02,8.366100818524757621e-02,-9.296963462970579684e-02,1.437679545850028238e-03,1.077713617279153352e-01,7.419634805567289215e-02,3.142555237608071206e-01,-1.421019515775070324e-02
5.800000000000000000e+03,5.574360695846917318e-02,8.789720883518268094e-03,1.308762724027328517e+00,6.138730142956555502e-01,1.019950039510247181e-01,5.873794818507677151e-01,1.383296700117507549e-01,7.176574722252741789e-02,-2.524670269140294812e-02,2.428348268069128457e-01,2.390650134708269536e-01,-3.116106320240142127e-02,-5.649068463029038173e-02,-1.580005712192312117e+00,8.173915134209203126e-03,-2.745177648936199533e-01,3.858701824057706592e-03,-2.317704450045739162e-02,1.100591951906994548e-01,-9.260543782057945039e-02,1.430871475467894883e-03,1.077713617279153352e-01,6.718542115633349687e-02,2.840496534450452359e-01,-1.421019515775070324e-02
5.900000000000000000e+03,5.574360695846917318e-02,8.756144128845184949e-03,1.310307246902367995e+00,6.138730142956555502e-01,1.019950039510247181e-01,5.873794818507677151e-01,1.387649318810321442e-01,7.153151453528069914e-02,-2.524670269140294812e-02,2.428348268069128457e-01,3.185065809670080683e-01,-3.200813041736745579e-02,-5.649068463029038173e-02,-1.580005712192312117e+00,8.158939046231255404e-03,-2.671365468643986385e-01,3.876959032693334719e-03,-2.317704450045739162e-02,1.100591951906994548e-01,-9.260543782057945039e-02,1.437679545850028238e-03,1.077713617279153352e-01,7.419634805567289215e-02,2.838232104258824884e-01,-1.421019515775070324e-02
6.000000000000000000e+03,5.574360695846917318e-02,8.756144128845184949e-03,1.003920652961600268e+00,6.138730142956555502e-01,1.019950039510247181e-01,8.032487869936489888e-01,1.897158558409234863e-01,9.471370838447616680e-02,-2.524670269140294812e-02,2.428348268069128457e-01,4.380979933832189199e-01,-3.370226484729953870e-02,-5.662837028153704100e-02,-1.580005712192312117e+00,8.173915134209203126e-03,-2.745177648936199533e-01,4.738466400045163000e-03,-2.317704450045739162e-02,1.096199120875981370e-01,-9.260543782057945039e-02,1.441361885940911939e-03,1.077713617279153352e-01,7.419634805567289215e-02,2.840496534450452359e-01,-1.412873372592197106e-02
6.100000000000000000e+03,5.574360695846917318e-02,8.756144128845184949e-03,1.003920652961600268e+00,6.138730142956555502e-01,8.950227660802766161e-02,8.032487869936489888e-01,1.888803777520463023e-01,1.280791836284238261e-01,-2.524670269140294812e-02,2.428348268069128457e-01,3.735588630343655847e-01,-3.370226484729953870e-02,-5.649068463029038173e-02,-8.385490266711085328e-01,8.173915134209203126e-03,-3.800339336862347261e-01,4.733320220611058997e-03,-2.317704450045739162e-02,1.100591951906994548e-01,-9.260543782057945039e-02,1.437679545850028238e-03,1.077713617279153352e-01,7.419634805567289215e-02,2.840496534450452359e-01,-1.421019515775070324e-02
6.200000000000000000e+03,5.574360695846917318e-02,8.756144128845184949e-03,1.003920652961600268e+00,6.138730142956555502e-01,8.950227660802766161e-02,8.032487869936489888e-01,1.070035250420820483e-01,1.366531431613062786e-01,-2.524670269140294812e-02,2.428348268069128457e-01,2.032184235638462844e-01,-3.356889048261033764e-02,-5.649068463029038173e-02,-8.385490266711085328e-01,9.134776910573952011e-03,-4.090867046704900201e-01,4.738466400045163000e-03,-1.979045912886384651e-02,1.100591951906994548e-01,-9.270787571456895471e-02,1.437823876760437221e-03,1.077713617279153352e-01,7.426447909472670694e-02,2.840496534450452359e-01,-1.394306324973447128e-02
6.300000000000000000e+03,5.582912864348259924e-02,8.785162441541481335e-03,1.003920652961600268e+00,4.684770200403887697e-01,1.161874331214195338e-01,8.032487869936489888e-01,1.395645548623889176e-01,1.366531431613062786e-01,-2.524670269140294812e-02,2.417540441211223634e-01,2.033609089104499446e-01,-3.370226484729953870e-02,-6.779040018809889823e-02,-8.385490266711085328e-01,9.134776910573952011e-03,-4.099316594496449362e-01,4.738466400045163000e-03,-1.979045912886384651e-02,1.104516806684137931e-01,-8.783929736875452365e-02,1.437679545850028238e-03,1.077713617279153352e-01,9.866383145221037376e-02,2.840496534450452359e-01,-1.421019515775070324e-02
6.400000000000000000e+03,5.078965096188445966e-02,8.756144128845184949e-03,1.104160311126542338e+00,4.684770200403887697e-01,1.162702078763649949e-01,8.060825719593163186e-01,1.921061084568053134e-01,1.708498907995043836e-01,-2.524670269140294812e-02,2.428348268069128457e-01,2.034474689288473248e-01,-3.370226484729953870e-02,-6.779040018809889823e-02,-8.385490266711085328e-01,9.134776910573952011e-03,-5.111972967307353288e-01,4.738466400045163000e-03,-1.979045912886384651e-02,1.100591951906994548e-01,-8.988198488498766459e-02,1.437679545850028238e-03,1.081845816060091475e-01,9.866383145221037376e-02,2.840496534450452359e-01,-1.421019515775070324e-02
6.500000000000000000e+03,2.997872765166897588e-02,1.014066261499416664e-02,8.541299533847949155e-01,4.684770200403887697e-01,1.138859235738761133e-01,8.032487869936489888e-01,2.176392613645713459e-01,1.708498907995043559e-01,-2.524670269140294812e-02,2.428348268069128457e-01,2.086480467184572973e-01,-3.370226484729953870e-02,-6.779040018809889823e-02,-8.385490266711086438e-01,9.134776910573952011e-03,-4.345419393637530714e-01,4.468911391603117012e-03,-1.389675392179126959e-02,1.100591951906994548e-01,-9.212318620791273838e-02,1.437679545850028238e-03,1.081354125049609066e-01,9.866383145221037376e-02,2.840496534450452359e-01,-2.041803414197941244e-02
6.600000000000000000e+03,2.997872765166897588e-02,1.031571667646127843e-02,8.541299533847949155e-01,4.684770200403887697e-01,1.241847003744123851e-01,1.118603429436837438e+00,2.208675910425649258e-01,1.708498907995043559e-01,-2.524670269140294812e-02,2.428348268069128457e-01,2.025609648719496336e-01,-3.377597223308381746e-02,-6.779040018809889823e-02,-8.377533095134844787e-01,9.134776910573952011e-03,-5.253889824451156709e-01,4.249737650632139270e-03,-9.397675664910563539e-03,1.100591951906994548e-01,-9.204984421658407578e-02,1.491071664925819979e-03,1.079526671176456870e-01,9.866383145221037376e-02,2.840496534450452359e-01,-2.100281787609566825e-02
6.700000000000000000e+03,2.997872765166897588e-02,1.031571667646127843e-02,8.539789905424397531e-01,4.670077385914526147e-01,1.598595717462956978e-01,1.086318523885889453e+00,2.208675910425649258e-01,1.701985813413338378e-01,-1.751503826628024799e-02,2.428348268069128457e-01,1.811301376857630818e-01,-3.358576897495771374e-02,-6.779040018809889823e-02,-8.385490266711085328e-01,9.157634101712611857e-03,-7.493720496686130383e-01,4.267612896362645188e-03,-9.397675664910563539e-03,1.100591951906994548e-01,-9.204984421658407578e-02,1.504260717274725611e-03,1.274055820789217752e-01,9.866383145221037376e-02,2.840496534450452359e-01,-2.580908470758452866e-02
6.800000000000000000e+03,3.885556408890977753e-02,1.031571667646127843e-02,1.089177666892833019e+00,6.864383171959268504e-01,1.598595717462956978e-01,1.086318523885889453e+00,2.208675910425649258e-01,1.708498907995043836e-01,-1.757011364336464113e-02,2.428348268069128457e-01,2.027916950746847802e-01,-3.358244140371567654e-02,-6.779040018809889823e-02,-8.385490266711085328e-01,9.134776910573952011e-03,-7.116017674316325037e-01,6.019386977952271948e-03,-9.397675664910563539e-03,1.100591951906994548e-01,-9.204984421658407578e-02,1.503329240659756743e-03,1.077713617279153352e-01,9.866383145221037376e-02,2.840496534450452359e-01,-2.580908470758452866e-02
6.900000000000000000e+03,3.885556408890977753e-02,1.031571667646127843e-02,1.122477387172960084e+00,5.908346538262907455e-01,1.598595717462956978e-01,6.980076542299460396e-01,2.201908968406140754e-01,1.708498907995043836e-01,-1.757011364336464113e-02,2.350189306053971361e-01,2.025609648719496336e-01,-2.752482111346647026e-02,-6.779040018809889823e-02,-5.069685554921387061e-01,9.477064809491935610e-03,-7.519983434691229762e-01,7.981993677372746163e-03,-9.397675664910563539e-03,1.100591951906994548e-01,-9.299511686287162404e-02,1.510055969789307617e-03,1.077713617279153352e-01,9.866383145221037376e-02,2.840496534450452359e-01,-2.580908470758452866e-02
7.000000000000000000e+03,3.885556408890977753e-02,1.032806262620375795e-02,1.158186835679599680e+00,7.451841763514246431e-01,1.623561588058567706e-01,5.875827608463093377e-01,2.208675910425649258e-01,1.708498907995043836e-01,-1.757011364336464113e-02,2.428348268069128457e-01,2.025609648719496336e-01,-2.458881933141742956e-02,-6.779040018809889823e-02,-4.896870190921520094e-01,8.759006210831872530e-03,-7.493720496686130383e-01,1.132751837771696184e-02,-9.397675664910563539e-03,1.100591951906994548e-01,-1.328347003949433558e-01,1.426453452292352278e-03,1.077713617279153352e-01,8.544232329582274188e-02,2.840496534450452359e-01,-2.580908470758452866e-02
7.100000000000000000e+03,5.184330556402725471e-02,1.031571667646127843e-02,1.158186835679599680e+00,7.451841763514246431e-01,1.626193292723076000e-01,5.875827608463093377e-01,2.208675910425649258e-01,1.708498907995043836e-01,-3.208597399391299038e-02,2.428348268069128457e-01,2.025609648719496336e-01,-3.035303892749803903e-02,-6.779040018809889823e-02,-4.896870190921520094e-01,9.581275778805502935e-03,-5.526047506375276752e-01,1.135651310826613601e-02,-5.835505820365084403e-03,1.100591951906994548e-01,-1.328347003949433558e-01,7.513966999025170060e-04,1.077713617279153352e-01,8.544232329582274188e-02,2.849422782230814910e-01,-3.174840168509174970e-02
7.200000000000000000e+03,5.158364383814444121e-02,7.553782657340871176e-03,1.162895847100420266e+00,7.451841763514246431e-01,1.623561588058567706e-01,9.824564611187259766e-01,2.205497091716617786e-01,1.708498907995043836e-01,-3.208597399391299038e-02,2.298645830457680117e-01,2.025609648719496336e-01,-3.639363647704142030e-02,-6.779040018809889823e-02,-4.896870190921520094e-01,1.007657751584048814e-02,-5.490397320773060530e-01,1.132751837771696184e-02,-5.835505820365084403e-03,1.100591951906994548e-01,-1.328347003949433558e-01,7.513966999025170060e-04,1.077713617279153352e-01,8.582217093911020944e-02,2.960169437849010654e-01,-3.174840168509174970e-02
7.300000000000000000e+03,5.184395509485098530e-02,5.346438504781968193e-03,1.158186835679599680e+00,7.451841763514246431e-01,1.629614937761366955e-01,1.059465041267913188e+00,2.208675910425649258e-01,1.706735953346483203e-01,-3.208597399391299038e-02,2.428348268069128457e-01,2.141853594104694558e-01,-4.782741145847282938e-02,-6.779040018809889823e-02,-4.896870190921520094e-01,8.654070468433899127e-03,-5.532867261293502592e-01,9.922915275673710456e-03,-5.835505820365084403e-03,1.304788899427727911e-01,-1.830034912737054931e-01,7.513966999025170060e-04,1.073667849860439200e-01,8.558624351180076084e-02,4.023444886150544519e-01,-3.174840168509174970e-02
7.400000000000000000e+03,5.841117010442004737e-02,5.344235442044531319e-03,1.158186835679599680e+00,8.995883062388245754e-01,1.623561588058567706e-01,1.059465041267913188e+00,2.208675910425649258e-01,1.708498907995043836e-01,-3.208597399391299038e-02,2.428348268069128457e-01,2.287158525836192891e-01,-4.782741145847282938e-02,-6.779040018809889823e-02,-4.896870190921520094e-01,9.531810635001941590e-03,-5.539235052674467141e-01,9.922915275673710456e-03,-5.835505820365084403e-03,1.560035083828648361e-01,-2.493382461105813352e-01,6.972142663149308653e-04,1.077713617279153352e-01,8.544232329582274188e-02,4.023444886150544519e-01,-3.174840168509174970e-02
7.500000000000000000e+03,5.849443435820524118e-02,5.356980015931093152e-03,1.158186835679599680e+00,9.014822214626553309e-01,1.623561588058567706e-01,1.059465041267913188e+00,2.217139552093243537e-01,1.711761343786966372e-01,-3.208597399391299038e-02,2.428348268069128457e-01,2.391553889876984196e-01,-4.782741145847282938e-02,-6.779040018809889823e-02,-4.896870190921520094e-01,9.502797389581462903e-03,-2.860965109239764770e-01,9.947635343787045517e-03,-5.835505820365084403e-03,1.560035083828648361e-01,-3.340802876980691338e-01,6.962077806296203090e-04,1.079927849494553144e-01,8.544232329582274188e-02,4.023444886150544519e-01,-3.174840168509174970e-02
7.600000000000000000e+03,5.828081047384317537e-02,5.344235442044531319e-03,1.158186835679599680e+00,8.995883062388245754e-01,1.616045330620445308e-01,1.059465041267913188e+00,2.782018379160817734e-01,1.708498907995043836e-01,-3.208597399391299038e-02,2.432785252103309148e-01,2.287158525836192891e-01,-4.996590923511228660e-02,-6.779040018809889823e-02,-4.896870190921520094e-01,8.864221090098463665e-03,-2.568315855734437658e-01,1.241770726973271885e-02,-5.835505820365084403e-03,1.560035083828648361e-01,-4.692313838178952534e-01,6.962077806296203090e-04,1.079877435647227796e-01,8.518944637951467169e-02,4.023444886150544519e-01,-2.877059810611996837e-02
7.700000000000000000e+03,5.828081047384317537e-02,5.344235442044531319e-03,1.158186835679599680e+00,8.995883062388245754e-01,1.623561588058567706e-01,9.185473649191499002e-01,2.777484800018586997e-01,1.101784710093072772e-01,-3.208597399391299038e-02,2.661392302214195538e-01,2.287158525836192891e-01,-4.794650570737562373e-02,-6.938538222406664957e-02,-4.896870190921520094e-01,8.879734022507714680e-03,-2.568315855734437658e-01,1.295700375362514312e-02,-5.835505820365084403e-03,1.560035083828648361e-01,-4.729345106556384626e-01,6.962077806296203090e-04,8.364735632264051757e-02,8.544232329582274188e-02,4.023444886150544519e-01,-2.877059810611996837e-02
7.800000000000000000e+03,5.805983873040572452e-02,3.558513481592033307e-03,1.158186835679599680e+00,8.995883062388245754e-01,1.623561588058567706e-01,1.299914893949847050e+00,2.777484800018586997e-01,1.101784710093072772e-01,-3.208597399391299038e-02,3.308877207470501958e-01,2.170794411327364171e-01,-6.104407052079170726e-02,-6.779040018809889823e-02,-4.896870190921520094e-01,8.895977997591439368e-03,-1.601192657501269712e-01,1.295700375362514312e-02,-5.835505820365084403e-03,1.560035083828648361e-01,-4.728370296818115714e-01,6.980629175281551774e-04,8.364735632264051757e-02,8.519330142081743551e-02,4.023444886150544519e-01,-2.877059810611996837e-02
7.900000000000000000e+03,5.828081047384317537e-02,3.558513481592033307e-03,8.385544031030017775e-01,8.995883062388245754e-01,1.623561588058567706e-01,1.298127834376543221e+00,2.777484800018586997e-01,6.534029121007263463e-02,-3.201558051621254675e-02,2.354903496678071861e-01,2.324590246690724504e-01,-3.918003620641330453e-02,-6.779040018809889823e-02,-4.896870190921520094e-01,5.849197895190240068e-03,-1.335106950286700789e-01,1.295700375362514312e-02,-5.835505820365084403e-03,1.593890792375869947e-01,-4.729345106556384626e-01,6.962077806296203090e-04,8.342883829952056629e-02,8.544232329582274188e-02,4.023444886150544519e-01,-2.529158015368304299e-02
8.000000000000000000e+03,5.828081047384317537e-02,3.558513481592033307e-03,6.757635138998671076e-01,8.524931991374127271e-01,1.623561588058567706e-01,1.299914893949847050e+00,2.848855082397248606e-01,6.857344836305627467e-02,-3.195525579407645228e-02,2.354903496678071861e-01,2.328517866377317891e-01,-3.918003620641330453e-02,-6.779040018809889823e-02,-4.896870190921520094e-01,5.858825957436245534e-03,-1.334046350343486564e-01,1.297084365710909730e-02,-5.835505820365084403e-03,1.560035083828648361e-01,-4.673060326797478514e-01,6.962077806296203090e-04,1.045418478553248737e-01,8.544232329582274188e-02,4.070697122019075187e-01,-2.567320035391170222e-02
8.100000000000000000e+03,5.280682687916993939e-02,3.566623652921597967e-03,6.750147580676562065e-01,8.524931991374127271e-01,1.623561588058567706e-01,1.299914893949847050e+00,3.091055417507921343e-01,6.534029121007263463e-02,-1.705680402632165499e-02,2.354903496678071861e-01,3.277152414047858620e-01,-3.918003620641330453e-02,-6.779040018809889823e-02,-4.896870190921520094e-01,5.830976629043340721e-03,-1.334976530945641560e-01,1.297671898435831528e-02,-5.835505820365084403e-03,1.560035083828648361e-01,-4.729345106556384626e-01,5.876100006043382144e-04,1.045418478553248737e-01,8.544232329582274188e-02,4.091054632153054982e-01,-2.529158015368304299e-02
8.200000000000000000e+03,5.763165045798243624e-02,3.558513481592033307e-03,5.412209877004381386e-01,8.524931991374127271e-01,1.623561588058567706e-01,1.299914893949847050e+00,3.098651070722561185e-01,6.534029121007263463e-02,-1.702357344817896981e-02,3.201323898048577532e-01,3.264907973228928229e-01,-3.918003620641330453e-02,-6.779040018809889823e-02,-4.897226102753099997e-01,4.816680604102730780e-03,-1.269795086717284971e-01,1.475172699747093197e-02,-5.835505820365084403e-03,1.560035083828648361e-01,-4.729345106556384626e-01,5.876100006043382144e-04,1.045418478553248737e-01,8.544232329582274188e-02,4.070697122019075187e-01,-2.529158015368304299e-02
8.300000000000000000e+03,5.280682687916993939e-02,3.800404895052551888e-03,3.693244888076063770e-01,8.485693035692211117e-01,1.623561588058567706e-01,1.299914893949847050e+00,3.098651070722561185e-01,5.797799589872609793e-02,-1.841981644443303409e-02,3.201323898048577532e-01,3.264907973228928229e-01,-3.932300275569911019e-02,-6.779040018809889823e-02,-4.896870190921520094e-01,4.816680604102730780e-03,-7.145641195809641910e-02,1.295700375362514312e-02,-5.835505820365084403e-03,1.560035083828648361e-01,-4.729345106556384626e-01,5.876100006043382144e-04,1.189999237048681990e-01,8.612779676170552456e-02,4.086014614174527382e-01,-2.529158015368304299e-02
8.400000000000000000e+03,5.280682687916993939e-02,4.157967471562508920e-03,3.693244888076063770e-01,1.085006565584677451e+00,1.623561588058567706e-01,1.299914893949847050e+00,3.098651070722561185e-01,4.050728570592090211e-02,-1.847001660853031177e-02,3.201323898048577532e-01,3.160245940954278243e-01,-3.918003620641330453e-02,-6.779040018809889823e-02,-4.910155212480528664e-01,4.816680604102730780e-03,-7.145641195809641910e-02,1.297688881790578889e-02,-5.835505820365084403e-03,1.560035083828648361e-01,-4.729345106556384626e-01,5.876100006043382144e-04,1.367019408119731771e-01,8.612779676170552456e-02,4.070697122019075187e-01,-2.529158015368304299e-02
8.500000000000000000e+03,5.280682687916993939e-02,4.157967471562508920e-03,3.693244888076063770e-01,8.524931991374127271e-01,1.430798562619901015e-01,1.299914893949847050e+00,3.098651070722561185e-01,4.050728570592090211e-02,-1.847001660853031177e-02,3.201323898048577532e-01,3.356239339805076605e-01,-3.914125845288487365e-02,-6.779040018809889823e-02,-4.896870190921520094e-01,4.829238355358407217e-03,-3.606769614964167731e-02,1.250060267543257921e-02,-5.835505820365084403e-03,1.692814201553833886e-01,-3.393987089325522510e-01,8.669633538051095588e-04,1.448496779846930316e-01,8.612779676170553844e-02,4.063005987705047284e-01,-3.573127813759237326e-02
8.600000000000000000e+03,4.343367019004838042e-02,4.390055484600182377e-03,3.693244888076063770e-01,8.524931991374127271e-01,1.623561588058567706e-01,1.299914893949847050e+00,3.098651070722561185e-01,4.050728570592090211e-02,-1.847001660853031177e-02,3.223879448318665020e-01,3.264907973228928229e-01,-3.759163429213697311e-02,-6.779040018809889823e-02,-4.896870190921520094e-01,4.816680604102730780e-03,-3.606769614964167731e-02,1.406894267393487066e-02,-5.835505820365084403e-03,1.560035083828648361e-01,-4.567646131326062453e-01,8.669633538051095588e-04,1.328785284370171682e-01,8.612779676170552456e-02,4.070697122019075187e-01,-3.573127813759236632e-02
8.700000000000000000e+03,4.358813126659250026e-02,4.390055484600182377e-03,4.011766201698991341e-01,8.524931991374127271e-01,1.623767350558789901e-01,1.936388942788360268e+00,3.098651070722561185e-01,4.050728570592090211e-02,-1.847001660853031177e-02,3.194699163697125588e-01,3.250599229330124462e-01,-2.106682518836968873e-02,-6.779040018809889823e-02,-4.896870190921520094e-01,7.086534576474348528e-03,-3.669782045637894063e-02,1.291095549554178469e-02,-5.835505820365084403e-03,1.559723667399539049e-01,-4.585564383132259558e-01,8.665956009043435972e-04,1.328785284370171682e-01,8.612779676170552456e-02,4.070697122019075187e-01,-3.570718903572172448e-02
8.800000000000000000e+03,4.358813126659250026e-02,4.545280386303241632e-03,4.011766201698991341e-01,8.524931991374127271e-01,1.619561326246922728e-01,1.943662407704698003e+00,3.064136597736716316e-01,4.050728570592090211e-02,-1.680264590080188941e-02,3.201323898048577532e-01,3.271323659919017635e-01,-2.109000295574616629e-02,-6.779040018809889823e-02,-4.896870190921520094e-01,6.655186561426317329e-03,-3.669782045637894063e-02,8.562088927663332252e-03,-5.835505820365084403e-03,1.560035083828648361e-01,-4.508580213356981892e-01,8.669633538051095588e-04,1.328785284370171682e-01,8.612779676170552456e-02,4.261839465263674298e-01,-3.573127813759236632e-02
8.900000000000000000e+03,4.358813126659250026e-02,4.390055484600182377e-03,4.011766201698991341e-01,8.524931991374127271e-01,1.623767350558789901e-01,1.935156543997726519e+00,1.610273526612733541e-01,4.050728570592090211e-02,-1.468443216788471554e-02,3.193175594407059448e-01,3.864920454853264520e-01,-2.115749123067162119e-02,-6.779040018809889823e-02,-4.896870190921520094e-01,6.626176225524419566e-03,-3.669782045637894063e-02,6.621474371158744820e-03,-5.835505820365084403e-03,1.560035083828648361e-01,-2.885220869396289967e-01,4.839608493165252251e-04,1.323596382451800446e-01,8.612779676170552456e-02,4.500767394319431514e-01,-3.573127813759236632e-02
9.000000000000000000e+03,4.358813126659250026e-02,4.394818686667524045e-03,4.021794710538395545e-01,8.524931991374127271e-01,1.623767350558789901e-01,1.936388942788360268e+00,1.610273526612733541e-01,4.050728570592090211e-02,-1.471843251614136060e-02,3.201323898048577532e-01,3.877802355782426491e-01,-2.112854408006665727e-02,-6.779040018809889823e-02,-4.896870190921520094e-01,6.626176225524419566e-03,-3.669782045637894063e-02,6.609455809023709327e-03,-5.835505820365084403e-03,1.560035083828648361e-01,-3.427379056460292395e-01,4.839608493165252251e-04,1.710401248819511666e-01,8.612779676170552456e-02,4.500767394319431514e-01,-3.738753100933087797e-02
9.100000000000000000e+03,4.358813126659250026e-02,4.409337833344228845e-03,4.011766201698991341e-01,5.347299566832420803e-01,1.623767350558789901e-01,1.936388942788360268e+00,1.467876151112090244e-01,4.050728570592090211e-02,-1.471843251614136060e-02,3.201323898048577532e-01,3.864113647141069197e-01,-2.111312147662519970e-02,-6.779040018809889823e-02,-3.707325884467447819e-01,6.626176225524419566e-03,-3.775102923149120659e-02,1.133432775521936615e-02,-5.847033816351917233e-03,1.560035083828648361e-01,-3.412387249272829659e-01,4.839608493165252251e-04,1.713109938352368189e-01,8.801698201989065218e-02,4.500767394319431514e-01,-5.063755398323896428e-02
9.200000000000000000e+03,2.083744208270475740e-02,4.390055484600182377e-03,4.011766201698991341e-01,5.333497015636030625e-01,1.617382216824640728e-01,1.936388942788360268e+00,1.610273526612733541e-01,4.050728570592090211e-02,-1.468338847189179508e-02,3.201323898048577532e-01,5.683416632948741221e-01,-1.492318877029644685e-02,-6.779040018809889823e-02,-3.707325884467447819e-01,3.701381691620190487e-03,-3.676348471062641787e-02,1.127887751683488010e-02,-5.835505820365084403e-03,1.560035083828648361e-01,-3.412387249272829659e-01,4.839608493165252251e-04,1.713109938352368189e-01,8.612779676170552456e-02,4.496469282174922477e-01,-5.063755398323896428e-02
9.300000000000000000e+03,2.086395001009287015e-02,4.390055484600182377e-03,4.011766201698991341e-01,5.339591555182729987e-01,1.623767350558789901e-01,1.420211280130332376e+00,1.610273526612733541e-01,2.905555687855721630e-02,-1.475945028464082688e-02,3.201323898048577532e-01,5.727948678984673414e-01,-1.182822241713206608e-02,-6.779040018809889823e-02,-3.707325884467447819e-01,3.701381691620190487e-03,-2.860910419981278763e-02,1.133432775521936615e-02,-5.835505820365084403e-03,1.560035083828648361e-01,-3.405897357301445050e-01,4.839608493165252251e-04,1.713109938352368189e-01,8.612779676170552456e-02,2.777949508506358245e-01,-5.063755398323896428e-02
9.400000000000000000e+03,2.086395001009287015e-02,4.420395742654915569e-03,4.011766201698991341e-01,7.569700958950861258e-01,9.280921681787111799e-02,1.420211280130332376e+00,1.610273526612733541e-01,2.905555687855721630e-02,-1.471843251614136060e-02,3.216916504311566616e-01,8.330308818072054144e-01,-1.182822241713206608e-02,-6.779040018809889823e-02,-3.707325884467447819e-01,3.701381691620190487e-03,-2.851732331636798456e-02,1.137893619842958448e-02,-5.835505820365084403e-03,1.560035083828648361e-01,-4.900889953053138570e-01,5.037285525772360831e-04,1.713109938352368189e-01,8.612779676170552456e-02,2.896550698511290434e-01,-4.795681381639561869e-02
9.500000000000000000e+03,2.086395001009287015e-02,3.131723470612583944e-03,4.011766201698991341e-01,7.848464634421882247e-01,9.280921681787111799e-02,1.420211280130332376e+00,1.610273526612733541e-01,2.896287098403937249e-02,-1.475393641153746951e-02,3.496057057134081547e-01,9.022024653200148014e-01,-1.182822241713206608e-02,-6.779040018809889823e-02,-3.707325884467447819e-01,4.278276788959314673e-03,-2.566090936639336961e-02,1.136064834149548737e-02,-5.835505820365084403e-03,1.560035083828648361e-01,-4.900889953053138570e-01,4.835361383278160663e-04,1.713109938352368189e-01,8.612779676170552456e-02,2.896550698511290434e-01,-5.063755398323896428e-02
9.600000000000000000e+03,2.091308784117149738e-02,3.459607000636280918e-03,4.011766201698991341e-01,7.848464634421882247e-01,9.294195833214567715e-02,1.420211280130332376e+00,1.610273526612733541e-01,2.905555687855721630e-02,-1.471843251614136060e-02,3.891118625212726112e-01,8.330308818072054144e-01,-1.184701584666805925e-02,-6.779040018809889823e-02,-4.798110017346549072e-01,2.244433446108438056e-03,-2.562025204400973991e-02,8.361903236237313089e-03,-5.835505820365084403e-03,1.560035083828648361e-01,-4.900889953053138570e-01,4.839608493165252251e-04,1.713109938352367911e-01,5.271714477639628804e-02,3.735385160106046709e-01,-5.063755398323896428e-02
9.700000000000000000e+03,1.990124144739536041e-02,3.459607000636280918e-03,4.011766201698991341e-01,7.848464634421882247e-01,6.733975347563729563e-02,1.676328583746661494e+00,2.335807130764729900e-01,2.905555687855721630e-02,-1.471843251614136060e-02,3.891118625212726112e-01,8.308569925220552488e-01,-1.187151443879706086e-02,-6.779040018809889823e-02,-4.798110017346548517e-01,1.397710043219108989e-03,-1.694150300487318531e-02,8.364027137464572284e-03,-5.835505820365084403e-03,1.560035083828648361e-01,-4.922483927442962148e-01,4.839608493165252251e-04,1.720854211335813566e-01,3.891472767818782152e-02,4.028516363625301855e-01,-5.063755398323896428e-02
9.800000000000000000e+03,1.990124144739536041e-02,3.459607000636280918e-03,4.011766201698991341e-01,7.878655946077853800e-01,6.733975347563729563e-02,1.676328583746661494e+00,2.335807130764729900e-01,2.905555687855721630e-02,-1.469250865881005161e-02,3.891118625212726112e-01,8.330308818072054144e-01,-1.188499279452469304e-02,-6.779040018809889823e-02,-2.617652530521905052e-01,1.392929490668393284e-03,-1.653039200699862529e-02,8.352568561463172281e-03,-5.835505820365084403e-03,1.537360096051594849e-01,-4.966756147068349669e-01,4.839608493165252251e-04,1.720505773726540844e-01,3.894186751347428893e-02,3.659996239336597568e-01,-5.063755398323896428e-02
9.900000000000000000e+03,1.990124144739536041e-02,3.637407849472266020e-03,4.011766201698991341e-01,7.848464634421882247e-01,6.733975347563729563e-02,1.676328583746661494e+00,2.337571660452124611e-01,2.905555687855721630e-02,-1.471843251614136060e-02,4.072005271774256641e-01,4.557326855817481759e-01,-1.188262448632069687e-02,-6.779040018809889823e-02,-2.617652530521905607e-01,1.397710043219108989e-03,-1.646742446088025544e-02,1.051634602727855722e-02,-5.835505820365084403e-03,1.560035083828648361e-01,-6.279612493783907068e-01,3.976446935475857385e-04,1.713109938352367911e-01,3.904712748365968267e-02,2.766496856625498824e-01,-6.994691082348485078e-02
